{"stats":{"minecraft:killed":{"mca:female_zombie_villager":1,"specialmobs:skeleton":20,"naturalist:deer":2,"naturalist:bass":4,"specialmobs:zombie":12,"specialmobs:madscientistzombie":1,"minecraft:pig":1,"specialmobs:fishingzombie":2,"specialmobs:waterspider":2,"specialmobs:silverfish":1,"specialmobs:watercavespider":2,"specialmobs:enderman":1,"minecraft:sheep":1,"specialmobs:creeper":1,"specialmobs:bruteskeleton":3,"specialmobs:gatlingskeleton":1,"specialmobs:mothercavespider":1,"specialmobs:webcavespider":1,"specialmobs:giantzombie":2,"endofherobrine:sheep":4,"specialmobs:cavespider":5,"specialmobs:drowningcreeper":1},"minecraft:picked_up":{"minecraft:fishing_rod":1,"travelersbackpack:bat":1,"naturalist:venison":6,"minecraft:wooden_pickaxe":3,"minecraft:enchanted_book":1,"minecraft:stone_brick_stairs":12,"minecraft:string":16,"minecraft:item_frame":3,"minecraft:activator_rail":4,"minecraft:cobbled_deepslate":100,"immersive_armors:wooden_leggings":1,"minecraft:iron_pickaxe":1,"minecraft:stick":13,"minecraft:raw_iron":48,"minecraft:oak_fence":1,"minecraft:torch":36,"luminousworld:savannah_soil":9,"minecraft:porkchop":5,"luminousworld:beastiary":2,"minecraft:carrot":92,"gobber2:gobber2_foo":1,"minecraft:arrow":14,"minecraft:rotten_flesh":13,"alexscaves:spelunkery_table":1,"minecraft:totem_of_undying":1,"minecraft:deepslate_brick_stairs":2,"minecraft:glow_berries":2,"minecraft:mutton":4,"minecraft:rail":8,"minecraft:cobblestone":29,"minecraft:cod":6,"minecraft:skeleton_skull":1,"minecraft:white_wool":2,"luminousworld:savannah_ground":5,"minecraft:lilac":1,"minecraft:cherry_planks":64,"minecraft:salmon":3,"gobber2:gobber2_gooey_beefstew":6,"spelunkers_charm:old_miners_bundle":1,"alexscaves:cave_book":1,"minecraft:tuff":6,"minecraft:oak_log":44,"minecraft:cobbled_deepslate_stairs":1,"minecraft:dirt":1,"naturalist:bass":6,"minecraft:bone":46,"minecraft:apple":2,"minecraft:stone_bricks":4,"minecraft:bow":2,"gobber2:gobber2_gooey_beef":8,"minecraft:iron_ingot":49,"minecraft:stone_pickaxe":1,"minecraft:polished_andesite_slab":4,"minecraft:oak_planks":3,"minecraft:iron_sword":1,"gobber2:gobber2_gooey_bread":4,"minecraft:amethyst_shard":2,"minecraft:white_bed":1,"spelunkers_charm:candle_on_helmet":1,"minecraft:spider_eye":3,"minecraft:pumpkin_seeds":3,"minecraft:oak_wood":1,"minecraft:diamond":17,"minecraft:stone_axe":2,"immersive_armors:wooden_chestplate":1,"minecraft:bone_meal":16,"minecraft:spruce_sign":1,"minecraft:emerald":5,"minecraft:bread":3,"minecraft:oak_sapling":21,"minecraft:melon_seeds":8,"immersive_armors:wooden_boots":1,"minecraft:coal":27,"gobber2:gobber2_goo":7},"minecraft:custom":{"minecraft:mob_kills":70,"minecraft:inspect_hopper":1,"minecraft:interact_with_crafting_table":11,"minecraft:open_barrel":5,"minecraft:bell_ring":4,"minecraft:leave_game":3,"minecraft:time_since_death":38028,"minecraft:climb_one_cm":4891,"minecraft:sprint_one_cm":436713,"minecraft:walk_one_cm":511294,"minecraft:drop":34,"minecraft:play_time":176514,"minecraft:deaths":5,"minecraft:sneak_time":14431,"minecraft:walk_under_water_one_cm":29331,"minecraft:jump":3112,"minecraft:interact_with_blast_furnace":1,"minecraft:walk_on_water_one_cm":38301,"minecraft:total_world_time":176514,"minecraft:interact_with_furnace":1,"minecraft:sleep_in_bed":3,"minecraft:time_since_rest":38051,"minecraft:damage_taken":4954,"minecraft:damage_dealt":12570,"minecraft:swim_one_cm":14781,"minecraft:fly_one_cm":583847,"minecraft:open_chest":28,"minecraft:crouch_one_cm":47569,"minecraft:fall_one_cm":97772},"minecraft:dropped":{"minecraft:porkchop":3,"minecraft:item_frame":1,"minecraft:stick":6,"minecraft:deepslate_brick_stairs":1,"minecraft:torch":1,"naturalist:bass":4,"minecraft:mutton":2,"minecraft:bone_meal":16,"minecraft:string":9,"minecraft:stone_axe":1,"minecraft:tuff":4,"minecraft:rotten_flesh":9,"gobber2:gobber2_gooey_beefstew":2,"minecraft:salmon":1,"minecraft:carrot":2,"minecraft:spider_eye":2,"minecraft:bow":1,"minecraft:arrow":5,"minecraft:wooden_pickaxe":3,"immersive_armors:wooden_helmet":1},"minecraft:killed_by":{"specialmobs:skeleton":2,"specialmobs:bruteskeleton":1,"luminousworld:savannah_zombie":1,"specialmobs:babycavespider":1},"minecraft:mined":{"minecraft:infested_deepslate":1,"alexscaves:spelunkery_table":1,"minecraft:tuff":2,"minecraft:white_bed":1,"minecraft:deepslate_diamond_ore":9,"minecraft:cobbled_deepslate_stairs":1,"minecraft:grass_block":1,"gobber2:gobber2_lucky_block":7,"minecraft:polished_andesite_slab":4,"minecraft:sculk_catalyst":1,"minecraft:carrots":9,"minecraft:iron_ore":17,"minecraft:cobbled_deepslate":2,"minecraft:fire":1,"minecraft:andesite":1,"minecraft:deepslate_iron_ore":22,"minecraft:deepslate_brick_stairs":1,"minecraft:stone":28,"minecraft:fire_coral_block":1,"luminousworld:savannah_soil":1,"minecraft:oak_fence":1,"minecraft:emerald_ore":1,"minecraft:sculk_sensor":3,"minecraft:oak_planks":1,"minecraft:sculk":66,"minecraft:wall_torch":1,"minecraft:lilac":1,"gobber2:gobber2_lucky_block_deepslate":16,"minecraft:stone_brick_stairs":12,"luminousworld:ishstone":2,"minecraft:coal_ore":17,"minecraft:oak_log":44,"specialmobs:infested_bubble_coral_block":2,"minecraft:cobweb":3,"minecraft:stone_bricks":4,"minecraft:oak_leaves":1,"minecraft:deepslate":90,"luminousworld:savannah_ground":2},"minecraft:used":{"gobber2:gobber2_goo":5,"gobber2:gobber2_gooey_bread":2,"minecraft:iron_sword":227,"luminousworld:savannah_ground":2,"travelersbackpack:bat":2,"minecraft:torch":70,"minecraft:dirt":1,"minecraft:mutton":1,"minecraft:carrot":164,"minecraft:tuff":1,"minecraft:wooden_axe":11,"minecraft:stone_brick_stairs":4,"minecraft:stone_bricks":4,"minecraft:bow":6,"luminousworld:savannah_soil":1,"minecraft:oak_sapling":21,"minecraft:furnace":1,"minecraft:cobbled_deepslate":37,"immersive_armors:wooden_helmet":1,"minecraft:stone_pickaxe":14,"minecraft:oak_planks":10,"minecraft:wooden_pickaxe":55,"minecraft:cherry_planks":20,"minecraft:spruce_sign":1,"minecraft:salmon":1,"minecraft:glow_berries":4,"minecraft:crafting_table":7,"alexscaves:cave_book":1,"minecraft:white_bed":1,"minecraft:apple":2,"minecraft:iron_pickaxe":175,"minecraft:lilac":1,"immersive_armors:wooden_boots":1,"minecraft:stone_axe":5,"minecraft:cobblestone":19,"minecraft:porkchop":1,"immersive_armors:wooden_leggings":1},"minecraft:crafted":{"minecraft:oak_planks":52,"minecraft:furnace":1,"immersive_armors:wooden_chestplate":1,"minecraft:stone_pickaxe":1,"immersive_armors:wooden_helmet":1,"minecraft:crafting_table":7,"minecraft:wooden_pickaxe":1,"immersive_armors:wooden_leggings":1,"minecraft:stone_axe":1,"immersive_armors:wooden_boots":1,"minecraft:stick":20,"minecraft:iron_pickaxe":1,"minecraft:wooden_axe":1,"minecraft:torch":68},"minecraft:broken":{"spelunkers_charm:candle_helmet":1,"aether:leather_gloves":1}},"DataVersion":3465}