{"stats":{"minecraft:killed":{"mca:female_zombie_villager":1,"specialmobs:undeadwitch":1,"specialmobs:skeleton":22,"naturalist:snail":1,"naturalist:deer":2,"specialmobs:zombie":16,"naturalist:bass":4,"specialmobs:madscientistzombie":2,"specialmobs:firespider":1,"minecraft:pig":1,"specialmobs:fishingzombie":3,"specialmobs:waterspider":2,"specialmobs:watercavespider":2,"specialmobs:silverfish":1,"specialmobs:enderman":1,"minecraft:sheep":2,"specialmobs:creeper":1,"specialmobs:bruteskeleton":3,"specialmobs:gatlingskeleton":1,"specialmobs:mothercavespider":1,"specialmobs:webcavespider":1,"specialmobs:giantzombie":2,"endofherobrine:sheep":4,"specialmobs:spider":1,"specialmobs:cavespider":6,"specialmobs:drowningcreeper":1},"minecraft:picked_up":{"minecraft:fishing_rod":1,"minecraft:crafting_table":4,"minecraft:azure_bluet":3,"travelersbackpack:bat":2,"naturalist:venison":6,"minecraft:wooden_pickaxe":3,"minecraft:enchanted_book":1,"minecraft:stone_brick_stairs":12,"minecraft:cornflower":3,"minecraft:string":26,"minecraft:cooked_salmon":1,"minecraft:item_frame":3,"minecraft:pufferfish":1,"minecraft:activator_rail":4,"minecraft:cobbled_deepslate":147,"minecraft:white_tulip":2,"immersive_armors:wooden_leggings":1,"minecraft:iron_pickaxe":1,"minecraft:sugar_cane":7,"minecraft:chest":1,"minecraft:birch_sapling":1,"minecraft:furnace":2,"minecraft:stick":32,"minecraft:raw_iron":48,"create:golden_sheet":1,"minecraft:oak_fence":1,"minecraft:torch":37,"luminousworld:savannah_soil":9,"minecraft:porkchop":5,"luminousworld:beastiary":2,"minecraft:diorite":15,"minecraft:carrot":102,"minecraft:stone_pressure_plate":1,"gobber2:gobber2_foo":1,"luminousworld:yellow_grassflowers":1,"luminousworld:grassflowers":10,"minecraft:arrow":16,"minecraft:rotten_flesh":20,"minecraft:cooked_cod":1,"minecraft:beetroot_seeds":4,"minecraft:hay_block":2,"alexscaves:spelunkery_table":1,"minecraft:totem_of_undying":1,"minecraft:deepslate_brick_stairs":2,"minecraft:glow_berries":3,"minecraft:mutton":6,"minecraft:cobblestone":68,"minecraft:rail":8,"minecraft:cod":6,"minecraft:skeleton_skull":1,"minecraft:white_wool":5,"minecraft:oxeye_daisy":3,"minecraft:birch_log":12,"benssharks:silverfish":2,"luminousworld:savannah_ground":5,"minecraft:lilac":1,"minecraft:cherry_planks":64,"minecraft:salmon":3,"minecraft:leather":2,"gobber2:gobber2_gooey_beefstew":6,"spelunkers_charm:old_miners_bundle":1,"alexscaves:cave_book":1,"minecraft:tuff":8,"minecraft:oak_log":73,"minecraft:yellow_bed":4,"minecraft:cobbled_deepslate_stairs":1,"minecraft:dirt":384,"naturalist:bass":6,"minecraft:bone":48,"minecraft:orange_tulip":15,"minecraft:apple":2,"minecraft:stone_bricks":4,"gobber2:gobber2_gooey_beef":15,"minecraft:bow":3,"minecraft:wheat_seeds":36,"minecraft:iron_ingot":49,"minecraft:stone_pickaxe":1,"twilightforest:hollow_cherry_log":1,"luminousworld:white_petunias":12,"minecraft:polished_andesite_slab":4,"minecraft:iron_sword":2,"minecraft:oak_planks":3,"gobber2:gobber2_gooey_bread":7,"minecraft:dandelion":12,"minecraft:dead_fire_coral_block":2,"minecraft:amethyst_shard":2,"minecraft:white_bed":1,"spelunkers_charm:candle_on_helmet":1,"minecraft:spider_eye":5,"minecraft:pumpkin_seeds":3,"minecraft:oak_wood":1,"minecraft:diamond":20,"minecraft:stone_axe":2,"immersive_armors:wooden_chestplate":1,"minecraft:bone_meal":16,"minecraft:emerald":5,"minecraft:spruce_sign":1,"minecraft:bread":8,"minecraft:oak_sapling":36,"minecraft:melon_seeds":8,"immersive_armors:wooden_boots":3,"minecraft:coal":52,"gobber2:gobber2_goo":11},"minecraft:mined":{"minecraft:infested_deepslate":1,"alexscaves:spelunkery_table":1,"minecraft:tuff":2,"minecraft:white_bed":1,"luminousworld:grassvariant_4":2,"minecraft:deepslate_diamond_ore":9,"minecraft:cobbled_deepslate_stairs":1,"minecraft:grass_block":198,"gobber2:gobber2_lucky_block":15,"luminousworld:grassvariant_2":28,"minecraft:polished_andesite_slab":4,"minecraft:oxeye_daisy":1,"minecraft:hay_block":2,"luminousworld:yellow_grassflowers":1,"minecraft:furnace":2,"minecraft:sculk_catalyst":1,"minecraft:carrots":11,"minecraft:iron_ore":17,"minecraft:cobbled_deepslate":2,"minecraft:fire":1,"minecraft:andesite":1,"minecraft:azure_bluet":1,"minecraft:deepslate_iron_ore":22,"minecraft:deepslate_brick_stairs":1,"minecraft:white_tulip":2,"minecraft:stone":60,"minecraft:fire_coral_block":1,"luminousworld:savannah_soil":1,"minecraft:dandelion":4,"twilightforest:hollow_cherry_log_vertical":1,"minecraft:oak_fence":1,"minecraft:crafting_table":3,"minecraft:cornflower":1,"minecraft:torch":1,"minecraft:emerald_ore":1,"minecraft:chest":1,"minecraft:tall_grass":9,"minecraft:sculk_sensor":3,"luminousworld:grassflowers":3,"minecraft:cobblestone":8,"spelunkers_charm:rock_pile_2":1,"minecraft:sugar_cane":3,"minecraft:oak_planks":1,"minecraft:sculk":75,"minecraft:wall_torch":1,"minecraft:birch_log":14,"minecraft:lilac":1,"minecraft:orange_tulip":16,"minecraft:birch_leaves":3,"gobber2:gobber2_lucky_block_deepslate":16,"minecraft:yellow_bed":4,"minecraft:stone_brick_stairs":12,"minecraft:grass":129,"minecraft:oak_log":73,"minecraft:coal_ore":32,"specialmobs:infested_bubble_coral_block":2,"luminousworld:ishstone":2,"minecraft:dirt":60,"luminousworld:grassvariant_3":19,"minecraft:cobweb":3,"minecraft:stone_bricks":4,"minecraft:oak_leaves":2,"minecraft:deepslate":90,"luminousworld:savannah_ground":2},"minecraft:dropped":{"minecraft:porkchop":3,"luminousworld:white_petunias":8,"minecraft:crafting_table":1,"minecraft:item_frame":1,"minecraft:stick":6,"minecraft:pufferfish":1,"minecraft:oxeye_daisy":2,"minecraft:deepslate_brick_stairs":1,"minecraft:diorite":4,"minecraft:torch":1,"naturalist:bass":4,"minecraft:cornflower":2,"minecraft:mutton":2,"minecraft:bone_meal":16,"minecraft:string":14,"minecraft:white_wool":1,"minecraft:dandelion":8,"minecraft:stone_axe":1,"minecraft:tuff":4,"minecraft:rotten_flesh":12,"minecraft:azure_bluet":2,"gobber2:gobber2_gooey_beefstew":2,"minecraft:salmon":1,"minecraft:carrot":2,"luminousworld:grassflowers":6,"minecraft:oak_sapling":3,"minecraft:spider_eye":3,"minecraft:bow":1,"minecraft:arrow":5,"minecraft:wooden_pickaxe":3,"immersive_armors:wooden_helmet":1,"create:golden_sheet":1},"minecraft:used":{"gobber2:gobber2_goo":9,"minecraft:iron_shovel":254,"gobber2:gobber2_gooey_bread":3,"minecraft:chest":2,"minecraft:shield":1,"minecraft:iron_sword":274,"luminousworld:savannah_ground":2,"travelersbackpack:bat":3,"minecraft:torch":71,"minecraft:dirt":207,"minecraft:mutton":3,"minecraft:carrot":176,"minecraft:tuff":1,"minecraft:wooden_axe":11,"minecraft:iron_axe":12,"minecraft:birch_sapling":1,"minecraft:iron_helmet":1,"minecraft:stone_brick_stairs":4,"minecraft:stone_bricks":4,"gobber2:gobber2_gooey_beef":6,"minecraft:bow":6,"benssharks:silverfish":2,"luminousworld:savannah_soil":1,"minecraft:oak_sapling":21,"minecraft:furnace":3,"hamsters:hamster":2,"minecraft:stone_pressure_plate":1,"minecraft:iron_leggings":1,"minecraft:cobbled_deepslate":37,"immersive_armors:wooden_helmet":1,"twilightforest:hollow_cherry_log":1,"minecraft:diorite":9,"minecraft:stone_pickaxe":14,"minecraft:baked_potato":2,"minecraft:oak_planks":10,"minecraft:wooden_pickaxe":55,"minecraft:cherry_planks":20,"minecraft:spruce_sign":1,"minecraft:sugar_cane":7,"minecraft:salmon":1,"minecraft:glow_berries":5,"minecraft:crafting_table":11,"alexscaves:cave_book":1,"minecraft:white_bed":1,"minecraft:apple":2,"minecraft:bread":11,"minecraft:iron_pickaxe":240,"immersive_armors:wooden_boots":1,"minecraft:lilac":1,"minecraft:stone_axe":5,"minecraft:cobblestone":39,"minecraft:porkchop":1,"minecraft:yellow_bed":4,"immersive_armors:wooden_leggings":1},"minecraft:killed_by":{"specialmobs:skeleton":2,"minecraft:warden":1,"specialmobs:bruteskeleton":1,"luminousworld:savannah_zombie":1,"specialmobs:babycavespider":1},"minecraft:crafted":{"minecraft:oak_planks":52,"minecraft:furnace":1,"immersive_armors:wooden_chestplate":2,"minecraft:iron_axe":1,"minecraft:stone_pickaxe":1,"minecraft:chest":1,"immersive_armors:wooden_helmet":1,"minecraft:wheat":18,"minecraft:crafting_table":8,"minecraft:iron_helmet":1,"minecraft:wooden_pickaxe":1,"minecraft:iron_sword":1,"immersive_armors:wooden_leggings":1,"minecraft:birch_planks":32,"minecraft:stone_axe":1,"minecraft:bread":6,"immersive_armors:wooden_boots":2,"minecraft:shield":1,"minecraft:stick":36,"minecraft:iron_leggings":1,"minecraft:iron_shovel":1,"minecraft:iron_pickaxe":2,"minecraft:wooden_axe":1,"minecraft:torch":68},"minecraft:custom":{"minecraft:interact_with_smithing_table":1,"minecraft:mob_kills":84,"minecraft:inspect_hopper":1,"minecraft:interact_with_crafting_table":24,"minecraft:open_barrel":7,"minecraft:bell_ring":4,"minecraft:leave_game":5,"minecraft:time_since_death":109743,"minecraft:climb_one_cm":7110,"minecraft:sprint_one_cm":808098,"minecraft:walk_one_cm":873449,"minecraft:damage_blocked_by_shield":60,"minecraft:drop":58,"minecraft:talked_to_villager":1,"minecraft:play_time":290598,"minecraft:deaths":6,"minecraft:sneak_time":27039,"minecraft:walk_under_water_one_cm":53748,"minecraft:jump":5923,"minecraft:interact_with_blast_furnace":1,"minecraft:walk_on_water_one_cm":53164,"minecraft:total_world_time":290598,"minecraft:interact_with_furnace":11,"minecraft:sleep_in_bed":8,"minecraft:time_since_rest":11790,"minecraft:damage_taken":6257,"minecraft:damage_dealt":14975,"minecraft:swim_one_cm":27408,"minecraft:fly_one_cm":1199421,"minecraft:open_chest":45,"minecraft:crouch_one_cm":94931,"minecraft:fall_one_cm":201599},"minecraft:broken":{"minecraft:iron_shovel":1,"spelunkers_charm:candle_helmet":1,"minecraft:iron_sword":1,"aether:leather_gloves":1}},"DataVersion":3465}