{"stats":{"minecraft:killed":{"specialmobs:skeleton":31,"naturalist:snail":1,"specialmobs:webspider":1,"specialmobs:firespider":1,"specialmobs:palecavespider":1,"specialmobs:fishingzombie":4,"minecraft:pig":1,"specialmobs:firecavespider":1,"specialmobs:watercavespider":2,"specialmobs:enderman":1,"minecraft:sheep":2,"naturalist:hippo":2,"luminousworld:savannah_skeleton":4,"specialmobs:bruteskeleton":4,"specialmobs:gatlingskeleton":1,"specialmobs:mothercavespider":1,"specialmobs:giantzombie":2,"cave_dweller:cave_dweller":1,"endofherobrine:cow":1,"specialmobs:spider":1,"specialmobs:cavespider":12,"mca:female_zombie_villager":1,"specialmobs:undeadwitch":1,"specialmobs:huskzombie":1,"specialmobs:desertcavespider":1,"specialmobs:doomcreeper":1,"naturalist:deer":3,"specialmobs:zombie":24,"naturalist:bass":9,"specialmobs:madscientistzombie":2,"luminousworld:savannah_zombie":5,"specialmobs:plaguezombie":2,"graveyard:ghoul":2,"specialmobs:waterspider":2,"specialmobs:spitfireskeleton":1,"specialmobs:silverfish":1,"specialmobs:creeper":1,"specialmobs:fireskeleton":1,"specialmobs:webcavespider":1,"specialmobs:weatheredskeleton":1,"endofherobrine:sheep":4,"specialmobs:drowningcreeper":1},"minecraft:picked_up":{"minecraft:iron_chestplate":2,"minecraft:wheat":93,"travelersbackpack:bat":4,"minecraft:flower_pot":1,"minecraft:enchanted_book":2,"minecraft:stone_brick_stairs":12,"minecraft:string":98,"minecraft:raw_copper":34,"minecraft:cooked_salmon":1,"minecraft:iron_leggings":3,"minecraft:pufferfish":1,"minecraft:sea_pickle":2,"minecraft:activator_rail":4,"minecraft:gold_nugget":3,"minecraft:cobbled_deepslate":249,"minecraft:white_tulip":2,"minecraft:calcite":361,"minecraft:iron_pickaxe":3,"minecraft:furnace":4,"minecraft:iron_boots":2,"minecraft:stick":151,"minecraft:composter":4,"minecraft:oak_fence":2,"minecraft:torch":109,"minecraft:porkchop":5,"luminousworld:savannah_soil":33,"minecraft:diorite":76,"gobber2:gobber2_foo":4,"luminousworld:grassflowers":10,"minecraft:rotten_flesh":32,"luminousworld:yellow_grassflowers":1,"create:scoria":9,"minecraft:carved_pumpkin":1,"create:veridium":15,"minecraft:deepslate_brick_stairs":2,"minecraft:cod":6,"minecraft:cobblestone":657,"minecraft:birch_log":12,"benssharks:silverfish":2,"luminousworld:savannah_ground":18,"minecraft:lilac":1,"minecraft:cherry_planks":64,"minecraft:water_bucket":1,"minecraft:potato":9,"alexscaves:cave_book":1,"minecraft:tuff":8,"create:raw_zinc":16,"minecraft:dirt":771,"minecraft:lantern":3,"minecraft:name_tag":2,"minecraft:bone":65,"minecraft:stonecutter":1,"minecraft:orange_tulip":15,"minecraft:bow":8,"gobber2:gobber2_gooey_beef":23,"minecraft:wheat_seeds":311,"minecraft:cobbled_deepslate_slab":2,"minecraft:raw_gold":22,"luminousworld:elephant_grass":1,"twilightforest:hollow_cherry_log":1,"minecraft:glowstone_dust":2,"minecraft:moss_block":3,"minecraft:oak_planks":14,"gobber2:gobber2_gooey_bread":17,"minecraft:sand":5,"minecraft:stripped_spruce_log":69,"spelunkers_charm:candle_on_helmet":1,"minecraft:barrel":1,"minecraft:spruce_fence_gate":2,"naturalist:antler":1,"minecraft:diamond":27,"minecraft:bone_meal":28,"minecraft:spruce_sign":1,"minecraft:emerald":5,"minecraft:bread":111,"minecraft:oak_sapling":104,"gobber2:gobber2_goo":25,"minecraft:fishing_rod":1,"luminousworld:groundpebbles_1":4,"minecraft:charcoal":2,"minecraft:crafting_table":8,"minecraft:coarse_dirt":1,"minecraft:azure_bluet":3,"naturalist:venison":8,"minecraft:wooden_pickaxe":3,"minecraft:shield":2,"minecraft:cornflower":3,"minecraft:item_frame":3,"minecraft:iron_shovel":2,"immersive_armors:wooden_leggings":1,"minecraft:iron_nugget":2,"minecraft:poppy":6,"minecraft:spruce_slab":14,"minecraft:birch_sapling":1,"minecraft:sugar_cane":7,"minecraft:chest":5,"minecraft:spruce_trapdoor":15,"minecraft:raw_iron":246,"create:golden_sheet":1,"minecraft:spruce_fence":10,"luminousworld:beastiary":2,"minecraft:carrot":102,"minecraft:stone_pressure_plate":1,"minecraft:tnt":1,"minecraft:arrow":34,"minecraft:cooked_cod":1,"minecraft:beetroot_seeds":4,"minecraft:hay_block":7,"alexscaves:spelunkery_table":2,"minecraft:totem_of_undying":1,"minecraft:glow_berries":11,"minecraft:mutton":6,"minecraft:white_wool":5,"minecraft:skeleton_skull":1,"minecraft:rail":42,"minecraft:oxeye_daisy":3,"minecraft:salmon":3,"luminousworld:ishstone":463,"gobber2:gobber2_gooey_beefstew":10,"minecraft:leather":2,"spelunkers_charm:old_miners_bundle":2,"minecraft:oak_log":203,"minecraft:yellow_bed":5,"minecraft:cobbled_deepslate_stairs":1,"minecraft:gunpowder":2,"minecraft:paper":6,"naturalist:bass":11,"minecraft:apple":7,"minecraft:stone_bricks":10,"minecraft:iron_ingot":74,"minecraft:stone_pickaxe":1,"minecraft:glass_bottle":2,"minecraft:polished_andesite_slab":4,"luminousworld:white_petunias":13,"minecraft:iron_sword":4,"minecraft:oak_slab":4,"minecraft:dandelion":17,"minecraft:lava_bucket":1,"minecraft:dead_fire_coral_block":2,"minecraft:amethyst_shard":4,"minecraft:white_bed":1,"minecraft:spruce_log":18,"naturalist:cooked_bass":6,"minecraft:spider_eye":10,"minecraft:pumpkin_seeds":3,"minecraft:oak_wood":1,"luminousworld:ishbrick":1,"minecraft:stone_axe":4,"immersive_armors:wooden_chestplate":1,"minecraft:iron_helmet":2,"minecraft:brown_banner":2,"minecraft:melon_seeds":8,"immersive_armors:wooden_boots":3,"minecraft:coal":298},"minecraft:mined":{"luminousworld:white_petunias":1,"minecraft:white_bed":1,"minecraft:farmland":73,"minecraft:cobbled_deepslate_stairs":1,"minecraft:carved_pumpkin":1,"minecraft:spruce_trapdoor":15,"minecraft:granite":45,"minecraft:grass_block":441,"gobber2:gobber2_lucky_block":58,"minecraft:composter":4,"minecraft:oxeye_daisy":1,"luminousworld:savanna_grass_2":21,"minecraft:sculk_catalyst":1,"minecraft:cobbled_deepslate":4,"minecraft:iron_ore":118,"minecraft:fire":3,"minecraft:barrel":1,"minecraft:azure_bluet":1,"minecraft:dirt_path":2,"minecraft:deepslate_brick_stairs":1,"create:veridium":15,"minecraft:spruce_slab":14,"luminousworld:tall_deadbush":5,"twilightforest:hollow_cherry_log_vertical":1,"minecraft:torch":15,"minecraft:calcite":368,"minecraft:chest":5,"create:scoria":9,"spelunkers_charm:rock_pile_2":1,"minecraft:cobblestone":20,"minecraft:potted_oak_sapling":1,"minecraft:sugar_cane":3,"minecraft:oak_planks":4,"minecraft:wall_torch":7,"minecraft:birch_log":14,"minecraft:wheat":58,"minecraft:lilac":1,"minecraft:tnt":1,"minecraft:orange_tulip":16,"minecraft:stone_brick_stairs":12,"minecraft:grass":167,"minecraft:oak_log":239,"minecraft:dirt":72,"luminousworld:grassvariant_3":25,"minecraft:stonecutter":1,"luminousworld:savannah_grass_4":20,"minecraft:oak_leaves":63,"minecraft:deepslate":141,"luminousworld:savannah_ground":15,"minecraft:infested_deepslate":1,"create:zinc_ore":16,"alexscaves:spelunkery_table":2,"minecraft:tuff":4,"minecraft:deepslate_diamond_ore":16,"luminousworld:grassvariant_4":14,"minecraft:cobbled_deepslate_slab":1,"minecraft:spruce_fence":10,"luminousworld:grassvariant_2":38,"minecraft:polished_andesite_slab":4,"minecraft:moss_block":3,"luminousworld:groundpebbles_3":3,"minecraft:hay_block":7,"minecraft:furnace":4,"minecraft:carrots":11,"luminousworld:yellow_grassflowers":1,"minecraft:andesite":24,"minecraft:stripped_spruce_log":3,"minecraft:potatoes":3,"minecraft:deepslate_iron_ore":24,"minecraft:lantern":2,"luminousworld:groundpebbles_2":1,"minecraft:stone":607,"minecraft:white_tulip":2,"minecraft:fire_coral_block":1,"minecraft:podzol":2,"minecraft:oak_slab":4,"luminousworld:savannah_soil":31,"minecraft:dandelion":9,"minecraft:oak_fence":2,"minecraft:crafting_table":7,"minecraft:cornflower":1,"luminousworld:savannah_grass_1":28,"minecraft:emerald_ore":1,"minecraft:sculk_sensor":3,"minecraft:campfire":1,"luminousworld:grassflowers":3,"minecraft:tall_grass":22,"minecraft:copper_ore":20,"minecraft:deepslate_gold_ore":13,"minecraft:sculk":75,"minecraft:diorite":36,"luminousworld:ishbrick":1,"minecraft:coarse_dirt":1,"minecraft:sea_pickle":1,"minecraft:spruce_log":2,"minecraft:birch_leaves":3,"gobber2:gobber2_lucky_block_deepslate":16,"minecraft:yellow_bed":5,"minecraft:coal_ore":99,"specialmobs:infested_bubble_coral_block":2,"luminousworld:ishstone":253,"minecraft:gravel":15,"minecraft:cobweb":33,"minecraft:spruce_fence_gate":2,"minecraft:stone_bricks":10,"luminousworld:elephant_grass":3,"minecraft:gold_ore":5},"minecraft:dropped":{"minecraft:porkchop":3,"luminousworld:white_petunias":8,"minecraft:crafting_table":1,"minecraft:item_frame":1,"minecraft:dirt":17,"minecraft:cornflower":2,"minecraft:mutton":2,"minecraft:bone_meal":16,"minecraft:white_wool":1,"minecraft:stone_axe":1,"minecraft:rotten_flesh":12,"gobber2:gobber2_gooey_beefstew":2,"minecraft:azure_bluet":2,"minecraft:salmon":1,"minecraft:carrot":2,"luminousworld:grassflowers":6,"minecraft:arrow":5,"luminousworld:beastiary":1,"minecraft:cobblestone":10,"minecraft:stick":6,"minecraft:pufferfish":1,"minecraft:oxeye_daisy":2,"minecraft:deepslate_brick_stairs":1,"minecraft:diorite":4,"minecraft:torch":1,"naturalist:bass":4,"minecraft:string":14,"minecraft:dandelion":8,"minecraft:raw_copper":3,"minecraft:tuff":4,"minecraft:oak_sapling":3,"minecraft:spider_eye":4,"minecraft:bow":1,"minecraft:wooden_pickaxe":3,"immersive_armors:wooden_helmet":1,"create:golden_sheet":1},"minecraft:used":{"gobber2:gobber2_goo":9,"minecraft:iron_shovel":451,"minecraft:poppy":3,"minecraft:chest":7,"gobber2:gobber2_gooey_bread":5,"minecraft:shield":67,"minecraft:stone":3,"minecraft:iron_sword":516,"luminousworld:savannah_ground":5,"minecraft:mutton":3,"minecraft:carrot":176,"naturalist:cooked_bass":2,"minecraft:tuff":1,"minecraft:lava_bucket":2,"minecraft:birch_sapling":1,"minecraft:lantern":2,"minecraft:iron_helmet":1,"luminousworld:elephant_grass":1,"minecraft:stone_brick_stairs":4,"minecraft:stone_bricks":46,"minecraft:item_frame":1,"minecraft:bow":15,"benssharks:silverfish":2,"minecraft:oak_sapling":21,"minecraft:furnace":5,"minecraft:potato":12,"immersive_armors:wooden_helmet":1,"twilightforest:hollow_cherry_log":1,"minecraft:diorite":9,"minecraft:stone_pickaxe":14,"minecraft:oak_planks":90,"minecraft:wooden_pickaxe":55,"minecraft:composter":3,"luminousworld:groundpebbles_1":1,"minecraft:sugar_cane":7,"minecraft:glow_berries":13,"alexscaves:cave_book":1,"minecraft:bread":84,"minecraft:lilac":1,"minecraft:bone_meal":2,"minecraft:stone_shovel":131,"minecraft:cooked_salmon":1,"travelersbackpack:bat":19,"minecraft:torch":232,"minecraft:dirt":276,"minecraft:anvil":1,"naturalist:venison":2,"minecraft:iron_hoe":10,"minecraft:wooden_axe":11,"minecraft:iron_axe":80,"minecraft:barrel":1,"gobber2:gobber2_gooey_beef":6,"alexscaves:spelunkery_table":1,"luminousworld:savannah_soil":8,"hamsters:hamster":4,"minecraft:stone_pressure_plate":1,"minecraft:cobbled_deepslate":66,"minecraft:iron_leggings":2,"minecraft:calcite":4,"minecraft:wheat_seeds":276,"minecraft:water_bucket":1,"minecraft:birch_planks":6,"minecraft:glass_bottle":2,"minecraft:baked_potato":2,"minecraft:cherry_planks":20,"minecraft:spruce_sign":1,"minecraft:salmon":1,"minecraft:crafting_table":20,"minecraft:white_bed":1,"luminousworld:ishbrick":109,"minecraft:oak_log":2,"minecraft:apple":5,"minecraft:iron_pickaxe":1889,"immersive_armors:wooden_boots":1,"minecraft:stone_axe":30,"minecraft:potion":2,"minecraft:cobblestone":128,"minecraft:porkchop":1,"minecraft:bucket":4,"minecraft:yellow_bed":5,"immersive_armors:wooden_leggings":1},"minecraft:killed_by":{"specialmobs:skeleton":2,"naturalist:hippo":1,"minecraft:warden":1,"specialmobs:bruteskeleton":1,"luminousworld:savannah_zombie":1,"specialmobs:babycavespider":1,"cave_dweller:cave_dweller":1},"minecraft:crafted":{"minecraft:oak_planks":136,"minecraft:stone":39,"naturalist:cooked_bass":5,"immersive_armors:wooden_chestplate":2,"minecraft:bow":1,"minecraft:iron_boots":1,"minecraft:chest":2,"immersive_armors:wooden_helmet":1,"minecraft:stone_bricks":36,"luminousworld:ishbrick":108,"minecraft:crafting_table":13,"minecraft:wooden_pickaxe":1,"minecraft:iron_helmet":1,"immersive_armors:wooden_leggings":1,"minecraft:copper_ingot":11,"minecraft:birch_planks":48,"immersive_armors:wooden_boots":2,"minecraft:iron_chestplate":1,"minecraft:shield":1,"minecraft:stick":36,"minecraft:iron_ingot":62,"minecraft:iron_pickaxe":8,"minecraft:iron_block":3,"minecraft:stone_shovel":1,"minecraft:furnace":2,"minecraft:iron_axe":1,"minecraft:stone_pickaxe":1,"minecraft:wheat":243,"minecraft:iron_sword":2,"minecraft:bucket":1,"minecraft:stone_axe":2,"minecraft:bread":95,"minecraft:air":0,"minecraft:wooden_axe":1,"minecraft:iron_shovel":2,"minecraft:iron_leggings":1,"minecraft:anvil":1,"minecraft:torch":140},"minecraft:custom":{"minecraft:interact_with_crafting_table":58,"minecraft:open_barrel":23,"minecraft:bell_ring":4,"minecraft:leave_game":7,"minecraft:time_since_death":13088,"minecraft:sprint_one_cm":1423434,"minecraft:damage_blocked_by_shield":2090,"minecraft:drop":74,"minecraft:talked_to_villager":1,"minecraft:play_time":515316,"minecraft:deaths":9,"minecraft:jump":10276,"minecraft:walk_on_water_one_cm":98414,"minecraft:interact_with_furnace":38,"minecraft:sleep_in_bed":15,"minecraft:damage_dealt":26194,"minecraft:crouch_one_cm":196742,"minecraft:interact_with_smithing_table":1,"minecraft:interact_with_anvil":1,"minecraft:mob_kills":144,"minecraft:inspect_hopper":1,"minecraft:climb_one_cm":7110,"minecraft:walk_one_cm":1591313,"minecraft:sneak_time":55198,"minecraft:walk_under_water_one_cm":72968,"minecraft:interact_with_blast_furnace":1,"minecraft:total_world_time":515316,"minecraft:time_since_rest":13118,"minecraft:damage_taken":9810,"minecraft:swim_one_cm":88342,"minecraft:fly_one_cm":2029258,"minecraft:open_chest":129,"minecraft:fall_one_cm":308131},"minecraft:broken":{"minecraft:iron_shovel":1,"spelunkers_charm:candle_helmet":1,"minecraft:iron_sword":2,"minecraft:stone_shovel":1,"minecraft:iron_axe":1,"minecraft:iron_pickaxe":6,"aether:leather_gloves":1}},"DataVersion":3465}