{"stats":{"minecraft:killed":{"mca:female_zombie_villager":1,"specialmobs:fishingzombie":1,"minecraft:pig":1,"specialmobs:waterspider":1,"specialmobs:watercavespider":1,"specialmobs:skeleton":6,"minecraft:sheep":1,"naturalist:deer":2,"specialmobs:bruteskeleton":3,"specialmobs:gatlingskeleton":1,"specialmobs:zombie":6,"naturalist:bass":4,"specialmobs:giantzombie":1,"endofherobrine:sheep":4,"specialmobs:cavespider":2},"minecraft:picked_up":{"luminousworld:savannah_ground":5,"minecraft:lilac":1,"naturalist:venison":3,"minecraft:salmon":1,"minecraft:wooden_pickaxe":3,"minecraft:tuff":1,"minecraft:stone_brick_stairs":12,"minecraft:oak_log":44,"minecraft:cobbled_deepslate_stairs":1,"minecraft:dirt":1,"minecraft:string":4,"naturalist:bass":2,"minecraft:item_frame":1,"minecraft:bone":3,"minecraft:apple":2,"minecraft:stone_bricks":4,"minecraft:cobbled_deepslate":6,"minecraft:iron_ingot":26,"minecraft:polished_andesite_slab":4,"gobber2:gobber2_gooey_bread":1,"minecraft:stick":13,"minecraft:raw_iron":2,"minecraft:torch":1,"luminousworld:savannah_soil":9,"minecraft:porkchop":1,"spelunkers_charm:candle_on_helmet":1,"minecraft:white_bed":1,"minecraft:carrot":24,"minecraft:spider_eye":1,"minecraft:oak_wood":1,"minecraft:arrow":5,"minecraft:diamond":7,"minecraft:rotten_flesh":9,"minecraft:emerald":1,"minecraft:spruce_sign":1,"minecraft:white_wool":1,"minecraft:oak_sapling":21,"minecraft:glow_berries":1,"minecraft:deepslate_brick_stairs":1,"minecraft:mutton":2,"minecraft:cod":3,"minecraft:coal":17,"minecraft:skeleton_skull":1,"minecraft:cobblestone":25},"minecraft:custom":{"minecraft:mob_kills":35,"minecraft:inspect_hopper":1,"minecraft:interact_with_crafting_table":7,"minecraft:bell_ring":4,"minecraft:leave_game":2,"minecraft:time_since_death":92024,"minecraft:sleep_in_bed":2,"minecraft:climb_one_cm":3361,"minecraft:time_since_rest":70850,"minecraft:sprint_one_cm":251473,"minecraft:damage_taken":2459,"minecraft:walk_one_cm":300298,"minecraft:drop":6,"minecraft:damage_dealt":6016,"minecraft:swim_one_cm":14781,"minecraft:fly_one_cm":375765,"minecraft:open_chest":28,"minecraft:crouch_one_cm":19030,"minecraft:play_time":108668,"minecraft:deaths":1,"minecraft:sneak_time":6961,"minecraft:walk_under_water_one_cm":28083,"minecraft:jump":1947,"minecraft:walk_on_water_one_cm":23988,"minecraft:total_world_time":108668,"minecraft:fall_one_cm":62458},"minecraft:dropped":{"minecraft:stick":6,"minecraft:spider_eye":1,"minecraft:wooden_pickaxe":3,"minecraft:string":1},"minecraft:killed_by":{"luminousworld:savannah_zombie":1},"minecraft:mined":{"luminousworld:savannah_soil":1,"minecraft:white_bed":1,"minecraft:deepslate_diamond_ore":6,"minecraft:cobbled_deepslate_stairs":1,"minecraft:grass_block":1,"minecraft:polished_andesite_slab":4,"minecraft:wall_torch":1,"minecraft:carrots":9,"minecraft:lilac":1,"gobber2:gobber2_lucky_block_deepslate":1,"minecraft:stone_brick_stairs":12,"minecraft:deepslate_iron_ore":3,"specialmobs:infested_bubble_coral_block":2,"minecraft:oak_log":44,"minecraft:coal_ore":17,"minecraft:deepslate_brick_stairs":1,"minecraft:cobweb":2,"minecraft:fire_coral_block":1,"minecraft:stone":25,"minecraft:stone_bricks":4,"minecraft:deepslate":6,"minecraft:oak_leaves":1,"luminousworld:savannah_ground":2},"minecraft:used":{"minecraft:stone_pickaxe":13,"minecraft:oak_planks":9,"minecraft:wooden_pickaxe":55,"minecraft:iron_sword":105,"minecraft:spruce_sign":1,"luminousworld:savannah_ground":2,"minecraft:torch":33,"minecraft:glow_berries":1,"minecraft:dirt":1,"minecraft:mutton":1,"minecraft:crafting_table":4,"minecraft:carrot":110,"minecraft:white_bed":1,"minecraft:wooden_axe":11,"minecraft:apple":2,"minecraft:iron_pickaxe":18,"minecraft:stone_brick_stairs":4,"minecraft:lilac":1,"minecraft:stone_bricks":4,"immersive_armors:wooden_boots":1,"minecraft:cobblestone":15,"luminousworld:savannah_soil":1,"minecraft:oak_sapling":21,"immersive_armors:wooden_leggings":1,"immersive_armors:wooden_helmet":1},"minecraft:crafted":{"minecraft:oak_planks":52,"minecraft:crafting_table":4,"minecraft:wooden_pickaxe":1,"immersive_armors:wooden_leggings":1,"minecraft:stone_axe":1,"immersive_armors:wooden_chestplate":1,"immersive_armors:wooden_boots":1,"minecraft:stick":20,"minecraft:iron_pickaxe":1,"minecraft:stone_pickaxe":1,"minecraft:wooden_axe":1,"immersive_armors:wooden_helmet":1,"minecraft:torch":68},"minecraft:broken":{"spelunkers_charm:candle_helmet":1}},"DataVersion":3465}