{"stats":{"minecraft:picked_up":{"minecraft:stick":13,"minecraft:lilac":1,"minecraft:wooden_pickaxe":1,"minecraft:stone_brick_stairs":12,"minecraft:oak_log":44,"minecraft:white_bed":1,"minecraft:carrot":23,"minecraft:item_frame":1,"minecraft:apple":2,"minecraft:stone_bricks":4,"minecraft:iron_ingot":26,"minecraft:emerald":1,"minecraft:oak_sapling":21,"minecraft:glow_berries":1,"minecraft:mutton":1},"minecraft:custom":{"minecraft:time_since_rest":10362,"minecraft:sprint_one_cm":71769,"minecraft:damage_taken":629,"minecraft:walk_one_cm":104082,"minecraft:mob_kills":4,"minecraft:damage_dealt":512,"minecraft:interact_with_crafting_table":3,"minecraft:swim_one_cm":508,"minecraft:fly_one_cm":96493,"minecraft:open_chest":15,"minecraft:crouch_one_cm":7471,"minecraft:play_time":48180,"minecraft:deaths":1,"minecraft:sneak_time":2637,"minecraft:bell_ring":4,"minecraft:walk_under_water_one_cm":9603,"minecraft:jump":427,"minecraft:time_since_death":31536,"minecraft:walk_on_water_one_cm":4624,"minecraft:sleep_in_bed":2,"minecraft:climb_one_cm":1865,"minecraft:total_world_time":48180,"minecraft:fall_one_cm":13191},"minecraft:crafted":{"minecraft:oak_planks":28,"minecraft:crafting_table":2,"minecraft:wooden_pickaxe":1,"minecraft:wooden_axe":1,"immersive_armors:wooden_helmet":1,"immersive_armors:wooden_chestplate":1},"minecraft:mined":{"minecraft:white_bed":1,"minecraft:carrots":8,"minecraft:lilac":1,"minecraft:stone_brick_stairs":12,"minecraft:oak_log":44,"minecraft:stone_bricks":4,"minecraft:oak_leaves":1},"minecraft:killed_by":{"luminousworld:savannah_zombie":1},"minecraft:used":{"minecraft:wooden_axe":11,"minecraft:apple":1,"minecraft:oak_planks":9,"minecraft:wooden_pickaxe":17,"minecraft:lilac":1,"minecraft:stone_brick_stairs":4,"minecraft:stone_bricks":4,"minecraft:mutton":1,"minecraft:crafting_table":2,"minecraft:oak_sapling":21,"minecraft:carrot":34,"minecraft:white_bed":1,"immersive_armors:wooden_helmet":1},"minecraft:killed":{"endofherobrine:sheep":4}},"DataVersion":3465}