{"stats":{"minecraft:picked_up":{"minecraft:wooden_axe":1,"minecraft:charcoal":1,"minecraft:wheat":71,"minecraft:allium":1,"minecraft:flower_pot":3,"minecraft:andesite":257,"luminousworld:ishstone":1,"gobber2:gobber2_gooey_beefstew":8,"minecraft:wooden_pickaxe":1,"minecraft:potato":8,"luminousworld:bao_bob_wood":36,"minecraft:oak_log":49,"minecraft:shield":1,"minecraft:amethyst_block":3,"minecraft:lapis_lazuli":26,"minecraft:string":100,"minecraft:dirt":15,"minecraft:lantern":4,"minecraft:white_banner":3,"minecraft:raw_copper":63,"minecraft:apple":12,"minecraft:sea_pickle":2,"minecraft:bow":1,"gobber2:gobber2_gooey_beef":9,"minecraft:wheat_seeds":198,"minecraft:cobbled_deepslate":1,"minecraft:iron_ingot":4,"immersive_armors:wooden_leggings":1,"minecraft:calcite":1,"minecraft:iron_pickaxe":2,"minecraft:birch_sapling":2,"minecraft:chest":1,"minecraft:oak_planks":21,"minecraft:spruce_trapdoor":1,"gobber2:gobber2_gooey_bread":9,"minecraft:furnace":2,"luminousworld:bao_bab_sapling":7,"minecraft:stick":18,"minecraft:raw_iron":104,"luminousworld:auburnlog":6,"minecraft:oak_fence":4,"minecraft:torch":5,"minecraft:gravel":2,"minecraft:cactus":1,"minecraft:diorite":11,"minecraft:white_bed":3,"minecraft:carrot":1,"minecraft:barrel":2,"gobber2:gobber2_foo":1,"luminousworld:baobab_plank":78,"minecraft:stone_sword":1,"immersive_armors:wooden_helmet":1,"minecraft:arrow":1,"minecraft:rotten_flesh":2,"minecraft:stone_axe":1,"immersive_armors:wooden_chestplate":2,"minecraft:hay_block":8,"luminousworld:auburn_sapling":4,"minecraft:spruce_sign":1,"minecraft:bread":23,"minecraft:oak_sapling":40,"luminousworld:bao_bob_log":141,"immersive_armors:wooden_boots":2,"minecraft:coal":67,"gobber2:gobber2_goo":6,"minecraft:rail":2,"minecraft:cobblestone":73},"minecraft:custom":{"minecraft:interact_with_furnace":4,"minecraft:interact_with_anvil":1,"minecraft:mob_kills":4,"minecraft:interact_with_crafting_table":13,"minecraft:open_barrel":3,"minecraft:pot_flower":1,"minecraft:time_since_death":34717,"minecraft:sleep_in_bed":5,"minecraft:climb_one_cm":3808,"minecraft:time_since_rest":4150,"minecraft:sprint_one_cm":291716,"minecraft:damage_taken":1465,"minecraft:walk_one_cm":221752,"minecraft:damage_blocked_by_shield":1525,"minecraft:drop":9,"minecraft:damage_dealt":1327,"minecraft:swim_one_cm":15307,"minecraft:fly_one_cm":214214,"minecraft:open_chest":19,"minecraft:play_time":90501,"minecraft:crouch_one_cm":2783,"minecraft:deaths":2,"minecraft:sneak_time":1412,"minecraft:walk_under_water_one_cm":9059,"minecraft:jump":1483,"minecraft:walk_on_water_one_cm":16179,"minecraft:total_world_time":90501,"minecraft:fall_one_cm":38636},"minecraft:broken":{"minecraft:iron_pickaxe":1},"minecraft:dropped":{"minecraft:oak_fence":2,"minecraft:cobblestone":1,"minecraft:rotten_flesh":2,"minecraft:stick":1,"minecraft:flower_pot":2,"minecraft:charcoal":1,"minecraft:oak_sapling":5},"minecraft:crafted":{"minecraft:oak_planks":20,"minecraft:crafting_table":2,"minecraft:wooden_pickaxe":1,"minecraft:furnace":1,"minecraft:stone_axe":1,"minecraft:bread":24,"minecraft:bow":1,"minecraft:stick":8,"minecraft:iron_ingot":3,"minecraft:iron_pickaxe":1,"minecraft:wooden_axe":1,"minecraft:stone_sword":1,"minecraft:torch":4,"luminousworld:baobab_plank":256,"minecraft:wheat":72},"minecraft:mined":{"minecraft:white_bed":2,"luminousworld:tall_deadbush":1,"minecraft:potted_cactus":1,"minecraft:spruce_trapdoor":1,"minecraft:granite":1,"minecraft:glow_lichen":1,"minecraft:torch":3,"luminousworld:bao_bob_wood":3,"minecraft:grass_block":3,"minecraft:calcite":1,"minecraft:chest":1,"gobber2:gobber2_lucky_block":25,"luminousworld:auburnlog":7,"minecraft:tall_grass":1,"luminousworld:baobab_plank":6,"minecraft:copper_ore":19,"minecraft:cobblestone":3,"minecraft:spruce_leaves":1,"minecraft:lapis_ore":2,"minecraft:amethyst_block":3,"minecraft:diorite":16,"minecraft:hay_block":9,"minecraft:furnace":1,"minecraft:iron_ore":50,"minecraft:barrel":2,"minecraft:wheat":102,"minecraft:white_wall_banner":1,"minecraft:andesite":129,"luminousworld:bao_bob_log":174,"gobber2:gobber2_lucky_block_deepslate":1,"minecraft:grass":1,"luminousworld:ishstone":2,"minecraft:oak_log":49,"minecraft:coal_ore":40,"minecraft:vine":1,"minecraft:lantern":3,"minecraft:gravel":6,"minecraft:dirt":8,"minecraft:cobweb":48,"minecraft:smooth_basalt":1,"minecraft:stone":74,"luminousworld:savannah_grass_4":1,"minecraft:potted_allium":1,"minecraft:deepslate":1},"minecraft:used":{"minecraft:wheat_seeds":16,"gobber2:gobber2_goo":6,"minecraft:stone_sword":56,"minecraft:wooden_pickaxe":48,"minecraft:chest":1,"minecraft:shield":116,"minecraft:torch":3,"luminousworld:baobab_plank":123,"minecraft:glow_berries":6,"minecraft:dirt":10,"minecraft:crafting_table":2,"minecraft:carrot":2,"minecraft:white_bed":2,"minecraft:flower_pot":1,"minecraft:lantern":3,"minecraft:bread":8,"minecraft:iron_pickaxe":337,"gobber2:gobber2_gooey_beef":5,"minecraft:gravel":2,"immersive_armors:wooden_boots":2,"minecraft:stone_axe":24,"minecraft:cobblestone":15,"minecraft:white_banner":2,"minecraft:furnace":1,"minecraft:andesite":1},"minecraft:killed":{"minecraft:pillager":2,"specialmobs:zombie":1,"specialmobs:cavespider":1}},"DataVersion":3465}