{"stats":{"minecraft:killed":{"specialmobs:zombie":4,"specialmobs:plaguezombie":1,"specialmobs:fishingzombie":1,"minecraft:pillager":4,"specialmobs:cavespider":2,"specialmobs:flyingcavespider":1},"minecraft:picked_up":{"minecraft:wooden_axe":1,"minecraft:crafting_table":1,"minecraft:charcoal":1,"minecraft:wheat":71,"minecraft:allium":1,"luminousworld:oakshelf_1":1,"minecraft:ladder":2,"minecraft:flower_pot":4,"minecraft:wooden_pickaxe":1,"luminousworld:bao_bob_wood":36,"minecraft:shield":1,"minecraft:amethyst_block":3,"minecraft:string":100,"minecraft:raw_copper":63,"luminousworld:palm_log":17,"create:water_wheel":5,"minecraft:sea_pickle":2,"minecraft:cobbled_deepslate":6,"minecraft:spruce_planks":1,"minecraft:cobblestone_slab":1,"immersive_armors:wooden_leggings":1,"minecraft:calcite":1,"minecraft:poppy":1,"minecraft:iron_pickaxe":2,"minecraft:chest":1,"minecraft:birch_sapling":2,"minecraft:spruce_trapdoor":2,"minecraft:furnace":2,"luminousworld:bao_bab_sapling":7,"minecraft:stick":34,"minecraft:raw_iron":119,"luminousworld:auburnlog":6,"luminousworld:autumnslab":2,"minecraft:oak_fence":4,"minecraft:torch":20,"create:andesite_casing":14,"luminousworld:palm_sapling":2,"create:windmill_bearing":3,"minecraft:cherry_log":17,"create:hand_crank":5,"minecraft:diorite":11,"minecraft:carrot":1,"minecraft:redstone":19,"minecraft:blue_carpet":2,"gobber2:gobber2_foo":1,"luminousworld:baobab_plank":212,"minecraft:arrow":1,"minecraft:stone_sword":1,"immersive_armors:wooden_helmet":1,"minecraft:cactus":3,"minecraft:rotten_flesh":3,"luminousworld:baobab_slab":1,"minecraft:waxed_oxidized_cut_copper_stairs":1,"minecraft:hay_block":8,"minecraft:glow_berries":1,"minecraft:cod":4,"minecraft:cobblestone":91,"minecraft:rail":2,"minecraft:mossy_cobblestone_slab":1,"minecraft:andesite":258,"gobber2:gobber2_gooey_beefstew":9,"luminousworld:ishstone":1,"minecraft:potato":8,"create:belt_connector":2,"create:raw_zinc":17,"minecraft:oak_log":75,"minecraft:lapis_lazuli":26,"minecraft:dirt":128,"minecraft:lantern":5,"minecraft:white_banner":3,"minecraft:waxed_weathered_cut_copper":1,"minecraft:apple":14,"minecraft:kelp":140,"minecraft:bow":1,"gobber2:gobber2_gooey_beef":10,"minecraft:wheat_seeds":213,"minecraft:raw_gold":5,"minecraft:iron_ingot":16,"create:goggles":1,"create:shaft":17,"minecraft:polished_andesite_slab":1,"minecraft:moss_block":2,"minecraft:flowering_azalea":1,"minecraft:oak_planks":22,"gobber2:gobber2_gooey_bread":12,"create:large_water_wheel":1,"create:cogwheel":4,"minecraft:dandelion":6,"minecraft:gravel":2,"minecraft:white_bed":3,"minecraft:barrel":2,"create:millstone":1,"minecraft:stone_axe":2,"immersive_armors:wooden_chestplate":2,"minecraft:bone_meal":2,"minecraft:cherry_sapling":15,"luminousworld:auburn_sapling":4,"minecraft:spruce_sign":1,"minecraft:bread":24,"minecraft:oak_sapling":49,"luminousworld:bao_bob_log":141,"gobber2:gobber2_goo":7,"immersive_armors:wooden_boots":2,"minecraft:coal":84,"minecraft:andesite_slab":2},"minecraft:custom":{"minecraft:interact_with_anvil":1,"minecraft:mob_kills":13,"minecraft:animals_bred":1,"minecraft:interact_with_crafting_table":63,"minecraft:open_barrel":6,"minecraft:leave_game":3,"minecraft:time_since_death":239226,"minecraft:climb_one_cm":23506,"minecraft:sprint_one_cm":814271,"minecraft:walk_one_cm":667843,"minecraft:damage_blocked_by_shield":1525,"minecraft:drop":33,"minecraft:play_time":295010,"minecraft:deaths":2,"minecraft:sneak_time":5150,"minecraft:walk_under_water_one_cm":69402,"minecraft:jump":4930,"minecraft:walk_on_water_one_cm":71300,"minecraft:total_world_time":295010,"minecraft:interact_with_furnace":10,"minecraft:pot_flower":1,"minecraft:sleep_in_bed":17,"minecraft:time_since_rest":16882,"minecraft:damage_taken":3284,"minecraft:damage_dealt":3102,"minecraft:swim_one_cm":45930,"minecraft:fly_one_cm":805392,"minecraft:open_chest":85,"minecraft:crouch_one_cm":10126,"minecraft:interact_with_smoker":5,"minecraft:fall_one_cm":132106},"minecraft:dropped":{"minecraft:bread":1,"minecraft:wheat_seeds":2,"minecraft:oak_fence":2,"minecraft:cobblestone":1,"minecraft:stick":1,"create:andesite_casing":2,"minecraft:dirt":15,"luminousworld:auburn_sapling":4,"create:goggles":1,"minecraft:cactus":1,"minecraft:dandelion":6,"minecraft:iron_nugget":1,"minecraft:wheat":1,"minecraft:rotten_flesh":2,"minecraft:cobblestone_slab":1,"minecraft:flower_pot":2,"luminousworld:autumnslab":1,"minecraft:charcoal":1,"minecraft:oak_sapling":5,"create:hand_crank":2,"minecraft:iron_ingot":12},"minecraft:mined":{"create:zinc_ore":17,"minecraft:blue_carpet":2,"create:millstone":1,"minecraft:spruce_planks":1,"minecraft:white_bed":2,"luminousworld:baobab_slab":1,"luminousworld:grassvariant_4":6,"create:andesite_casing":12,"minecraft:cherry_log":17,"minecraft:potted_cactus":2,"minecraft:spruce_trapdoor":2,"minecraft:glow_lichen":1,"minecraft:granite":1,"luminousworld:bao_bob_wood":3,"minecraft:grass_block":99,"gobber2:gobber2_lucky_block":31,"luminousworld:grassvariant_2":7,"luminousworld:baobab_plank":81,"minecraft:polished_andesite_slab":1,"minecraft:spruce_leaves":1,"create:belt":2,"minecraft:kelp":2,"minecraft:moss_block":2,"minecraft:tall_seagrass":1,"minecraft:hay_block":9,"create:shaft":13,"minecraft:mossy_cobblestone_slab":2,"minecraft:furnace":1,"minecraft:iron_ore":65,"minecraft:cobbled_deepslate":1,"minecraft:barrel":2,"minecraft:andesite":130,"create:windmill_bearing":1,"minecraft:cobblestone_slab":1,"minecraft:vine":1,"minecraft:lantern":3,"minecraft:stone":93,"minecraft:potted_allium":1,"minecraft:deepslate_redstone_ore":4,"create:cogwheel":4,"luminousworld:oakshelf_1":2,"minecraft:flowering_azalea":1,"minecraft:kelp_plant":20,"luminousworld:tall_deadbush":1,"minecraft:dandelion":2,"minecraft:crafting_table":2,"minecraft:torch":10,"minecraft:calcite":1,"minecraft:poppy":2,"spelunkers_charm:dead_grass":1,"minecraft:chest":1,"minecraft:andesite_slab":3,"create:water_wheel":4,"luminousworld:auburnlog":7,"minecraft:spruce_wall_sign":1,"minecraft:copper_ore":19,"minecraft:tall_grass":18,"minecraft:cobblestone":5,"minecraft:deepslate_gold_ore":5,"minecraft:lapis_ore":2,"minecraft:diorite":16,"minecraft:wall_torch":5,"minecraft:amethyst_block":3,"minecraft:seagrass":6,"create:water_wheel_structure":1,"minecraft:gray_wool":1,"minecraft:cactus":1,"minecraft:stripped_spruce_wood":4,"minecraft:wheat":102,"minecraft:waxed_oxidized_cut_copper_stairs":1,"luminousworld:bao_bob_log":174,"gobber2:gobber2_lucky_block_deepslate":3,"minecraft:white_wall_banner":1,"minecraft:grass":44,"minecraft:oak_log":75,"minecraft:coal_ore":57,"luminousworld:ishstone":2,"create:hand_crank":4,"minecraft:gravel":6,"minecraft:dirt":73,"minecraft:smooth_basalt":1,"minecraft:cobweb":48,"minecraft:waxed_weathered_cut_copper":1,"luminousworld:palm_log":17,"luminousworld:autumnslab":9,"luminousworld:savannah_grass_4":1,"minecraft:deepslate":6,"minecraft:oak_leaves":13},"minecraft:crafted":{"buildersdelight:iron_chisel":1,"minecraft:oak_planks":32,"minecraft:iron_nugget":36,"minecraft:furnace":2,"minecraft:bow":1,"minecraft:iron_boots":1,"create:millstone":1,"luminousworld:baobab_slab":18,"create:cogwheel":6,"create:belt_connector":3,"minecraft:smoker":1,"minecraft:wheat":72,"luminousworld:autumnplank":24,"minecraft:oak_slab":12,"create:andesite_alloy":16,"minecraft:wooden_shovel":1,"create:hand_crank":1,"minecraft:crafting_table":3,"minecraft:dried_kelp":49,"minecraft:wooden_pickaxe":1,"minecraft:iron_helmet":1,"create:large_water_wheel":1,"minecraft:bucket":1,"minecraft:stone_axe":1,"minecraft:bread":24,"minecraft:oak_fence_gate":6,"minecraft:iron_chestplate":1,"create:water_wheel":1,"minecraft:shield":1,"minecraft:stick":16,"minecraft:iron_ingot":48,"minecraft:iron_pickaxe":1,"minecraft:wooden_axe":2,"minecraft:stone_sword":1,"minecraft:iron_leggings":1,"create:shaft":16,"minecraft:torch":8,"luminousworld:oakshelf_1":9,"luminousworld:baobab_plank":256,"luminousworld:autumnslab":18},"minecraft:used":{"minecraft:moss_block":1,"minecraft:cherry_sapling":7,"minecraft:stone_sword":79,"gobber2:gobber2_goo":7,"minecraft:ladder":2,"minecraft:poppy":1,"gobber2:gobber2_gooey_bread":2,"minecraft:chest":1,"minecraft:shield":116,"minecraft:wooden_shovel":67,"minecraft:iron_chestplate":1,"minecraft:torch":23,"minecraft:dirt":71,"create:cogwheel":8,"minecraft:carrot":2,"minecraft:oak_fence_gate":6,"minecraft:wooden_axe":35,"minecraft:flowering_azalea":1,"minecraft:lantern":4,"luminousworld:baobab_slab":15,"minecraft:iron_helmet":1,"create:millstone":2,"minecraft:mossy_cobblestone_slab":1,"gobber2:gobber2_gooey_beef":8,"create:shaft":24,"minecraft:furnace":1,"minecraft:cobbled_deepslate":1,"create:belt_connector":10,"minecraft:wheat_seeds":16,"minecraft:cactus":1,"minecraft:wooden_pickaxe":52,"luminousworld:autumnslab":19,"luminousworld:baobab_plank":165,"minecraft:glow_berries":7,"minecraft:crafting_table":4,"minecraft:white_bed":2,"minecraft:smoker":1,"luminousworld:oakshelf_1":8,"minecraft:oak_log":1,"buildersdelight:oak_slab_4":3,"minecraft:flower_pot":1,"create:windmill_bearing":3,"minecraft:bread":54,"minecraft:iron_pickaxe":475,"create:water_wheel":4,"minecraft:spruce_trapdoor":1,"minecraft:gravel":2,"create:andesite_casing":9,"create:large_water_wheel":3,"minecraft:stone_axe":96,"minecraft:blue_carpet":2,"immersive_armors:wooden_boots":2,"minecraft:cobblestone":15,"minecraft:white_banner":2,"minecraft:andesite":2,"create:hand_crank":4,"minecraft:bone_meal":1},"minecraft:broken":{"minecraft:wooden_shovel":1,"minecraft:stone_axe":1,"minecraft:iron_pickaxe":1}},"DataVersion":3465}