{"stats":{"minecraft:custom":{"minecraft:interact_with_furnace":2,"minecraft:mob_kills":2,"minecraft:interact_with_crafting_table":12,"minecraft:open_barrel":3,"minecraft:time_since_death":47572,"minecraft:sleep_in_bed":2,"minecraft:climb_one_cm":1596,"minecraft:time_since_rest":22580,"minecraft:sprint_one_cm":151641,"minecraft:damage_taken":759,"minecraft:walk_one_cm":140192,"minecraft:damage_blocked_by_shield":1525,"minecraft:damage_dealt":713,"minecraft:swim_one_cm":5232,"minecraft:fly_one_cm":115843,"minecraft:open_chest":10,"minecraft:crouch_one_cm":61,"minecraft:deaths":1,"minecraft:play_time":49533,"minecraft:sneak_time":102,"minecraft:walk_under_water_one_cm":2537,"minecraft:jump":847,"minecraft:walk_on_water_one_cm":8035,"minecraft:total_world_time":49533,"minecraft:fall_one_cm":19924},"minecraft:killed":{"minecraft:pillager":2},"minecraft:mined":{"minecraft:white_bed":1,"luminousworld:tall_deadbush":1,"minecraft:granite":1,"minecraft:spruce_trapdoor":1,"minecraft:glow_lichen":1,"luminousworld:bao_bob_wood":3,"minecraft:grass_block":3,"minecraft:calcite":1,"minecraft:chest":1,"gobber2:gobber2_lucky_block":16,"minecraft:copper_ore":13,"minecraft:cobblestone":3,"minecraft:spruce_leaves":1,"minecraft:lapis_ore":2,"minecraft:diorite":1,"minecraft:amethyst_block":3,"minecraft:hay_block":9,"minecraft:iron_ore":31,"minecraft:barrel":2,"minecraft:andesite":125,"luminousworld:bao_bob_log":174,"minecraft:coal_ore":30,"minecraft:oak_log":5,"minecraft:vine":1,"minecraft:lantern":3,"minecraft:gravel":6,"minecraft:dirt":7,"minecraft:cobweb":20,"minecraft:smooth_basalt":1,"minecraft:stone":54,"luminousworld:savannah_grass_4":1,"minecraft:potted_allium":1},"minecraft:crafted":{"minecraft:oak_planks":20,"minecraft:crafting_table":2,"minecraft:wooden_pickaxe":1,"minecraft:furnace":1,"minecraft:stone_axe":1,"minecraft:bread":24,"minecraft:bow":1,"minecraft:stick":4,"minecraft:wooden_axe":1,"minecraft:stone_sword":1,"luminousworld:baobab_plank":256,"minecraft:wheat":72},"minecraft:picked_up":{"minecraft:allium":1,"minecraft:andesite":127,"minecraft:flower_pot":1,"gobber2:gobber2_gooey_beefstew":3,"luminousworld:bao_bob_wood":36,"minecraft:oak_log":5,"minecraft:shield":1,"minecraft:amethyst_block":3,"minecraft:lapis_lazuli":13,"minecraft:string":15,"minecraft:dirt":10,"minecraft:lantern":4,"minecraft:white_banner":1,"minecraft:raw_copper":51,"minecraft:sea_pickle":2,"gobber2:gobber2_gooey_beef":4,"immersive_armors:wooden_leggings":1,"minecraft:calcite":1,"minecraft:iron_pickaxe":1,"minecraft:chest":1,"minecraft:spruce_trapdoor":1,"gobber2:gobber2_gooey_bread":7,"luminousworld:bao_bab_sapling":7,"minecraft:stick":3,"minecraft:raw_iron":31,"minecraft:oak_fence":1,"minecraft:torch":1,"minecraft:gravel":2,"minecraft:white_bed":1,"minecraft:barrel":2,"luminousworld:baobab_plank":40,"gobber2:gobber2_foo":1,"immersive_armors:wooden_helmet":1,"minecraft:rotten_flesh":2,"immersive_armors:wooden_chestplate":1,"minecraft:hay_block":8,"minecraft:spruce_sign":1,"minecraft:oak_sapling":5,"luminousworld:bao_bob_log":141,"minecraft:coal":29,"gobber2:gobber2_goo":4,"immersive_armors:wooden_boots":1,"minecraft:cobblestone":59},"minecraft:used":{"minecraft:stone_sword":23,"gobber2:gobber2_goo":4,"minecraft:wooden_pickaxe":47,"minecraft:chest":1,"minecraft:shield":116,"luminousworld:baobab_plank":80,"minecraft:glow_berries":6,"minecraft:dirt":10,"minecraft:crafting_table":2,"minecraft:lantern":3,"minecraft:bread":6,"minecraft:iron_pickaxe":250,"minecraft:gravel":2,"minecraft:stone_axe":12,"immersive_armors:wooden_boots":1,"minecraft:cobblestone":15,"minecraft:furnace":1},"minecraft:broken":{"minecraft:iron_pickaxe":1}},"DataVersion":3465}