{"stats":{"minecraft:killed":{"specialmobs:skeleton":10,"minecraft:pufferfish":1,"specialmobs:puffersilverfish":7,"specialmobs:fishingzombie":3,"specialmobs:watercavespider":5,"minecraft:pillager":4,"specialmobs:gatlingskeleton":1,"specialmobs:spider":1,"specialmobs:cavespider":6,"specialmobs:zombie":24,"specialmobs:plaguezombie":2,"graveyard:ghoul":1,"specialmobs:waterspider":1,"specialmobs:spitfireskeleton":1,"specialmobs:flyingspider":1,"specialmobs:brutezombie":1,"specialmobs:flyingcavespider":1},"minecraft:mined":{"minecraft:blue_carpet":2,"minecraft:spruce_planks":1,"minecraft:white_bed":2,"luminousworld:baobab_slab":2,"minecraft:cobbled_deepslate_stairs":7,"create:andesite_casing":23,"minecraft:cherry_log":18,"minecraft:potted_cactus":2,"minecraft:spruce_trapdoor":4,"minecraft:granite":1,"luminousworld:bao_bob_wood":3,"minecraft:grass_block":107,"gobber2:gobber2_lucky_block":37,"luminousworld:baobab_plank":82,"create:belt":20,"minecraft:spawner":2,"minecraft:tall_seagrass":1,"minecraft:mossy_cobblestone_slab":2,"minecraft:iron_ore":66,"minecraft:barrel":2,"minecraft:cobbled_deepslate":25,"minecraft:cave_vines":1,"minecraft:blue_orchid":1,"create:mechanical_press":2,"minecraft:deepslate_redstone_ore":4,"create:cogwheel":34,"minecraft:kelp_plant":20,"luminousworld:tall_deadbush":1,"create:sail_frame":3,"minecraft:torch":19,"minecraft:blast_furnace":1,"minecraft:calcite":1,"minecraft:poppy":3,"minecraft:chest":3,"minecraft:spruce_wall_sign":1,"minecraft:cobblestone":8,"minecraft:oak_planks":22,"minecraft:wall_torch":10,"minecraft:amethyst_block":3,"minecraft:cherry_slab":6,"create:large_water_wheel":1,"minecraft:seagrass":6,"create:basin":2,"create:andesite_belt_funnel":2,"minecraft:waxed_oxidized_cut_copper_stairs":1,"minecraft:wheat":102,"luminousworld:bao_bob_log":174,"minecraft:grass":52,"minecraft:oak_log":93,"create:hand_crank":4,"minecraft:sand":8,"minecraft:dirt":87,"luminousworld:grassvariant_3":1,"luminousworld:palm_log":17,"minecraft:waxed_weathered_cut_copper":1,"minecraft:smooth_basalt":1,"minecraft:stonecutter":1,"luminousworld:savannah_grass_4":1,"minecraft:oak_leaves":16,"minecraft:deepslate":487,"create:zinc_ore":17,"alexscaves:spelunkery_table":3,"minecraft:tuff":41,"create:millstone":6,"minecraft:mossy_cobblestone":3,"luminousworld:grassvariant_4":6,"minecraft:deepslate_diamond_ore":24,"minecraft:stripped_cherry_log":1,"minecraft:glow_lichen":1,"create:large_cogwheel":15,"create:depot":3,"luminousworld:grassvariant_2":7,"create:encased_fan":3,"minecraft:polished_andesite_slab":1,"minecraft:spruce_leaves":1,"minecraft:moss_block":2,"minecraft:kelp":2,"minecraft:hay_block":9,"spelunkers_charm:deepslate_rock_pile_1":1,"create:shaft":80,"minecraft:oak_trapdoor":1,"minecraft:furnace":1,"create:white_sail":1,"minecraft:andesite":130,"spelunkers_charm:deepslate_rock_pile_2":1,"create:windmill_bearing":5,"minecraft:deepslate_iron_ore":34,"minecraft:cobblestone_slab":5,"minecraft:vine":1,"minecraft:lantern":3,"minecraft:stripped_oak_log":5,"minecraft:stone":216,"minecraft:fire_coral_block":2,"minecraft:potted_allium":1,"minecraft:oak_slab":3,"luminousworld:oakshelf_1":2,"minecraft:flowering_azalea":1,"minecraft:cherry_planks":39,"minecraft:dandelion":6,"travelersbackpack:standard":2,"minecraft:oak_fence":3,"minecraft:crafting_table":3,"minecraft:emerald_ore":2,"spelunkers_charm:dead_grass":1,"minecraft:andesite_slab":3,"create:water_wheel":5,"luminousworld:auburnlog":7,"minecraft:copper_ore":19,"minecraft:tall_grass":19,"minecraft:lapis_ore":2,"minecraft:deepslate_gold_ore":37,"minecraft:diorite":33,"minecraft:sculk":4,"create:mechanical_saw":2,"create:water_wheel_structure":1,"minecraft:gray_wool":1,"minecraft:cactus":1,"minecraft:stripped_spruce_wood":4,"spelunkers_charm:deepslate_rock_pile_3":1,"gobber2:gobber2_lucky_block_deepslate":41,"minecraft:white_wall_banner":1,"minecraft:coal_ore":112,"luminousworld:ishstone":18,"minecraft:gravel":35,"minecraft:cobweb":76,"luminousworld:autumnslab":9,"create:andesite_funnel":1,"minecraft:gold_ore":1},"minecraft:picked_up":{"minecraft:wooden_axe":1,"minecraft:iron_chestplate":7,"minecraft:wheat":79,"luminousworld:oakshelf_1":1,"minecraft:flower_pot":4,"alexscaves:cave_tablet":26,"create:wrench":4,"minecraft:amethyst_block":3,"minecraft:string":171,"minecraft:raw_copper":63,"minecraft:iron_leggings":6,"minecraft:pufferfish":4,"create:andesite_funnel":9,"create:water_wheel":6,"minecraft:sea_pickle":2,"minecraft:activator_rail":4,"create:mechanical_press":2,"minecraft:cobbled_deepslate":368,"minecraft:bucket":4,"minecraft:spruce_planks":1,"minecraft:cobblestone_slab":3,"minecraft:calcite":1,"minecraft:azalea":6,"minecraft:iron_pickaxe":11,"minecraft:iron_boots":6,"minecraft:furnace":2,"luminousworld:bao_bab_sapling":7,"minecraft:stick":42,"luminousworld:auburnlog":6,"luminousworld:autumnslab":2,"minecraft:oak_fence":5,"travelersbackpack:iron_tier_upgrade":1,"minecraft:torch":116,"create:andesite_casing":32,"minecraft:dried_kelp":46,"minecraft:cherry_log":89,"minecraft:diorite":11,"create:large_cogwheel":16,"gobber2:gobber2_foo":5,"minecraft:stone_sword":3,"minecraft:cactus":3,"minecraft:rotten_flesh":16,"minecraft:cod":18,"minecraft:cobblestone":309,"benssharks:silverfish":12,"minecraft:mossy_cobblestone_slab":1,"minecraft:cherry_planks":64,"minecraft:andesite":320,"minecraft:potato":10,"create:belt_connector":23,"alexscaves:cave_book":2,"minecraft:tuff":22,"create:raw_zinc":17,"travelersbackpack:gold_tier_upgrade":1,"minecraft:lapis_lazuli":26,"minecraft:dirt":200,"minecraft:lantern":9,"minecraft:name_tag":6,"minecraft:bone":22,"minecraft:bow":5,"gobber2:gobber2_gooey_beef":27,"minecraft:wheat_seeds":217,"minecraft:raw_gold":91,"create:goggles":5,"gobber2:gobber2_globette":1,"create:shaft":122,"twilightforest:hollow_cherry_log":1,"minecraft:moss_block":2,"minecraft:oak_planks":48,"gobber2:gobber2_gooey_bread":46,"gobber2:gobber2_rod_nether":2,"create:cogwheel":34,"minecraft:sand":9,"spelunkers_charm:candle_on_helmet":1,"minecraft:barrel":2,"minecraft:mossy_cobblestone":1,"buildersdelight:oak_planks_3":1,"minecraft:diamond":26,"minecraft:bone_meal":2,"luminousworld:auburn_sapling":4,"minecraft:emerald":4,"minecraft:spruce_sign":1,"minecraft:bread":72,"luminousworld:bao_bob_log":141,"minecraft:oak_sapling":49,"minecraft:cherry_slab":4,"gobber2:gobber2_goo":36,"minecraft:andesite_slab":2,"create:white_sail":3,"minecraft:fishing_rod":1,"minecraft:charcoal":1,"minecraft:crafting_table":2,"minecraft:allium":1,"minecraft:ladder":5,"minecraft:clay_ball":3,"minecraft:wooden_pickaxe":1,"spelunkers_charm:deepslate_rock":19,"luminousworld:bao_bob_wood":36,"minecraft:stripped_cherry_log":2,"minecraft:shield":4,"minecraft:oak_trapdoor":2,"minecraft:iron_axe":4,"minecraft:compass":2,"create:chute":9,"minecraft:blue_orchid":1,"luminousworld:palm_log":17,"graveyard:corruption":1,"immersive_armors:wooden_leggings":1,"create:basin":5,"minecraft:iron_nugget":12,"minecraft:poppy":2,"minecraft:chest":5,"minecraft:birch_sapling":10,"minecraft:spruce_trapdoor":8,"minecraft:raw_iron":157,"minecraft:stone":1,"create:golden_sheet":2,"minecraft:fire_charge":2,"luminousworld:palm_sapling":2,"create:windmill_bearing":7,"luminousworld:beastiary":2,"create:hand_crank":5,"minecraft:carrot":1,"minecraft:redstone":19,"minecraft:blue_carpet":2,"luminousworld:baobab_plank":212,"immersive_armors:wooden_helmet":1,"minecraft:arrow":26,"minecraft:cooked_cod":1,"luminousworld:baobab_slab":1,"minecraft:hay_block":8,"minecraft:waxed_oxidized_cut_copper_stairs":1,"alexscaves:spelunkery_table":2,"create:depot":1,"minecraft:gold_ingot":34,"minecraft:glow_berries":1,"minecraft:mutton":1,"minecraft:rail":28,"minecraft:white_wool":3,"minecraft:stripped_oak_log":8,"minecraft:glow_ink_sac":6,"minecraft:leather":2,"minecraft:salmon":4,"gobber2:gobber2_gooey_beefstew":19,"luminousworld:ishstone":24,"spelunkers_charm:old_miners_bundle":5,"minecraft:oak_log":168,"create:andesite_alloy":5,"minecraft:cobbled_deepslate_stairs":14,"minecraft:paper":6,"minecraft:white_banner":3,"naturalist:bass":2,"minecraft:waxed_weathered_cut_copper":1,"minecraft:apple":15,"minecraft:kelp":140,"minecraft:iron_ingot":55,"luminousworld:white_petunias":1,"minecraft:polished_andesite_slab":1,"minecraft:iron_sword":5,"minecraft:flowering_azalea":1,"create:mechanical_saw":1,"minecraft:oak_slab":4,"create:large_water_wheel":3,"minecraft:dandelion":10,"minecraft:gravel":2,"minecraft:dead_fire_coral_block":2,"minecraft:amethyst_shard":2,"minecraft:blast_furnace":2,"minecraft:white_bed":3,"minecraft:spider_eye":1,"create:sail_frame":3,"travelersbackpack:standard":6,"create:millstone":7,"minecraft:pumpkin_seeds":3,"minecraft:stone_axe":3,"immersive_armors:wooden_chestplate":3,"create:encased_fan":3,"minecraft:iron_helmet":6,"minecraft:cherry_sapling":15,"call_of_yucutan:macuahuitl":1,"immersive_armors:wooden_boots":2,"minecraft:coal":301},"minecraft:dropped":{"create:belt_connector":1,"minecraft:diamond":2,"luminousworld:white_petunias":1,"travelersbackpack:iron_tier_upgrade":1,"minecraft:dirt":30,"create:goggles":1,"minecraft:sand":5,"minecraft:gold_ingot":38,"minecraft:bone":1,"spelunkers_charm:candle_on_helmet":1,"minecraft:iron_nugget":1,"minecraft:cobbled_deepslate":12,"minecraft:birch_sapling":8,"minecraft:wheat":1,"minecraft:rotten_flesh":4,"minecraft:oak_planks":1,"gobber2:gobber2_gooey_beefstew":1,"alexscaves:cave_book":1,"minecraft:charcoal":1,"luminousworld:beastiary":1,"minecraft:iron_ingot":25,"minecraft:bread":6,"minecraft:oak_slab":2,"minecraft:wheat_seeds":4,"minecraft:cherry_log":10,"minecraft:cobbled_deepslate_stairs":7,"minecraft:mossy_cobblestone":1,"minecraft:oak_fence":2,"minecraft:cobblestone":65,"minecraft:apple":1,"twilightforest:hollow_cherry_log":1,"minecraft:coal":1,"minecraft:stick":4,"create:andesite_casing":2,"minecraft:torch":20,"luminousworld:auburn_sapling":4,"minecraft:cherry_planks":65,"minecraft:dried_kelp":1,"minecraft:cactus":1,"minecraft:paper":2,"minecraft:string":2,"minecraft:dandelion":6,"create:shaft":8,"minecraft:raw_iron":1,"minecraft:potato":2,"minecraft:cobblestone_slab":1,"minecraft:flower_pot":2,"luminousworld:autumnslab":1,"minecraft:spruce_trapdoor":2,"minecraft:oak_sapling":5,"create:hand_crank":2,"create:golden_sheet":3},"minecraft:used":{"minecraft:moss_block":1,"minecraft:cherry_sapling":7,"gobber2:gobber2_goo":18,"minecraft:ladder":5,"minecraft:poppy":4,"gobber2:gobber2_gooey_bread":22,"minecraft:shield":116,"minecraft:chest":4,"minecraft:iron_sword":115,"minecraft:iron_chestplate":4,"create:white_sail":55,"spelunkers_charm:deepslate_rock":5,"create:cogwheel":53,"minecraft:carrot":2,"create:depot":5,"minecraft:tuff":4,"minecraft:lantern":4,"minecraft:blue_orchid":1,"minecraft:iron_helmet":2,"create:millstone":6,"minecraft:mossy_cobblestone_slab":1,"create:andesite_funnel":3,"create:shaft":119,"minecraft:furnace":1,"minecraft:cooked_cod":1,"minecraft:stone_pickaxe":130,"minecraft:oak_planks":21,"minecraft:cactus":1,"minecraft:wooden_pickaxe":52,"create:mechanical_saw":3,"minecraft:glow_berries":7,"luminousworld:autumnslab":19,"luminousworld:baobab_plank":165,"minecraft:sand":2,"alexscaves:cave_book":4,"minecraft:blast_furnace":1,"luminousworld:oakshelf_1":8,"gobber2:gobber2_gooey_beefstew":4,"minecraft:bread":96,"create:andesite_casing":14,"minecraft:gravel":2,"create:basin":2,"minecraft:andesite":3,"minecraft:stripped_cherry_log":1,"create:large_cogwheel":23,"minecraft:bone_meal":1,"minecraft:oak_fence":1,"minecraft:stone_sword":79,"minecraft:dried_kelp":10,"call_of_yucutan:macuahuitl":79,"minecraft:wooden_shovel":67,"travelersbackpack:bat":7,"minecraft:torch":87,"minecraft:dirt":82,"minecraft:oak_fence_gate":6,"create:chute":1,"minecraft:wooden_axe":35,"minecraft:flowering_azalea":1,"create:wrench":172,"minecraft:iron_axe":102,"minecraft:cherry_slab":45,"luminousworld:baobab_slab":15,"minecraft:iron_boots":2,"gobber2:gobber2_gooey_beef":18,"alexscaves:spelunkery_table":1,"minecraft:cobbled_deepslate":161,"minecraft:cherry_log":3,"create:belt_connector":54,"minecraft:iron_leggings":4,"minecraft:wheat_seeds":16,"minecraft:water_bucket":11,"minecraft:cherry_planks":84,"minecraft:stonecutter":1,"minecraft:cobblestone_slab":1,"create:encased_fan":4,"minecraft:crafting_table":5,"minecraft:oak_slab":8,"minecraft:dead_fire_coral_block":1,"minecraft:white_bed":2,"minecraft:smoker":1,"create:sail_frame":12,"minecraft:flower_pot":1,"minecraft:oak_log":10,"buildersdelight:oak_slab_4":3,"minecraft:apple":18,"create:mechanical_press":3,"create:windmill_bearing":10,"minecraft:iron_pickaxe":1426,"create:water_wheel":6,"minecraft:spruce_trapdoor":1,"create:large_water_wheel":3,"immersive_armors:wooden_boots":2,"minecraft:stone_axe":138,"minecraft:blue_carpet":2,"minecraft:cobblestone":19,"travelersbackpack:standard":24,"minecraft:white_banner":2,"minecraft:bucket":12,"create:hand_crank":4,"minecraft:dandelion":4},"minecraft:killed_by":{"specialmobs:skeleton":1,"specialmobs:bruteskeleton":1,"cave_dweller:cave_dweller":2},"minecraft:crafted":{"buildersdelight:iron_chisel":1,"minecraft:oak_planks":76,"minecraft:cherry_slab":48,"minecraft:stone":2,"travelersbackpack:bat":2,"create:andesite_funnel":2,"minecraft:bow":1,"minecraft:iron_boots":1,"create:mechanical_press":1,"minecraft:chest":3,"create:cogwheel":19,"minecraft:smoker":1,"minecraft:oak_slab":24,"create:depot":3,"minecraft:wooden_shovel":1,"minecraft:crafting_table":4,"create:mechanical_saw":1,"minecraft:wooden_pickaxe":1,"minecraft:iron_helmet":1,"create:encased_fan":1,"minecraft:iron_chestplate":1,"create:water_wheel":2,"minecraft:shield":1,"minecraft:stick":52,"minecraft:iron_ingot":63,"minecraft:iron_pickaxe":2,"minecraft:iron_block":1,"minecraft:stone_sword":1,"minecraft:gold_ingot":36,"create:large_cogwheel":5,"create:propeller":1,"luminousworld:oakshelf_1":9,"luminousworld:autumnslab":18,"create:chute":4,"minecraft:cherry_planks":212,"create:wrench":1,"minecraft:iron_nugget":90,"create:white_sail":33,"minecraft:furnace":2,"minecraft:iron_axe":1,"create:millstone":1,"luminousworld:baobab_slab":18,"create:basin":1,"create:belt_connector":7,"create:windmill_bearing":1,"minecraft:wheat":72,"luminousworld:autumnplank":24,"create:andesite_alloy":47,"create:hand_crank":1,"create:sail_frame":13,"minecraft:dried_kelp":64,"minecraft:iron_sword":1,"create:large_water_wheel":1,"minecraft:bucket":2,"minecraft:stone_axe":1,"minecraft:bread":24,"minecraft:oak_fence_gate":6,"minecraft:white_wool":10,"minecraft:wooden_axe":2,"minecraft:iron_leggings":1,"minecraft:stonecutter":1,"create:shaft":48,"minecraft:torch":28,"luminousworld:baobab_plank":256},"minecraft:custom":{"minecraft:animals_bred":1,"minecraft:interact_with_crafting_table":139,"minecraft:open_barrel":17,"minecraft:leave_game":9,"minecraft:time_since_death":192878,"minecraft:sprint_one_cm":2257269,"minecraft:damage_blocked_by_shield":1525,"minecraft:drop":168,"minecraft:play_time":778835,"minecraft:deaths":10,"minecraft:jump":12347,"minecraft:walk_on_water_one_cm":138558,"minecraft:interact_with_furnace":18,"minecraft:interact_with_loom":12,"minecraft:sleep_in_bed":35,"minecraft:damage_dealt":14208,"minecraft:crouch_one_cm":32210,"minecraft:interact_with_smithing_table":1,"minecraft:interact_with_smoker":6,"minecraft:interact_with_anvil":1,"minecraft:mob_kills":70,"minecraft:climb_one_cm":46577,"minecraft:walk_one_cm":1559634,"minecraft:sneak_time":15068,"minecraft:walk_under_water_one_cm":154491,"minecraft:interact_with_blast_furnace":2,"minecraft:total_world_time":778835,"minecraft:pot_flower":1,"minecraft:time_since_rest":42162,"minecraft:damage_taken":11388,"minecraft:swim_one_cm":84798,"minecraft:fly_one_cm":2073564,"minecraft:open_chest":183,"minecraft:fall_one_cm":337709},"minecraft:broken":{"minecraft:wooden_shovel":1,"minecraft:iron_boots":1,"minecraft:stone_pickaxe":1,"minecraft:stone_axe":2,"minecraft:iron_pickaxe":5}},"DataVersion":3465}