{"stats":{"minecraft:killed":{"minecraft:pufferfish":1,"specialmobs:skeleton":7,"specialmobs:puffersilverfish":3,"specialmobs:fishingzombie":3,"minecraft:pillager":4,"specialmobs:cavespider":2,"specialmobs:zombie":14,"specialmobs:plaguezombie":1,"specialmobs:brutezombie":1,"specialmobs:flyingcavespider":1},"minecraft:picked_up":{"minecraft:wooden_axe":1,"minecraft:iron_chestplate":3,"minecraft:wheat":79,"luminousworld:oakshelf_1":1,"minecraft:flower_pot":4,"alexscaves:cave_tablet":12,"minecraft:amethyst_block":3,"minecraft:string":104,"minecraft:raw_copper":63,"minecraft:iron_leggings":2,"minecraft:pufferfish":3,"create:water_wheel":5,"minecraft:sea_pickle":2,"minecraft:cobbled_deepslate":37,"minecraft:spruce_planks":1,"minecraft:cobblestone_slab":1,"minecraft:calcite":1,"minecraft:iron_pickaxe":4,"minecraft:iron_boots":2,"minecraft:furnace":2,"luminousworld:bao_bab_sapling":7,"minecraft:stick":37,"luminousworld:auburnlog":6,"luminousworld:autumnslab":2,"minecraft:oak_fence":5,"minecraft:torch":27,"create:andesite_casing":18,"minecraft:cherry_log":59,"minecraft:diorite":11,"gobber2:gobber2_foo":1,"minecraft:stone_sword":3,"minecraft:cactus":3,"minecraft:rotten_flesh":12,"minecraft:cod":12,"minecraft:cobblestone":94,"benssharks:silverfish":11,"minecraft:mossy_cobblestone_slab":1,"minecraft:andesite":258,"minecraft:potato":8,"create:belt_connector":2,"alexscaves:cave_book":2,"minecraft:tuff":7,"create:raw_zinc":17,"minecraft:lapis_lazuli":26,"minecraft:dirt":128,"minecraft:lantern":5,"minecraft:bone":16,"minecraft:bow":4,"gobber2:gobber2_gooey_beef":20,"minecraft:wheat_seeds":213,"minecraft:raw_gold":87,"create:goggles":1,"create:shaft":17,"minecraft:moss_block":2,"minecraft:oak_planks":28,"gobber2:gobber2_gooey_bread":32,"create:cogwheel":4,"spelunkers_charm:candle_on_helmet":1,"minecraft:barrel":2,"minecraft:diamond":4,"minecraft:bone_meal":2,"luminousworld:auburn_sapling":4,"minecraft:spruce_sign":1,"minecraft:bread":33,"minecraft:oak_sapling":49,"luminousworld:bao_bob_log":141,"minecraft:andesite_slab":2,"gobber2:gobber2_goo":22,"minecraft:charcoal":1,"minecraft:crafting_table":1,"minecraft:allium":1,"minecraft:ladder":4,"minecraft:wooden_pickaxe":1,"spelunkers_charm:deepslate_rock":15,"luminousworld:bao_bob_wood":36,"minecraft:shield":3,"minecraft:oak_trapdoor":2,"minecraft:compass":2,"luminousworld:palm_log":17,"immersive_armors:wooden_leggings":1,"minecraft:poppy":1,"minecraft:chest":1,"minecraft:birch_sapling":2,"minecraft:spruce_trapdoor":2,"minecraft:raw_iron":133,"luminousworld:palm_sapling":2,"create:windmill_bearing":3,"create:hand_crank":5,"minecraft:carrot":1,"minecraft:redstone":19,"minecraft:blue_carpet":2,"luminousworld:baobab_plank":212,"immersive_armors:wooden_helmet":1,"minecraft:arrow":19,"luminousworld:baobab_slab":1,"minecraft:hay_block":8,"minecraft:waxed_oxidized_cut_copper_stairs":1,"minecraft:glow_berries":1,"minecraft:mutton":1,"minecraft:rail":2,"minecraft:stripped_oak_log":7,"minecraft:glow_ink_sac":6,"minecraft:salmon":3,"luminousworld:ishstone":1,"gobber2:gobber2_gooey_beefstew":18,"spelunkers_charm:old_miners_bundle":5,"minecraft:oak_log":158,"minecraft:cobbled_deepslate_stairs":14,"minecraft:white_banner":3,"naturalist:bass":2,"minecraft:waxed_weathered_cut_copper":1,"minecraft:apple":14,"minecraft:kelp":140,"minecraft:iron_ingot":26,"minecraft:polished_andesite_slab":1,"minecraft:iron_sword":1,"minecraft:flowering_azalea":1,"minecraft:oak_slab":2,"create:large_water_wheel":1,"minecraft:dandelion":6,"minecraft:gravel":2,"minecraft:dead_fire_coral_block":2,"minecraft:blast_furnace":2,"minecraft:white_bed":3,"create:millstone":1,"minecraft:stone_axe":3,"immersive_armors:wooden_chestplate":2,"minecraft:iron_helmet":4,"minecraft:cherry_sapling":15,"minecraft:coal":84,"immersive_armors:wooden_boots":2},"minecraft:custom":{"minecraft:animals_bred":1,"minecraft:interact_with_crafting_table":67,"minecraft:open_barrel":10,"minecraft:leave_game":3,"minecraft:time_since_death":18788,"minecraft:sprint_one_cm":1098004,"minecraft:damage_blocked_by_shield":1525,"minecraft:drop":44,"minecraft:play_time":355010,"minecraft:deaths":6,"minecraft:jump":6444,"minecraft:walk_on_water_one_cm":82728,"minecraft:interact_with_furnace":13,"minecraft:interact_with_loom":2,"minecraft:sleep_in_bed":18,"minecraft:damage_dealt":7681,"minecraft:crouch_one_cm":10710,"minecraft:interact_with_smoker":5,"minecraft:mob_kills":37,"minecraft:interact_with_anvil":1,"minecraft:climb_one_cm":25075,"minecraft:walk_one_cm":820277,"minecraft:sneak_time":5821,"minecraft:walk_under_water_one_cm":72348,"minecraft:interact_with_blast_furnace":2,"minecraft:total_world_time":355010,"minecraft:pot_flower":1,"minecraft:time_since_rest":18817,"minecraft:damage_taken":4919,"minecraft:swim_one_cm":50644,"minecraft:fly_one_cm":1096742,"minecraft:open_chest":85,"minecraft:fall_one_cm":167935},"minecraft:dropped":{"minecraft:diamond":1,"minecraft:dirt":15,"create:goggles":1,"minecraft:iron_nugget":1,"spelunkers_charm:candle_on_helmet":1,"minecraft:cobbled_deepslate":1,"minecraft:wheat":1,"minecraft:rotten_flesh":2,"gobber2:gobber2_gooey_beefstew":1,"alexscaves:cave_book":1,"minecraft:charcoal":1,"luminousworld:beastiary":1,"minecraft:iron_ingot":12,"minecraft:bread":1,"minecraft:wheat_seeds":2,"minecraft:cobbled_deepslate_stairs":7,"minecraft:oak_fence":2,"minecraft:cobblestone":1,"minecraft:stick":1,"create:andesite_casing":2,"minecraft:torch":19,"luminousworld:auburn_sapling":4,"minecraft:cherry_planks":64,"minecraft:cactus":1,"minecraft:string":2,"minecraft:dandelion":6,"minecraft:cobblestone_slab":1,"minecraft:flower_pot":2,"luminousworld:autumnslab":1,"minecraft:oak_sapling":5,"create:hand_crank":2},"minecraft:killed_by":{"specialmobs:skeleton":1,"specialmobs:bruteskeleton":1,"cave_dweller:cave_dweller":2},"minecraft:mined":{"minecraft:blue_carpet":2,"minecraft:spruce_planks":1,"minecraft:white_bed":2,"luminousworld:baobab_slab":1,"minecraft:cobbled_deepslate_stairs":7,"create:andesite_casing":12,"minecraft:cherry_log":17,"minecraft:potted_cactus":2,"minecraft:spruce_trapdoor":2,"minecraft:granite":1,"luminousworld:bao_bob_wood":3,"minecraft:grass_block":99,"gobber2:gobber2_lucky_block":31,"luminousworld:baobab_plank":81,"create:belt":2,"minecraft:tall_seagrass":1,"minecraft:mossy_cobblestone_slab":2,"minecraft:iron_ore":65,"minecraft:barrel":2,"minecraft:cobbled_deepslate":5,"minecraft:deepslate_redstone_ore":4,"create:cogwheel":4,"luminousworld:tall_deadbush":1,"minecraft:kelp_plant":20,"minecraft:torch":13,"minecraft:blast_furnace":1,"minecraft:calcite":1,"minecraft:poppy":2,"minecraft:chest":1,"minecraft:spruce_wall_sign":1,"minecraft:cobblestone":5,"minecraft:oak_planks":2,"minecraft:wall_torch":8,"minecraft:amethyst_block":3,"minecraft:seagrass":6,"minecraft:wheat":102,"minecraft:waxed_oxidized_cut_copper_stairs":1,"luminousworld:bao_bob_log":174,"minecraft:grass":44,"minecraft:oak_log":84,"create:hand_crank":4,"minecraft:dirt":73,"luminousworld:palm_log":17,"minecraft:waxed_weathered_cut_copper":1,"minecraft:smooth_basalt":1,"minecraft:stonecutter":1,"luminousworld:savannah_grass_4":1,"minecraft:oak_leaves":13,"minecraft:deepslate":45,"create:zinc_ore":17,"alexscaves:spelunkery_table":1,"minecraft:tuff":3,"create:millstone":1,"luminousworld:grassvariant_4":6,"minecraft:deepslate_diamond_ore":2,"minecraft:glow_lichen":1,"luminousworld:grassvariant_2":7,"minecraft:polished_andesite_slab":1,"minecraft:spruce_leaves":1,"minecraft:moss_block":2,"minecraft:kelp":2,"minecraft:hay_block":9,"spelunkers_charm:deepslate_rock_pile_1":1,"create:shaft":13,"minecraft:oak_trapdoor":1,"minecraft:furnace":1,"minecraft:andesite":130,"create:windmill_bearing":1,"minecraft:deepslate_iron_ore":11,"minecraft:cobblestone_slab":1,"minecraft:vine":1,"minecraft:lantern":3,"minecraft:stripped_oak_log":4,"minecraft:stone":94,"minecraft:potted_allium":1,"minecraft:oak_slab":2,"minecraft:flowering_azalea":1,"luminousworld:oakshelf_1":2,"minecraft:dandelion":2,"minecraft:oak_fence":3,"minecraft:crafting_table":2,"spelunkers_charm:dead_grass":1,"minecraft:andesite_slab":3,"create:water_wheel":4,"luminousworld:auburnlog":7,"minecraft:tall_grass":18,"minecraft:copper_ore":19,"minecraft:lapis_ore":2,"minecraft:deepslate_gold_ore":33,"minecraft:diorite":16,"create:water_wheel_structure":1,"minecraft:cactus":1,"minecraft:gray_wool":1,"minecraft:stripped_spruce_wood":4,"gobber2:gobber2_lucky_block_deepslate":16,"minecraft:white_wall_banner":1,"minecraft:coal_ore":57,"luminousworld:ishstone":2,"minecraft:gravel":6,"minecraft:cobweb":49,"luminousworld:autumnslab":9,"minecraft:gold_ore":1},"minecraft:crafted":{"buildersdelight:iron_chisel":1,"minecraft:oak_planks":40,"minecraft:bow":1,"minecraft:iron_boots":1,"create:cogwheel":6,"minecraft:smoker":1,"minecraft:oak_slab":12,"minecraft:wooden_shovel":1,"minecraft:crafting_table":3,"minecraft:wooden_pickaxe":1,"minecraft:iron_helmet":1,"minecraft:iron_chestplate":1,"create:water_wheel":1,"minecraft:shield":1,"minecraft:stick":28,"minecraft:iron_ingot":48,"minecraft:iron_pickaxe":2,"minecraft:stone_sword":1,"luminousworld:oakshelf_1":9,"luminousworld:autumnslab":18,"minecraft:cherry_planks":168,"minecraft:iron_nugget":36,"minecraft:furnace":2,"create:millstone":1,"luminousworld:baobab_slab":18,"create:belt_connector":3,"minecraft:wheat":72,"luminousworld:autumnplank":24,"create:andesite_alloy":16,"create:hand_crank":1,"minecraft:dried_kelp":49,"minecraft:iron_sword":1,"create:large_water_wheel":1,"minecraft:bucket":1,"minecraft:stone_axe":1,"minecraft:bread":24,"minecraft:oak_fence_gate":6,"minecraft:wooden_axe":2,"minecraft:iron_leggings":1,"create:shaft":16,"minecraft:torch":28,"luminousworld:baobab_plank":256},"minecraft:used":{"minecraft:moss_block":1,"minecraft:cherry_sapling":7,"gobber2:gobber2_goo":7,"minecraft:poppy":1,"minecraft:ladder":4,"gobber2:gobber2_gooey_bread":3,"minecraft:chest":1,"minecraft:shield":116,"minecraft:iron_sword":47,"minecraft:iron_chestplate":1,"spelunkers_charm:deepslate_rock":5,"create:cogwheel":8,"minecraft:carrot":2,"minecraft:tuff":4,"minecraft:lantern":4,"minecraft:iron_helmet":2,"create:millstone":2,"minecraft:mossy_cobblestone_slab":1,"create:shaft":24,"minecraft:furnace":1,"minecraft:cactus":1,"minecraft:wooden_pickaxe":52,"luminousworld:autumnslab":19,"minecraft:glow_berries":7,"luminousworld:baobab_plank":165,"alexscaves:cave_book":1,"minecraft:blast_furnace":1,"luminousworld:oakshelf_1":8,"gobber2:gobber2_gooey_beefstew":4,"minecraft:bread":65,"create:andesite_casing":9,"minecraft:gravel":2,"minecraft:andesite":2,"minecraft:bone_meal":1,"minecraft:oak_fence":1,"minecraft:stone_sword":79,"minecraft:wooden_shovel":67,"minecraft:torch":49,"minecraft:dirt":71,"minecraft:oak_fence_gate":6,"minecraft:wooden_axe":35,"minecraft:flowering_azalea":1,"luminousworld:baobab_slab":15,"gobber2:gobber2_gooey_beef":8,"minecraft:cobbled_deepslate":30,"create:belt_connector":10,"minecraft:iron_leggings":2,"minecraft:wheat_seeds":16,"minecraft:cherry_planks":22,"minecraft:oak_slab":1,"minecraft:crafting_table":4,"minecraft:dead_fire_coral_block":1,"minecraft:white_bed":2,"minecraft:smoker":1,"minecraft:oak_log":9,"minecraft:flower_pot":1,"buildersdelight:oak_slab_4":3,"create:windmill_bearing":3,"minecraft:iron_pickaxe":589,"create:water_wheel":4,"minecraft:spruce_trapdoor":1,"create:large_water_wheel":3,"minecraft:stone_axe":138,"minecraft:blue_carpet":2,"immersive_armors:wooden_boots":2,"minecraft:cobblestone":15,"travelersbackpack:standard":3,"minecraft:white_banner":2,"create:hand_crank":4},"minecraft:broken":{"minecraft:wooden_shovel":1,"minecraft:stone_axe":2,"minecraft:iron_pickaxe":2}},"DataVersion":3465}