{"stats":{"minecraft:custom":{"minecraft:interact_with_furnace":4,"minecraft:mob_kills":4,"minecraft:interact_with_crafting_table":13,"minecraft:open_barrel":3,"minecraft:time_since_death":5749,"minecraft:sleep_in_bed":2,"minecraft:climb_one_cm":1596,"minecraft:time_since_rest":5830,"minecraft:sprint_one_cm":194440,"minecraft:damage_taken":1293,"minecraft:walk_one_cm":175744,"minecraft:damage_blocked_by_shield":1525,"minecraft:drop":8,"minecraft:damage_dealt":1147,"minecraft:swim_one_cm":7009,"minecraft:fly_one_cm":144685,"minecraft:open_chest":10,"minecraft:crouch_one_cm":234,"minecraft:deaths":2,"minecraft:play_time":61533,"minecraft:sneak_time":435,"minecraft:walk_under_water_one_cm":3013,"minecraft:jump":1029,"minecraft:walk_on_water_one_cm":13547,"minecraft:total_world_time":61533,"minecraft:fall_one_cm":30653},"minecraft:dropped":{"minecraft:oak_fence":2,"minecraft:cobblestone":1,"minecraft:rotten_flesh":2,"minecraft:flower_pot":2,"minecraft:charcoal":1,"minecraft:oak_sapling":5},"minecraft:killed":{"minecraft:pillager":2,"specialmobs:zombie":1,"specialmobs:cavespider":1},"minecraft:mined":{"minecraft:white_bed":1,"luminousworld:tall_deadbush":1,"minecraft:granite":1,"minecraft:spruce_trapdoor":1,"minecraft:glow_lichen":1,"luminousworld:bao_bob_wood":3,"minecraft:grass_block":3,"minecraft:calcite":1,"minecraft:chest":1,"gobber2:gobber2_lucky_block":18,"luminousworld:baobab_plank":6,"minecraft:copper_ore":19,"minecraft:cobblestone":3,"minecraft:spruce_leaves":1,"minecraft:lapis_ore":2,"minecraft:diorite":1,"minecraft:amethyst_block":3,"minecraft:hay_block":9,"minecraft:furnace":1,"minecraft:iron_ore":37,"minecraft:barrel":2,"minecraft:andesite":128,"luminousworld:bao_bob_log":174,"gobber2:gobber2_lucky_block_deepslate":1,"luminousworld:ishstone":1,"minecraft:coal_ore":30,"minecraft:oak_log":5,"minecraft:vine":1,"minecraft:lantern":3,"minecraft:gravel":6,"minecraft:dirt":7,"minecraft:cobweb":48,"minecraft:smooth_basalt":1,"minecraft:stone":63,"luminousworld:savannah_grass_4":1,"minecraft:deepslate":1,"minecraft:potted_allium":1},"minecraft:crafted":{"minecraft:oak_planks":20,"minecraft:crafting_table":2,"minecraft:wooden_pickaxe":1,"minecraft:furnace":1,"minecraft:stone_axe":1,"minecraft:bread":24,"minecraft:bow":1,"minecraft:stick":8,"minecraft:iron_ingot":3,"minecraft:iron_pickaxe":1,"minecraft:wooden_axe":1,"minecraft:stone_sword":1,"minecraft:torch":4,"luminousworld:baobab_plank":256,"minecraft:wheat":72},"minecraft:picked_up":{"minecraft:wooden_axe":1,"minecraft:charcoal":1,"minecraft:allium":1,"minecraft:andesite":256,"minecraft:flower_pot":2,"gobber2:gobber2_gooey_beefstew":7,"minecraft:wooden_pickaxe":1,"minecraft:potato":8,"luminousworld:bao_bob_wood":36,"minecraft:oak_log":5,"minecraft:shield":1,"minecraft:amethyst_block":3,"minecraft:lapis_lazuli":26,"minecraft:string":100,"minecraft:dirt":10,"minecraft:lantern":4,"minecraft:white_banner":2,"minecraft:raw_copper":63,"minecraft:apple":8,"minecraft:sea_pickle":2,"minecraft:bow":1,"gobber2:gobber2_gooey_beef":7,"minecraft:cobbled_deepslate":1,"minecraft:iron_ingot":4,"immersive_armors:wooden_leggings":1,"minecraft:calcite":1,"minecraft:iron_pickaxe":2,"minecraft:chest":1,"minecraft:oak_planks":21,"minecraft:spruce_trapdoor":1,"gobber2:gobber2_gooey_bread":7,"minecraft:furnace":2,"luminousworld:bao_bab_sapling":7,"minecraft:stick":5,"minecraft:raw_iron":91,"minecraft:oak_fence":4,"minecraft:torch":2,"minecraft:gravel":2,"minecraft:white_bed":2,"minecraft:carrot":1,"minecraft:barrel":2,"minecraft:stone_sword":1,"luminousworld:baobab_plank":78,"gobber2:gobber2_foo":1,"immersive_armors:wooden_helmet":1,"minecraft:rotten_flesh":2,"minecraft:stone_axe":1,"immersive_armors:wooden_chestplate":2,"minecraft:hay_block":8,"minecraft:bread":23,"minecraft:spruce_sign":1,"minecraft:oak_sapling":15,"luminousworld:bao_bob_log":141,"minecraft:coal":58,"gobber2:gobber2_goo":5,"immersive_armors:wooden_boots":2,"minecraft:cobblestone":65},"minecraft:used":{"minecraft:stone_sword":56,"gobber2:gobber2_goo":4,"minecraft:wooden_pickaxe":48,"minecraft:chest":1,"minecraft:shield":116,"luminousworld:baobab_plank":100,"minecraft:glow_berries":6,"minecraft:dirt":10,"minecraft:crafting_table":2,"minecraft:carrot":2,"minecraft:lantern":3,"minecraft:bread":6,"minecraft:iron_pickaxe":279,"minecraft:gravel":2,"gobber2:gobber2_gooey_beef":3,"minecraft:stone_axe":21,"immersive_armors:wooden_boots":2,"minecraft:cobblestone":15,"minecraft:furnace":1},"minecraft:broken":{"minecraft:iron_pickaxe":1}},"DataVersion":3465}