{"stats":{"minecraft:dropped":{"minecraft:wheat_seeds":2,"minecraft:oak_fence":2,"minecraft:cobblestone":1,"minecraft:stick":1,"create:andesite_casing":2,"minecraft:cactus":1,"minecraft:dandelion":6,"minecraft:rotten_flesh":2,"minecraft:flower_pot":2,"luminousworld:autumnslab":1,"minecraft:charcoal":1,"minecraft:oak_sapling":5},"minecraft:used":{"minecraft:moss_block":1,"minecraft:cherry_sapling":7,"minecraft:stone_sword":79,"gobber2:gobber2_goo":6,"minecraft:poppy":1,"minecraft:ladder":2,"gobber2:gobber2_gooey_bread":2,"minecraft:chest":1,"minecraft:shield":116,"minecraft:wooden_shovel":67,"minecraft:torch":15,"minecraft:dirt":43,"minecraft:carrot":2,"minecraft:wooden_axe":7,"minecraft:flowering_azalea":1,"minecraft:lantern":3,"luminousworld:baobab_slab":15,"minecraft:mossy_cobblestone_slab":1,"gobber2:gobber2_gooey_beef":7,"create:shaft":1,"minecraft:furnace":1,"minecraft:cobbled_deepslate":1,"minecraft:wheat_seeds":16,"minecraft:cactus":1,"minecraft:wooden_pickaxe":52,"luminousworld:autumnslab":19,"luminousworld:baobab_plank":152,"minecraft:glow_berries":7,"minecraft:crafting_table":3,"minecraft:white_bed":2,"luminousworld:oakshelf_1":8,"buildersdelight:oak_slab_4":3,"minecraft:flower_pot":1,"minecraft:bread":28,"minecraft:iron_pickaxe":361,"create:water_wheel":3,"create:andesite_casing":1,"minecraft:gravel":2,"minecraft:stone_axe":85,"minecraft:blue_carpet":2,"immersive_armors:wooden_boots":2,"minecraft:cobblestone":15,"minecraft:white_banner":2,"minecraft:andesite":2,"create:hand_crank":1,"minecraft:bone_meal":1},"minecraft:picked_up":{"minecraft:wooden_axe":1,"minecraft:charcoal":1,"minecraft:crafting_table":1,"minecraft:wheat":71,"minecraft:allium":1,"luminousworld:oakshelf_1":1,"minecraft:ladder":2,"minecraft:flower_pot":4,"minecraft:wooden_pickaxe":1,"luminousworld:bao_bob_wood":36,"minecraft:shield":1,"minecraft:amethyst_block":3,"minecraft:string":100,"minecraft:raw_copper":63,"luminousworld:palm_log":17,"create:water_wheel":2,"minecraft:sea_pickle":2,"minecraft:cobbled_deepslate":2,"immersive_armors:wooden_leggings":1,"minecraft:calcite":1,"minecraft:poppy":1,"minecraft:iron_pickaxe":2,"minecraft:chest":1,"minecraft:birch_sapling":2,"minecraft:spruce_trapdoor":1,"minecraft:furnace":2,"luminousworld:bao_bab_sapling":7,"minecraft:stick":29,"minecraft:raw_iron":104,"luminousworld:auburnlog":6,"luminousworld:autumnslab":2,"minecraft:oak_fence":4,"minecraft:torch":13,"create:andesite_casing":10,"luminousworld:palm_sapling":2,"minecraft:cherry_log":17,"create:hand_crank":1,"minecraft:diorite":11,"minecraft:carrot":1,"minecraft:blue_carpet":2,"gobber2:gobber2_foo":1,"luminousworld:baobab_plank":203,"minecraft:arrow":1,"minecraft:stone_sword":1,"immersive_armors:wooden_helmet":1,"minecraft:cactus":3,"minecraft:rotten_flesh":2,"luminousworld:baobab_slab":1,"minecraft:hay_block":8,"minecraft:waxed_oxidized_cut_copper_stairs":1,"minecraft:glow_berries":1,"minecraft:cobblestone":75,"minecraft:rail":2,"minecraft:mossy_cobblestone_slab":1,"minecraft:andesite":258,"luminousworld:ishstone":1,"gobber2:gobber2_gooey_beefstew":8,"minecraft:potato":8,"create:raw_zinc":9,"minecraft:oak_log":60,"minecraft:lapis_lazuli":26,"minecraft:dirt":76,"minecraft:lantern":4,"minecraft:white_banner":3,"minecraft:waxed_weathered_cut_copper":1,"minecraft:apple":14,"minecraft:bow":1,"gobber2:gobber2_gooey_beef":9,"minecraft:wheat_seeds":205,"minecraft:iron_ingot":4,"create:goggles":1,"minecraft:polished_andesite_slab":1,"minecraft:moss_block":2,"minecraft:flowering_azalea":1,"minecraft:oak_planks":21,"gobber2:gobber2_gooey_bread":9,"minecraft:dandelion":6,"minecraft:gravel":2,"minecraft:white_bed":3,"minecraft:barrel":2,"minecraft:stone_axe":2,"immersive_armors:wooden_chestplate":2,"minecraft:cherry_sapling":15,"minecraft:bone_meal":1,"luminousworld:auburn_sapling":4,"minecraft:spruce_sign":1,"minecraft:bread":23,"minecraft:oak_sapling":42,"luminousworld:bao_bob_log":141,"gobber2:gobber2_goo":6,"minecraft:coal":67,"immersive_armors:wooden_boots":2,"minecraft:andesite_slab":2},"minecraft:broken":{"minecraft:wooden_shovel":1,"minecraft:stone_axe":1,"minecraft:iron_pickaxe":1},"minecraft:crafted":{"buildersdelight:iron_chisel":1,"minecraft:oak_planks":28,"minecraft:iron_nugget":27,"minecraft:furnace":1,"minecraft:bow":1,"luminousworld:baobab_slab":18,"minecraft:wheat":72,"luminousworld:autumnplank":24,"minecraft:oak_slab":12,"create:andesite_alloy":13,"minecraft:wooden_shovel":1,"create:hand_crank":1,"minecraft:crafting_table":3,"minecraft:wooden_pickaxe":1,"minecraft:bucket":1,"minecraft:stone_axe":1,"minecraft:bread":24,"create:water_wheel":1,"minecraft:stick":12,"minecraft:iron_ingot":48,"minecraft:iron_pickaxe":1,"minecraft:wooden_axe":2,"minecraft:stone_sword":1,"create:shaft":8,"minecraft:torch":8,"luminousworld:oakshelf_1":9,"luminousworld:baobab_plank":256,"luminousworld:autumnslab":18},"minecraft:killed":{"specialmobs:zombie":2,"specialmobs:fishingzombie":1,"minecraft:pillager":2,"specialmobs:cavespider":2,"specialmobs:flyingcavespider":1},"minecraft:mined":{"create:zinc_ore":9,"minecraft:blue_carpet":2,"minecraft:white_bed":2,"luminousworld:baobab_slab":1,"luminousworld:grassvariant_4":6,"create:andesite_casing":8,"minecraft:cherry_log":17,"minecraft:potted_cactus":2,"minecraft:glow_lichen":1,"minecraft:spruce_trapdoor":1,"minecraft:granite":1,"luminousworld:bao_bob_wood":3,"minecraft:grass_block":80,"gobber2:gobber2_lucky_block":25,"luminousworld:grassvariant_2":3,"minecraft:polished_andesite_slab":1,"luminousworld:baobab_plank":72,"minecraft:spruce_leaves":1,"minecraft:moss_block":2,"minecraft:hay_block":9,"minecraft:mossy_cobblestone_slab":2,"minecraft:furnace":1,"minecraft:iron_ore":50,"minecraft:cobbled_deepslate":1,"minecraft:barrel":2,"minecraft:andesite":130,"minecraft:vine":1,"minecraft:lantern":3,"minecraft:stone":77,"minecraft:potted_allium":1,"minecraft:flowering_azalea":1,"luminousworld:oakshelf_1":2,"luminousworld:tall_deadbush":1,"minecraft:dandelion":2,"minecraft:crafting_table":2,"minecraft:torch":6,"minecraft:calcite":1,"minecraft:poppy":2,"minecraft:chest":1,"minecraft:andesite_slab":3,"create:water_wheel":2,"luminousworld:auburnlog":7,"minecraft:spruce_wall_sign":1,"minecraft:tall_grass":16,"minecraft:copper_ore":19,"minecraft:cobblestone":3,"minecraft:lapis_ore":2,"minecraft:diorite":16,"minecraft:wall_torch":3,"minecraft:amethyst_block":3,"minecraft:cactus":1,"minecraft:stripped_spruce_wood":4,"minecraft:wheat":102,"minecraft:waxed_oxidized_cut_copper_stairs":1,"luminousworld:bao_bob_log":174,"gobber2:gobber2_lucky_block_deepslate":1,"minecraft:white_wall_banner":1,"minecraft:grass":28,"minecraft:oak_log":60,"minecraft:coal_ore":40,"luminousworld:ishstone":2,"create:hand_crank":1,"minecraft:gravel":6,"minecraft:dirt":19,"minecraft:cobweb":48,"minecraft:waxed_weathered_cut_copper":1,"minecraft:smooth_basalt":1,"luminousworld:palm_log":17,"luminousworld:autumnslab":9,"luminousworld:savannah_grass_4":1,"minecraft:oak_leaves":6,"minecraft:deepslate":1},"minecraft:custom":{"minecraft:interact_with_anvil":1,"minecraft:mob_kills":8,"minecraft:animals_bred":1,"minecraft:interact_with_crafting_table":34,"minecraft:open_barrel":6,"minecraft:leave_game":2,"minecraft:time_since_death":122242,"minecraft:climb_one_cm":13910,"minecraft:sprint_one_cm":507962,"minecraft:walk_one_cm":444544,"minecraft:damage_blocked_by_shield":1525,"minecraft:drop":18,"minecraft:play_time":178026,"minecraft:deaths":2,"minecraft:sneak_time":4493,"minecraft:walk_under_water_one_cm":33344,"minecraft:jump":2766,"minecraft:walk_on_water_one_cm":26633,"minecraft:total_world_time":178026,"minecraft:interact_with_furnace":8,"minecraft:pot_flower":1,"minecraft:sleep_in_bed":11,"minecraft:time_since_rest":25561,"minecraft:damage_taken":2472,"minecraft:damage_dealt":2352,"minecraft:swim_one_cm":20633,"minecraft:fly_one_cm":429602,"minecraft:open_chest":52,"minecraft:crouch_one_cm":9350,"minecraft:fall_one_cm":70476}},"DataVersion":3465}