{"stats":{"minecraft:killed":{"specialmobs:skeleton":14,"minecraft:skeleton_horse":1,"specialmobs:poisonspider":1,"specialmobs:puffersilverfish":2,"minecraft:pig":2,"specialmobs:firecavespider":1,"specialmobs:watercavespider":3,"specialmobs:enderman":4,"minecraft:sheep":7,"minecraft:pillager":2,"endofherobrine:cow":1,"cave_dweller:cave_dweller":1,"specialmobs:spider":9,"specialmobs:cavespider":2,"minecraft:cow":7,"specialmobs:deathcreeper":1,"specialmobs:jumpingcreeper":1,"specialmobs:hungryspider":1,"minecraft:horse":1,"specialmobs:zombie":22,"specialmobs:plaguezombie":1,"specialmobs:spitfireskeleton":1,"specialmobs:firezombie":1,"specialmobs:creeper":1,"specialmobs:drowningcreeper":1},"minecraft:picked_up":{"minecraft:iron_chestplate":2,"travelersbackpack:bat":1,"minecraft:flower_pot":1,"minecraft:enchanted_book":2,"minecraft:infested_stone":1,"minecraft:string":180,"minecraft:raw_copper":107,"minecraft:iron_leggings":2,"minecraft:armor_stand":2,"minecraft:pufferfish":1,"create:water_wheel":3,"minecraft:sea_pickle":2,"minecraft:cobbled_deepslate":105,"minecraft:smooth_stone":6,"minecraft:iron_pickaxe":1,"minecraft:furnace":2,"minecraft:iron_boots":2,"minecraft:stick":55,"minecraft:torch":124,"create:andesite_casing":3,"minecraft:spruce_stairs":1,"minecraft:porkchop":4,"minecraft:cherry_log":38,"minecraft:diorite":1,"minecraft:cauldron":1,"gobber2:gobber2_foo":23,"luminousworld:grassflowers":16,"minecraft:stone_sword":2,"minecraft:cactus":10,"minecraft:rotten_flesh":13,"luminousworld:yellow_grassflowers":2,"minecraft:deepslate_brick_stairs":1,"minecraft:cod":9,"minecraft:cobblestone":1325,"benssharks:silverfish":2,"minecraft:birch_log":15,"minecraft:feather":2,"minecraft:water_bucket":1,"minecraft:andesite":69,"minecraft:black_bed":1,"minecraft:smoker":1,"minecraft:potato":11,"minecraft:tuff":6,"create:raw_zinc":42,"minecraft:lapis_lazuli":56,"minecraft:dirt":1186,"minecraft:name_tag":9,"minecraft:bone":27,"minecraft:bow":5,"gobber2:gobber2_gooey_beef":34,"minecraft:wheat_seeds":35,"minecraft:raw_gold":34,"minecraft:grindstone":1,"create:goggles":2,"hamsters:hamster":1,"minecraft:oak_planks":8,"gobber2:gobber2_gooey_bread":28,"minecraft:cooked_porkchop":2,"create:cogwheel":1,"minecraft:sand":51,"minecraft:grass_block":7,"minecraft:dispenser":1,"minecraft:diamond":21,"luminousworld:yellowpetunias":2,"minecraft:crossbow":1,"minecraft:granite":34,"luminousworld:auburn_sapling":6,"minecraft:emerald":4,"minecraft:bread":22,"minecraft:oak_sapling":34,"gobber2:gobber2_goo":30,"create:white_sail":2,"luminousworld:groundpebbles_1":16,"minecraft:charcoal":1,"minecraft:crafting_table":4,"minecraft:golden_pickaxe":1,"minecraft:wooden_pickaxe":1,"spelunkers_charm:deepslate_rock":139,"minecraft:shield":1,"minecraft:item_frame":39,"minecraft:beef":13,"immersive_armors:wooden_leggings":1,"luminousworld:white_oak_plank":62,"minecraft:chest":4,"minecraft:sugar_cane":4,"minecraft:birch_sapling":7,"minecraft:raw_iron":234,"minecraft:sandstone":2,"minecraft:copper_ingot":44,"minecraft:fire_charge":6,"minecraft:white_dye":4,"create:windmill_bearing":4,"minecraft:cake":1,"minecraft:cookie":2,"create:hand_crank":6,"minecraft:carrot":1,"minecraft:redstone":150,"luminousworld:baobab_plank":5,"luminousworld:white_oak_sapling":24,"immersive_armors:wooden_helmet":1,"minecraft:arrow":15,"minecraft:stone_shovel":1,"minecraft:beetroot_seeds":4,"minecraft:pumpkin_pie":1,"minecraft:shears":2,"minecraft:hay_block":2,"alexscaves:spelunkery_table":1,"minecraft:gold_ingot":14,"minecraft:glow_berries":2,"minecraft:mutton":13,"minecraft:white_wool":6,"minecraft:rail":12,"minecraft:glow_ink_sac":2,"gobber2:gobber2_gooey_beefstew":15,"luminousworld:ishstone":72,"minecraft:leather":13,"minecraft:filled_map":5,"minecraft:birch_planks":3,"minecraft:oak_log":47,"minecraft:gunpowder":3,"minecraft:white_banner":1,"minecraft:apple":8,"minecraft:kelp":26,"minecraft:iron_ingot":46,"minecraft:stone_pickaxe":3,"minecraft:iron_sword":1,"minecraft:birch_boat":3,"minecraft:pumpkin":3,"minecraft:dandelion":14,"minecraft:quartz":1,"minecraft:raw_iron_block":1,"minecraft:gravel":17,"minecraft:amethyst_shard":2,"minecraft:white_bed":5,"minecraft:spider_eye":6,"luminousworld:whiteoaklog":155,"travelersbackpack:standard":1,"create:millstone":3,"minecraft:iron_helmet":2,"immersive_armors:wooden_chestplate":1,"minecraft:dead_bubble_coral_block":1,"create:encased_fan":3,"minecraft:cherry_sapling":38,"minecraft:gray_wool":2,"minecraft:melon_seeds":8,"spelunkers_charm:rock":2,"minecraft:coal":310,"immersive_armors:wooden_boots":2,"minecraft:ender_pearl":3},"minecraft:custom":{"minecraft:interact_with_crafting_table":110,"minecraft:open_barrel":8,"minecraft:leave_game":5,"minecraft:time_since_death":378535,"minecraft:sprint_one_cm":1354042,"minecraft:damage_blocked_by_shield":1270,"minecraft:drop":114,"minecraft:play_time":463045,"minecraft:deaths":1,"minecraft:jump":7684,"minecraft:walk_on_water_one_cm":55241,"minecraft:interact_with_furnace":83,"minecraft:interact_with_loom":1,"minecraft:sleep_in_bed":23,"minecraft:damage_dealt":16372,"minecraft:crouch_one_cm":165978,"minecraft:interact_with_smoker":7,"minecraft:interact_with_smithing_table":3,"minecraft:mob_kills":93,"minecraft:climb_one_cm":2565,"minecraft:walk_one_cm":965001,"minecraft:sneak_time":47867,"minecraft:walk_under_water_one_cm":29950,"minecraft:interact_with_blast_furnace":38,"minecraft:total_world_time":463045,"minecraft:time_since_rest":25762,"minecraft:damage_taken":3328,"minecraft:swim_one_cm":108793,"minecraft:fly_one_cm":1438659,"minecraft:open_chest":402,"minecraft:fall_one_cm":211567},"minecraft:dropped":{"minecraft:iron_sword":2,"minecraft:diamond":6,"minecraft:crafting_table":1,"minecraft:crossbow":1,"minecraft:glow_berries":1,"minecraft:cod":1,"immersive_armors:wooden_leggings":1,"minecraft:bone_meal":1,"create:goggles":2,"gobber2:gobber2_goo":10,"minecraft:iron_pickaxe":3,"immersive_armors:wooden_chestplate":1,"gobber2:gobber2_gooey_bread":2,"minecraft:armor_stand":2,"minecraft:gravel":11,"minecraft:stone_axe":2,"minecraft:cobbled_deepslate":26,"immersive_armors:wooden_boots":4,"minecraft:rotten_flesh":8,"travelersbackpack:bat":2,"minecraft:gunpowder":1,"minecraft:charcoal":1,"minecraft:beetroot_seeds":4,"spelunkers_charm:rock":2,"minecraft:white_dye":4,"minecraft:arrow":2,"create:water_wheel":1,"minecraft:water_bucket":1,"minecraft:iron_ingot":50,"minecraft:wheat_seeds":66,"benssharks:silverfish":2,"luminousworld:ishstone":9,"minecraft:iron_helmet":1,"minecraft:cobblestone":6,"minecraft:granite":14,"minecraft:coal":10,"minecraft:stick":3,"minecraft:pufferfish":1,"minecraft:sculk":3,"minecraft:diorite":1,"minecraft:torch":15,"luminousworld:auburn_sapling":1,"minecraft:wooden_axe":1,"minecraft:iron_leggings":1,"minecraft:string":65,"minecraft:stone_sword":2,"minecraft:tuff":5,"gobber2:gobber2_gooey_beef":10,"minecraft:iron_boots":1,"minecraft:shears":1,"minecraft:filled_map":1,"minecraft:shield":2,"minecraft:flower_pot":1,"minecraft:iron_chestplate":1,"minecraft:spider_eye":2,"minecraft:bow":3,"minecraft:stone_pickaxe":2,"minecraft:wooden_pickaxe":2,"immersive_armors:wooden_helmet":1},"minecraft:killed_by":{"specialmobs:enderman":1},"minecraft:mined":{"create:deepslate_zinc_ore":19,"minecraft:white_bed":5,"luminousworld:autumnleaves":5,"create:andesite_casing":3,"minecraft:cherry_log":38,"minecraft:granite":17,"minecraft:grass_block":824,"gobber2:gobber2_lucky_block":54,"luminousworld:baobab_plank":5,"minecraft:bubble_coral_block":1,"minecraft:spawner":4,"minecraft:raw_iron_block":1,"minecraft:cobbled_deepslate":6,"minecraft:fire":7,"minecraft:iron_ore":128,"minecraft:pumpkin":1,"minecraft:deepslate_lapis_ore":3,"minecraft:tripwire":1,"minecraft:deepslate_redstone_ore":29,"create:cogwheel":1,"minecraft:kelp_plant":3,"minecraft:smoker":1,"minecraft:torch":15,"minecraft:chest":4,"minecraft:cobblestone":97,"minecraft:grindstone":1,"minecraft:sugar_cane":1,"minecraft:oak_planks":7,"minecraft:wall_torch":2,"minecraft:cauldron":1,"minecraft:seagrass":1,"minecraft:birch_log":13,"minecraft:black_bed":1,"minecraft:grass":136,"minecraft:oak_log":40,"create:hand_crank":3,"minecraft:sand":50,"minecraft:dirt":238,"luminousworld:grassvariant_3":20,"minecraft:dispenser":1,"luminousworld:savannah_grass_4":1,"minecraft:oak_leaves":6,"minecraft:deepslate":110,"create:zinc_ore":23,"alexscaves:spelunkery_table":1,"luminousworld:groundpebbles_1":7,"minecraft:tuff":6,"create:millstone":3,"minecraft:deepslate_diamond_ore":15,"luminousworld:grassvariant_4":1,"luminousworld:grassvariant_2":26,"create:encased_fan":3,"travelersbackpack:white_sleeping_bag":2,"luminousworld:white_oak_plank":8,"minecraft:kelp":4,"minecraft:sandstone":2,"spelunkers_charm:deepslate_rock_pile_1":21,"minecraft:hay_block":2,"minecraft:redstone_ore":1,"create:shaft":2,"minecraft:furnace":2,"create:white_sail":2,"minecraft:andesite":70,"spelunkers_charm:deepslate_rock_pile_2":22,"create:windmill_bearing":5,"minecraft:deepslate_iron_ore":66,"minecraft:rail":2,"minecraft:stone":1009,"deeperdarker:ancient_vase":3,"minecraft:dandelion":6,"travelersbackpack:standard":1,"minecraft:crafting_table":4,"luminousworld:savannah_grass_1":1,"minecraft:emerald_ore":2,"spelunkers_charm:dead_grass":4,"minecraft:sculk_sensor":7,"create:water_wheel":2,"minecraft:tall_grass":17,"minecraft:copper_ore":18,"minecraft:lapis_ore":7,"minecraft:deepslate_gold_ore":25,"minecraft:sculk":101,"minecraft:diorite":1,"luminousworld:whiteoaklog":98,"minecraft:spruce_stairs":1,"minecraft:cactus":5,"spelunkers_charm:deepslate_rock_pile_3":25,"minecraft:birch_leaves":2,"gobber2:gobber2_lucky_block_deepslate":22,"minecraft:coal_ore":246,"luminousworld:ishstone":42,"minecraft:gravel":12,"minecraft:cobweb":100,"minecraft:gold_ore":9},"minecraft:crafted":{"minecraft:oak_planks":60,"minecraft:smooth_stone":9,"travelersbackpack:crafting_upgrade":1,"minecraft:birch_boat":1,"minecraft:stone":59,"minecraft:cooked_mutton":2,"immersive_armors:wooden_chestplate":1,"minecraft:green_dye":1,"minecraft:glass":28,"minecraft:bow":2,"minecraft:iron_boots":1,"minecraft:chest":13,"immersive_armors:wooden_helmet":1,"create:cogwheel":2,"travelersbackpack:iron_tier_upgrade":1,"minecraft:cooked_porkchop":4,"minecraft:crafting_table":7,"travelersbackpack:standard":1,"minecraft:wooden_pickaxe":1,"minecraft:iron_helmet":2,"immersive_armors:wooden_leggings":1,"minecraft:smithing_table":1,"minecraft:copper_ingot":63,"minecraft:birch_planks":40,"immersive_armors:wooden_boots":1,"create:encased_fan":1,"minecraft:dispenser":1,"minecraft:wooden_hoe":1,"minecraft:iron_chestplate":1,"create:water_wheel":1,"minecraft:shield":3,"minecraft:stick":124,"minecraft:iron_ingot":213,"minecraft:iron_pickaxe":8,"minecraft:iron_block":3,"minecraft:stone_sword":1,"minecraft:gold_ingot":7,"create:large_cogwheel":1,"create:propeller":1,"minecraft:shears":1,"minecraft:raw_iron":9,"minecraft:stone_shovel":7,"create:wrench":1,"minecraft:iron_nugget":63,"create:white_sail":16,"minecraft:furnace":7,"minecraft:blast_furnace":3,"minecraft:bone_meal":6,"travelersbackpack:blank_upgrade":4,"luminousworld:white_oak_slab":3,"travelersbackpack:white_sleeping_bag":1,"luminousworld:white_oak_plank":236,"create:millstone":1,"minecraft:stone_pickaxe":9,"create:windmill_bearing":1,"minecraft:wheat":18,"create:andesite_alloy":31,"travelersbackpack:backpack_tank":4,"minecraft:dried_kelp":6,"minecraft:iron_sword":3,"create:goggles":2,"minecraft:polished_granite":4,"minecraft:bucket":1,"minecraft:stone_axe":4,"minecraft:bread":6,"minecraft:air":0,"minecraft:white_wool":11,"minecraft:wooden_axe":1,"minecraft:iron_shovel":1,"minecraft:iron_leggings":1,"minecraft:anvil":1,"minecraft:white_bed":2,"create:shaft":8,"minecraft:torch":328,"create:zinc_ingot":23},"minecraft:used":{"minecraft:cherry_sapling":22,"gobber2:gobber2_goo":10,"minecraft:iron_shovel":251,"minecraft:dispenser":1,"minecraft:chest":15,"gobber2:gobber2_gooey_bread":15,"minecraft:shield":28,"minecraft:iron_sword":274,"create:white_sail":30,"luminousworld:white_oak_sapling":24,"minecraft:birch_sapling":7,"minecraft:iron_helmet":1,"create:millstone":3,"minecraft:item_frame":4,"minecraft:bow":7,"minecraft:furnace":5,"minecraft:stone_pickaxe":1034,"minecraft:oak_planks":1,"minecraft:cactus":6,"minecraft:wooden_pickaxe":6,"minecraft:sandstone":2,"luminousworld:baobab_plank":2,"minecraft:glow_berries":1,"minecraft:sand":5,"minecraft:blast_furnace":3,"minecraft:crossbow":1,"minecraft:black_bed":1,"minecraft:deepslate_brick_stairs":1,"gobber2:gobber2_gooey_beefstew":1,"minecraft:bread":20,"minecraft:string":1,"luminousworld:auburn_sapling":4,"minecraft:smithing_table":1,"minecraft:andesite":5,"minecraft:bone_meal":4,"minecraft:stone_sword":101,"minecraft:stone_shovel":763,"minecraft:sculk":4,"minecraft:torch":415,"minecraft:dirt":868,"minecraft:anvil":1,"minecraft:spruce_stairs":1,"minecraft:granite":2,"create:wrench":57,"gobber2:gobber2_gooey_beef":15,"hamsters:hamster":1,"minecraft:dead_bubble_coral_block":1,"minecraft:cobbled_deepslate":68,"minecraft:cherry_log":38,"minecraft:cooked_mutton":2,"minecraft:water_bucket":17,"minecraft:birch_boat":2,"luminousworld:white_oak_plank":34,"luminousworld:ishstone":16,"minecraft:rail":4,"create:encased_fan":5,"minecraft:crafting_table":9,"minecraft:white_bed":7,"minecraft:smoker":1,"minecraft:oak_log":1,"minecraft:wooden_hoe":59,"minecraft:apple":9,"create:windmill_bearing":4,"minecraft:iron_pickaxe":1041,"create:water_wheel":3,"minecraft:stone_axe":77,"minecraft:cobblestone":338,"travelersbackpack:standard":13,"minecraft:white_banner":1,"minecraft:cooked_porkchop":3,"minecraft:bucket":25,"create:hand_crank":5},"minecraft:broken":{"minecraft:iron_shovel":1,"minecraft:stone_pickaxe":7,"minecraft:stone_axe":1,"minecraft:iron_sword":1,"minecraft:stone_shovel":5,"minecraft:iron_pickaxe":4,"minecraft:wooden_hoe":1}},"DataVersion":3465}