{"stats":{"minecraft:custom":{"minecraft:mob_kills":18,"minecraft:interact_with_crafting_table":43,"minecraft:open_barrel":1,"minecraft:leave_game":2,"minecraft:time_since_death":44545,"minecraft:sprint_one_cm":336671,"minecraft:walk_one_cm":325167,"minecraft:damage_blocked_by_shield":525,"minecraft:drop":4,"minecraft:play_time":129055,"minecraft:deaths":1,"minecraft:sneak_time":13723,"minecraft:walk_under_water_one_cm":911,"minecraft:jump":1953,"minecraft:interact_with_blast_furnace":6,"minecraft:walk_on_water_one_cm":4332,"minecraft:total_world_time":129055,"minecraft:interact_with_furnace":34,"minecraft:sleep_in_bed":7,"minecraft:time_since_rest":2267,"minecraft:damage_taken":1292,"minecraft:damage_dealt":3545,"minecraft:swim_one_cm":1425,"minecraft:fly_one_cm":349897,"minecraft:open_chest":54,"minecraft:crouch_one_cm":44876,"minecraft:fall_one_cm":44734},"minecraft:dropped":{"minecraft:crafting_table":1,"minecraft:wooden_axe":1,"minecraft:stone_pickaxe":1,"minecraft:wooden_pickaxe":1},"minecraft:killed_by":{"specialmobs:enderman":1},"minecraft:killed":{"specialmobs:skeleton":1,"specialmobs:zombie":6,"minecraft:skeleton_horse":1,"minecraft:pig":2,"specialmobs:enderman":2,"minecraft:sheep":4,"cave_dweller:cave_dweller":1,"specialmobs:spider":1},"minecraft:mined":{"minecraft:white_bed":1,"luminousworld:grassvariant_4":1,"minecraft:granite":7,"minecraft:grass_block":768,"gobber2:gobber2_lucky_block":27,"luminousworld:grassvariant_2":15,"luminousworld:white_oak_plank":8,"minecraft:sandstone":2,"minecraft:hay_block":2,"minecraft:furnace":1,"minecraft:iron_ore":55,"minecraft:andesite":6,"minecraft:pumpkin":1,"minecraft:rail":1,"minecraft:stone":612,"minecraft:dandelion":3,"minecraft:crafting_table":3,"minecraft:torch":5,"luminousworld:savannah_grass_1":1,"minecraft:emerald_ore":1,"spelunkers_charm:dead_grass":1,"minecraft:tall_grass":15,"minecraft:copper_ore":12,"minecraft:cobblestone":76,"minecraft:oak_planks":6,"minecraft:wall_torch":1,"luminousworld:whiteoaklog":98,"minecraft:birch_log":13,"minecraft:birch_leaves":1,"minecraft:grass":81,"minecraft:oak_log":40,"minecraft:coal_ore":125,"luminousworld:ishstone":32,"minecraft:gravel":10,"minecraft:dirt":164,"luminousworld:grassvariant_3":8,"minecraft:cobweb":21,"luminousworld:savannah_grass_4":1,"minecraft:oak_leaves":1},"minecraft:crafted":{"minecraft:smooth_stone":9,"minecraft:stone_shovel":5,"minecraft:birch_boat":1,"minecraft:furnace":3,"minecraft:blast_furnace":1,"minecraft:stone":9,"minecraft:cooked_mutton":2,"immersive_armors:wooden_chestplate":1,"luminousworld:white_oak_plank":148,"minecraft:stone_pickaxe":6,"minecraft:chest":3,"immersive_armors:wooden_helmet":1,"minecraft:wheat":18,"minecraft:cooked_porkchop":4,"minecraft:crafting_table":4,"minecraft:wooden_pickaxe":1,"immersive_armors:wooden_leggings":1,"minecraft:copper_ingot":44,"minecraft:birch_planks":32,"minecraft:stone_axe":2,"minecraft:bread":6,"minecraft:air":0,"immersive_armors:wooden_boots":1,"minecraft:shield":1,"minecraft:stick":20,"minecraft:iron_ingot":53,"minecraft:iron_pickaxe":1,"minecraft:wooden_axe":1,"minecraft:stone_sword":1,"minecraft:iron_shovel":1,"minecraft:white_bed":1,"minecraft:torch":60},"minecraft:picked_up":{"luminousworld:groundpebbles_1":1,"minecraft:crafting_table":3,"minecraft:enchanted_book":1,"minecraft:shield":1,"minecraft:string":36,"minecraft:raw_copper":88,"minecraft:sea_pickle":1,"minecraft:smooth_stone":6,"immersive_armors:wooden_leggings":1,"minecraft:iron_pickaxe":1,"luminousworld:white_oak_plank":10,"minecraft:birch_sapling":7,"minecraft:furnace":1,"minecraft:stick":30,"minecraft:raw_iron":53,"minecraft:sandstone":2,"minecraft:torch":19,"minecraft:porkchop":4,"minecraft:redstone":1,"gobber2:gobber2_foo":16,"luminousworld:white_oak_sapling":24,"immersive_armors:wooden_helmet":1,"luminousworld:grassflowers":8,"minecraft:stone_sword":1,"minecraft:arrow":2,"minecraft:rotten_flesh":2,"luminousworld:yellow_grassflowers":1,"minecraft:hay_block":2,"minecraft:gold_ingot":5,"minecraft:mutton":5,"minecraft:cobblestone":814,"minecraft:rail":5,"minecraft:white_wool":3,"minecraft:birch_log":13,"minecraft:andesite":7,"luminousworld:ishstone":45,"gobber2:gobber2_gooey_beefstew":2,"minecraft:filled_map":2,"minecraft:birch_planks":3,"minecraft:oak_log":40,"minecraft:dirt":937,"minecraft:name_tag":3,"minecraft:bone":5,"minecraft:apple":2,"gobber2:gobber2_gooey_beef":11,"minecraft:wheat_seeds":21,"minecraft:stone_pickaxe":2,"minecraft:oak_planks":6,"gobber2:gobber2_gooey_bread":10,"minecraft:cooked_porkchop":1,"minecraft:birch_boat":2,"minecraft:pumpkin":1,"minecraft:dandelion":3,"minecraft:gravel":6,"minecraft:white_bed":1,"minecraft:grass_block":3,"luminousworld:whiteoaklog":98,"luminousworld:yellowpetunias":1,"immersive_armors:wooden_chestplate":1,"minecraft:granite":12,"minecraft:gray_wool":1,"minecraft:emerald":2,"minecraft:bread":11,"minecraft:oak_sapling":17,"minecraft:melon_seeds":4,"minecraft:coal":179,"immersive_armors:wooden_boots":1,"gobber2:gobber2_goo":12,"minecraft:ender_pearl":1},"minecraft:used":{"minecraft:stone_sword":80,"minecraft:iron_shovel":251,"minecraft:stone_shovel":658,"minecraft:chest":3,"gobber2:gobber2_gooey_bread":4,"minecraft:shield":8,"minecraft:torch":83,"minecraft:dirt":731,"luminousworld:white_oak_sapling":24,"minecraft:birch_sapling":7,"gobber2:gobber2_gooey_beef":3,"minecraft:furnace":3,"minecraft:cooked_mutton":2,"minecraft:stone_pickaxe":703,"minecraft:wooden_pickaxe":6,"minecraft:birch_boat":2,"luminousworld:white_oak_plank":13,"minecraft:sandstone":2,"luminousworld:ishstone":14,"minecraft:rail":1,"minecraft:crafting_table":6,"minecraft:blast_furnace":1,"minecraft:white_bed":2,"minecraft:oak_log":1,"minecraft:apple":9,"minecraft:bread":2,"minecraft:iron_pickaxe":250,"minecraft:stone_axe":25,"minecraft:cobblestone":229,"minecraft:cooked_porkchop":3,"minecraft:andesite":5},"minecraft:broken":{"minecraft:iron_shovel":1,"minecraft:stone_pickaxe":5,"minecraft:stone_axe":1,"minecraft:iron_pickaxe":1,"minecraft:stone_shovel":4}},"DataVersion":3465}