{"stats":{"minecraft:killed":{"endofherobrine:silverfish":15,"specialmobs:poisonskeleton":3,"specialmobs:frozenzombie":1,"specialmobs:skeleton":20,"specialmobs:webspider":1,"specialmobs:firespider":1,"aether:blue_swet":1,"minecraft:skeleton_horse":1,"specialmobs:poisonspider":2,"specialmobs:puffersilverfish":2,"minecraft:piglin":2,"specialmobs:fishingzombie":2,"minecraft:pig":2,"specialmobs:firecavespider":1,"specialmobs:watercavespider":3,"aether:sheepuff":1,"specialmobs:enderman":6,"minecraft:sheep":7,"minecraft:pillager":2,"benssharks:nurse_shark":2,"cave_dweller:cave_dweller":1,"endofherobrine:cow":1,"specialmobs:spider":15,"specialmobs:cavespider":6,"minecraft:cow":7,"specialmobs:deathcreeper":2,"luminousworld:sunken_skeleton":1,"specialmobs:jumpingcreeper":1,"specialmobs:hungryspider":1,"naturalist:coral_snake":1,"minecraft:horse":1,"specialmobs:sniperskeleton":1,"specialmobs:knightskeleton":1,"luminousworld:treant":1,"specialmobs:zombie":35,"specialmobs:madscientistzombie":1,"specialmobs:ninjaskeleton":1,"specialmobs:plaguezombie":1,"specialmobs:spitfireskeleton":3,"aether:flying_cow":1,"specialmobs:desertspider":1,"specialmobs:witherskeleton":1,"specialmobs:firezombie":4,"specialmobs:creeper":5,"specialmobs:ghast":1,"specialmobs:drowningcreeper":2},"minecraft:mined":{"create:deepslate_zinc_ore":25,"minecraft:white_bed":7,"aether:cold_aercloud":1,"luminousworld:autumnleaves":5,"create:andesite_casing":3,"minecraft:cherry_log":74,"minecraft:obsidian":34,"minecraft:granite":17,"minecraft:grass_block":1238,"gobber2:gobber2_lucky_block":58,"luminousworld:baobab_plank":5,"minecraft:bubble_coral_block":1,"minecraft:spawner":4,"minecraft:raw_iron_block":1,"minecraft:mossy_cobblestone_slab":1,"minecraft:mossy_cobblestone_stairs":1,"minecraft:iron_ore":129,"minecraft:fire":32,"minecraft:cobbled_deepslate":24,"minecraft:pumpkin":1,"minecraft:deepslate_lapis_ore":16,"minecraft:enchanting_table":2,"create:asurine":4,"minecraft:tripwire":3,"minecraft:deepslate_redstone_ore":29,"create:cogwheel":1,"aether:holystone":3,"luminousworld:birchtreemushrooms":1,"minecraft:kelp_plant":3,"minecraft:smoker":1,"minecraft:torch":21,"buildersdelight:cobblestone_6":4,"spelunkers_charm:deepslate_geyser":3,"gobber2:gobber2_lucky_block_nether":11,"minecraft:chest":4,"minecraft:cobblestone":268,"minecraft:nether_quartz_ore":77,"minecraft:grindstone":1,"minecraft:oak_planks":10,"minecraft:sugar_cane":1,"minecraft:wall_torch":13,"minecraft:cauldron":1,"buildersdelight:birch_planks_5":14,"minecraft:seagrass":1,"minecraft:warped_nylium":3,"minecraft:birch_log":178,"minecraft:black_bed":1,"luminousworld:autumnstairs":2,"minecraft:grass":153,"minecraft:oak_log":240,"minecraft:dirt":240,"create:hand_crank":3,"minecraft:sand":52,"luminousworld:grassvariant_3":25,"buildersdelight:cherry_planks_4":3,"minecraft:dispenser":1,"aether:ambrosium_ore":2,"minecraft:netherrack":171,"luminousworld:savannah_grass_4":1,"minecraft:oak_leaves":9,"minecraft:deepslate":394,"create:zinc_ore":23,"minecraft:nether_gold_ore":6,"buildersdelight:oak_planks_2":3,"alexscaves:spelunkery_table":2,"luminousworld:groundpebbles_1":7,"minecraft:tuff":16,"create:millstone":3,"minecraft:mossy_cobblestone":1,"luminousworld:grassvariant_4":4,"minecraft:deepslate_diamond_ore":24,"buildersdelight:oak_planks_4":4,"minecraft:stripped_cherry_log":27,"buildersdelight:oak_planks_1":15,"buildersdelight:oak_planks_3":68,"buildersdelight:oak_planks_5":6,"buildersdelight:oak_planks_6":58,"luminousworld:grassvariant_2":32,"create:encased_fan":3,"travelersbackpack:white_sleeping_bag":3,"luminousworld:white_oak_plank":114,"minecraft:kelp":4,"minecraft:sandstone":2,"spelunkers_charm:deepslate_rock_pile_1":21,"minecraft:hay_block":2,"minecraft:redstone_ore":1,"create:shaft":2,"buildersdelight:cobblestone_1":2,"minecraft:furnace":3,"aether:aether_dirt":3,"aether:skyroot_planks":5,"create:white_sail":2,"minecraft:andesite":70,"spelunkers_charm:deepslate_rock_pile_2":23,"create:windmill_bearing":5,"buildersdelight:oak_planks_7":5,"aether:skyroot_log":8,"minecraft:deepslate_iron_ore":85,"minecraft:rail":3,"minecraft:warped_stem":1,"minecraft:stone":1369,"luminousworld:soft_birch_log":28,"minecraft:cherry_planks":3,"deeperdarker:ancient_vase":3,"minecraft:dandelion":6,"travelersbackpack:standard":2,"minecraft:oak_fence":4,"minecraft:crafting_table":4,"luminousworld:savannah_grass_1":1,"minecraft:emerald_ore":2,"minecraft:warped_roots":1,"spelunkers_charm:dead_grass":4,"aether:golden_oak_log":26,"minecraft:sculk_sensor":7,"create:water_wheel":2,"luminousworld:auburnlog":7,"minecraft:copper_ore":19,"minecraft:tall_grass":18,"endofherobrine:glowing_obsidian":3,"minecraft:lapis_ore":7,"minecraft:deepslate_gold_ore":48,"buildersdelight:cherry_planks_7":1,"minecraft:sculk":101,"minecraft:diorite":51,"luminousworld:whiteoaklog":214,"minecraft:spruce_stairs":1,"aether:skyroot_leaves":4,"minecraft:birch_planks":1,"minecraft:cactus":5,"spelunkers_charm:deepslate_rock_pile_3":25,"aether:berry_bush":18,"minecraft:birch_leaves":2,"gobber2:gobber2_lucky_block_deepslate":56,"minecraft:coal_ore":294,"luminousworld:ishstone":90,"minecraft:gravel":30,"minecraft:cobweb":151,"minecraft:gold_ore":9},"minecraft:picked_up":{"minecraft:iron_chestplate":2,"travelersbackpack:bat":1,"minecraft:flower_pot":1,"minecraft:enchanted_book":2,"minecraft:infested_stone":1,"minecraft:string":232,"minecraft:raw_copper":112,"minecraft:iron_leggings":2,"minecraft:armor_stand":2,"gobber2:gobber2_glass_nether":2,"minecraft:pufferfish":1,"minecraft:activator_rail":2,"create:water_wheel":3,"minecraft:sea_pickle":2,"aether:skyroot_stick":22,"minecraft:smooth_stone":6,"minecraft:gold_nugget":23,"minecraft:cobbled_deepslate":417,"minecraft:iron_pickaxe":1,"minecraft:iron_boots":2,"minecraft:furnace":3,"minecraft:stick":202,"luminousworld:auburnlog":14,"travelersbackpack:iron_tier_upgrade":1,"minecraft:oak_fence":4,"minecraft:torch":271,"create:andesite_casing":3,"minecraft:spruce_stairs":1,"minecraft:porkchop":4,"buildersdelight:oak_planks_1":15,"minecraft:cherry_log":69,"minecraft:diorite":57,"minecraft:cauldron":1,"gobber2:gobber2_foo":30,"luminousworld:grassflowers":18,"minecraft:stone_sword":2,"minecraft:cactus":16,"minecraft:rotten_flesh":27,"luminousworld:yellow_grassflowers":2,"buildersdelight:birch_planks_5":14,"luminousworld:soft_birch_log":28,"create:asurine":5,"luminousworld:far_lands":1,"minecraft:deepslate_brick_stairs":1,"minecraft:obsidian":32,"minecraft:snowball":4,"minecraft:cod":13,"minecraft:cobblestone":1908,"minecraft:enchanting_table":2,"minecraft:birch_log":165,"benssharks:silverfish":15,"minecraft:mossy_cobblestone_slab":1,"minecraft:feather":2,"minecraft:cherry_planks":3,"minecraft:water_bucket":1,"minecraft:andesite":69,"minecraft:black_bed":1,"minecraft:smoker":1,"minecraft:potato":11,"minecraft:flint":15,"minecraft:tuff":25,"create:raw_zinc":48,"buildersdelight:oak_planks_4":4,"buildersdelight:oak_planks_5":6,"gobber2:gobber2_gooey_bread_nether":4,"buildersdelight:cherry_planks_4":3,"travelersbackpack:gold_tier_upgrade":1,"minecraft:lapis_lazuli":156,"minecraft:dirt":1623,"minecraft:lantern":4,"minecraft:name_tag":11,"minecraft:leather_boots":1,"buildersdelight:oak_planks_2":3,"minecraft:bone":31,"minecraft:bow":5,"gobber2:gobber2_gooey_beef":40,"minecraft:wheat_seeds":41,"aether:holystone":3,"minecraft:raw_gold":57,"minecraft:grindstone":1,"create:goggles":2,"aether:cold_aercloud":1,"minecraft:powered_rail":15,"hamsters:hamster":1,"minecraft:oak_planks":11,"gobber2:gobber2_gooey_bread":35,"aether:golden_oak_sapling":28,"minecraft:ghast_tear":1,"gobber2:gobber2_rod_nether":2,"minecraft:cooked_porkchop":2,"create:cogwheel":1,"minecraft:sand":53,"luminousworld:autumnstairs":2,"minecraft:grass_block":7,"minecraft:mossy_cobblestone":4,"buildersdelight:oak_planks_3":66,"minecraft:dispenser":1,"minecraft:deepslate":1,"minecraft:diamond":31,"luminousworld:yellowpetunias":2,"buildersdelight:cobblestone_1":2,"aether:ambrosium_shard":2,"minecraft:crossbow":2,"minecraft:granite":34,"aether:swet_ball":1,"minecraft:golden_apple":2,"luminousworld:auburn_sapling":13,"minecraft:emerald":4,"minecraft:bread":70,"minecraft:oak_sapling":151,"minecraft:netherrack":166,"aether:blue_aercloud":1,"gobber2:gobber2_goo":39,"create:white_sail":2,"minecraft:charcoal":1,"luminousworld:groundpebbles_1":16,"minecraft:crafting_table":4,"minecraft:chest_minecart":2,"minecraft:golden_pickaxe":1,"aether:aether_dirt":3,"minecraft:brown_mushroom":2,"minecraft:wooden_pickaxe":1,"spelunkers_charm:deepslate_rock":141,"minecraft:stripped_cherry_log":27,"minecraft:shield":1,"aether:blue_berry":39,"minecraft:item_frame":39,"minecraft:detector_rail":4,"minecraft:beef":16,"immersive_armors:wooden_leggings":1,"minecraft:sugar_cane":4,"minecraft:birch_sapling":48,"minecraft:chest":4,"luminousworld:white_oak_plank":168,"minecraft:sandstone":2,"minecraft:raw_iron":254,"minecraft:copper_ingot":44,"minecraft:fire_charge":7,"minecraft:white_dye":4,"create:windmill_bearing":4,"minecraft:cake":1,"minecraft:cookie":2,"luminousworld:beastiary":2,"create:hand_crank":6,"minecraft:carrot":1,"minecraft:redstone":150,"luminousworld:baobab_plank":5,"luminousworld:white_oak_sapling":46,"aether:skyroot_log":34,"immersive_armors:wooden_helmet":1,"minecraft:arrow":22,"minecraft:stone_shovel":1,"minecraft:beetroot_seeds":4,"minecraft:pumpkin_pie":1,"minecraft:shears":2,"minecraft:hay_block":2,"alexscaves:spelunkery_table":2,"minecraft:gold_ingot":14,"minecraft:glow_berries":19,"minecraft:mutton":14,"minecraft:white_wool":7,"minecraft:rail":45,"buildersdelight:oak_planks_7":5,"aether:skyroot_sapling":4,"minecraft:glow_ink_sac":2,"minecraft:leather":15,"luminousworld:ishstone":107,"gobber2:gobber2_gooey_beefstew":21,"minecraft:birch_planks":4,"minecraft:filled_map":5,"spelunkers_charm:old_miners_bundle":3,"minecraft:oak_log":261,"buildersdelight:oak_planks_6":54,"minecraft:gunpowder":7,"minecraft:paper":1,"aether:skyroot_planks":5,"minecraft:white_banner":1,"minecraft:apple":23,"buildersdelight:cobblestone_6":4,"minecraft:kelp":26,"minecraft:warped_stem":1,"minecraft:iron_ingot":53,"minecraft:stone_pickaxe":5,"gobber2:gobber2_gooey_beefstew_nether":3,"minecraft:iron_sword":1,"minecraft:birch_boat":3,"minecraft:pumpkin":3,"luminousworld:tall_birch_sapling":2,"minecraft:quartz":78,"minecraft:dandelion":15,"minecraft:raw_iron_block":1,"luminousworld:sunset_petunias":1,"minecraft:gravel":55,"minecraft:amethyst_shard":2,"minecraft:white_bed":7,"minecraft:spider_eye":7,"luminousworld:whiteoaklog":264,"travelersbackpack:standard":2,"create:millstone":3,"minecraft:pumpkin_seeds":4,"minecraft:dead_bubble_coral_block":1,"immersive_armors:wooden_chestplate":1,"create:encased_fan":3,"minecraft:iron_helmet":2,"minecraft:mossy_cobblestone_stairs":1,"minecraft:cherry_sapling":77,"minecraft:gray_wool":2,"minecraft:warped_roots":2,"minecraft:melon_seeds":15,"spelunkers_charm:rock":2,"immersive_armors:wooden_boots":2,"minecraft:coal":357,"minecraft:ender_pearl":3},"minecraft:dropped":{"call_of_yucutan:obsidian_tecpatl":1,"minecraft:iron_sword":2,"minecraft:diamond":6,"minecraft:crafting_table":1,"minecraft:crossbow":1,"minecraft:glow_berries":1,"minecraft:leather":2,"travelersbackpack:iron_tier_upgrade":1,"gobber2:gobber2_rod_nether":2,"minecraft:cod":1,"minecraft:flint":7,"minecraft:dirt":3,"gobber2:gobber2_gooey_bread_nether":3,"immersive_armors:wooden_leggings":1,"minecraft:bone_meal":1,"create:goggles":2,"gobber2:gobber2_goo":12,"minecraft:iron_pickaxe":5,"immersive_armors:wooden_chestplate":1,"minecraft:birch_log":1,"gobber2:gobber2_gooey_bread":2,"minecraft:bone":1,"minecraft:armor_stand":2,"minecraft:gravel":11,"minecraft:stone_axe":2,"minecraft:cobbled_deepslate":63,"buildersdelight:iron_chisel":1,"alexscaves:cave_tablet":14,"immersive_armors:wooden_boots":4,"minecraft:rotten_flesh":8,"minecraft:oak_planks":1,"travelersbackpack:bat":2,"create:asurine":1,"travelersbackpack:gold_tier_upgrade":1,"minecraft:gunpowder":1,"minecraft:charcoal":1,"minecraft:beetroot_seeds":4,"spelunkers_charm:rock":2,"luminousworld:beastiary":1,"buildersdelight:birch_planks_5":124,"minecraft:white_dye":4,"minecraft:arrow":2,"create:water_wheel":1,"minecraft:iron_ingot":52,"minecraft:water_bucket":1,"minecraft:wheat_seeds":68,"gobber2:gobber2_foo":1,"luminousworld:ishstone":9,"benssharks:silverfish":2,"minecraft:mossy_cobblestone":3,"minecraft:oak_fence":4,"minecraft:iron_helmet":2,"minecraft:cobblestone":6,"minecraft:granite":14,"minecraft:coal":10,"gobber2:gobber2_glass_nether":2,"minecraft:stick":3,"minecraft:pufferfish":1,"minecraft:mossy_cobblestone_slab":1,"minecraft:sculk":3,"minecraft:diorite":1,"minecraft:torch":15,"luminousworld:auburn_sapling":1,"minecraft:wooden_axe":1,"minecraft:iron_leggings":1,"minecraft:mossy_cobblestone_stairs":1,"minecraft:paper":5,"minecraft:string":65,"minecraft:stone_sword":2,"aether:blue_berry":9,"minecraft:tuff":22,"gobber2:gobber2_gooey_beef":10,"minecraft:iron_boots":1,"call_of_yucutan:macuahuitl":1,"minecraft:name_tag":1,"minecraft:shears":1,"minecraft:filled_map":1,"minecraft:flower_pot":1,"minecraft:shield":2,"minecraft:iron_chestplate":1,"minecraft:spider_eye":2,"minecraft:bow":3,"minecraft:stone_pickaxe":2,"minecraft:wooden_pickaxe":2,"immersive_armors:wooden_helmet":1},"minecraft:used":{"minecraft:cherry_sapling":25,"gobber2:gobber2_goo":21,"minecraft:iron_shovel":656,"minecraft:dispenser":1,"gobber2:gobber2_gooey_bread":18,"minecraft:shield":30,"minecraft:chest":15,"minecraft:iron_sword":325,"create:white_sail":30,"minecraft:obsidian":10,"minecraft:lava_bucket":1,"luminousworld:white_oak_sapling":33,"minecraft:lantern":4,"minecraft:birch_sapling":7,"minecraft:iron_helmet":1,"create:millstone":3,"minecraft:item_frame":4,"buildersdelight:oak_planks_1":15,"benssharks:silverfish":3,"minecraft:bow":7,"minecraft:furnace":7,"buildersdelight:birch_planks_5":315,"buildersdelight:cherry_planks_7":1,"buildersdelight:oak_planks_5":91,"minecraft:powered_rail":1,"minecraft:oak_planks":1,"minecraft:stone_pickaxe":1034,"minecraft:cactus":8,"minecraft:wooden_pickaxe":6,"minecraft:sandstone":2,"minecraft:sugar_cane":4,"minecraft:diamond_axe":339,"minecraft:glow_berries":5,"luminousworld:baobab_plank":2,"alexscaves:cave_book":3,"minecraft:sand":7,"luminousworld:autumnstairs":14,"call_of_yucutan:obsidian_spear":24,"minecraft:blast_furnace":3,"buildersdelight:cherry_planks_4":3,"minecraft:crossbow":1,"gobber2:gobber2_gooey_bread_nether":1,"buildersdelight:oak_planks_4":4,"minecraft:black_bed":1,"buildersdelight:oak_planks_2":3,"minecraft:deepslate_brick_stairs":1,"gobber2:gobber2_gooey_beefstew":9,"minecraft:bread":59,"minecraft:string":3,"minecraft:deepslate":1,"create:asurine":4,"minecraft:gravel":8,"minecraft:chest_minecart":2,"luminousworld:auburn_sapling":4,"buildersdelight:cobblestone_1":2,"minecraft:andesite":5,"minecraft:smithing_table":1,"buildersdelight:oak_planks_3":141,"minecraft:bone_meal":5,"minecraft:stone_sword":101,"minecraft:flint_and_steel":1,"minecraft:enchanting_table":2,"minecraft:stone_shovel":763,"call_of_yucutan:macuahuitl":326,"minecraft:sculk":4,"minecraft:netherrack":45,"minecraft:torch":751,"minecraft:dirt":875,"minecraft:anvil":1,"minecraft:spruce_stairs":1,"minecraft:granite":2,"buildersdelight:cobblestone_6":381,"create:wrench":57,"gobber2:gobber2_gooey_beef":17,"alexscaves:spelunkery_table":2,"travelersbackpack:hose":1,"aether:skyroot_planks":48,"hamsters:hamster":1,"minecraft:dead_bubble_coral_block":1,"minecraft:cobbled_deepslate":156,"minecraft:cherry_log":38,"minecraft:cooked_mutton":2,"minecraft:water_bucket":48,"buildersdelight:oak_planks_6":448,"aether:skyroot_sapling":4,"minecraft:birch_boat":2,"minecraft:cauldron":1,"luminousworld:white_oak_plank":235,"minecraft:cherry_planks":1,"luminousworld:ishstone":16,"create:encased_fan":5,"minecraft:mossy_cobblestone":1,"minecraft:rail":4,"minecraft:crafting_table":9,"minecraft:white_bed":8,"minecraft:cake":1,"minecraft:smoker":1,"aether:blue_berry":30,"minecraft:oak_log":1,"minecraft:wooden_hoe":59,"minecraft:diamond_pickaxe":1247,"minecraft:apple":9,"create:windmill_bearing":4,"minecraft:iron_pickaxe":1238,"create:water_wheel":3,"aether:golden_oak_sapling":13,"gobber2:gobber2_gooey_beefstew_nether":3,"minecraft:stone_axe":83,"call_of_yucutan:obsidian_tecpatl":1,"travelersbackpack:standard":30,"minecraft:cobblestone":759,"minecraft:white_banner":1,"aether:golden_parachute":11,"minecraft:cooked_porkchop":4,"minecraft:bucket":54,"buildersdelight:oak_planks_7":5,"minecraft:pumpkin_pie":1,"create:hand_crank":5},"minecraft:killed_by":{"specialmobs:enderman":1},"minecraft:crafted":{"buildersdelight:iron_chisel":2,"minecraft:smooth_stone":9,"minecraft:oak_planks":572,"travelersbackpack:crafting_upgrade":1,"minecraft:birch_boat":1,"travelersbackpack:hose_nozzle":1,"minecraft:stone":59,"minecraft:cooked_mutton":2,"immersive_armors:wooden_chestplate":1,"minecraft:green_dye":4,"minecraft:quartz_block":19,"minecraft:glass":28,"minecraft:bow":2,"minecraft:iron_boots":1,"luminousworld:autumnstairs":12,"minecraft:chest":13,"immersive_armors:wooden_helmet":1,"create:cogwheel":2,"call_of_yucutan:macuahuitl":2,"call_of_yucutan:obsidian_spear":1,"travelersbackpack:iron_tier_upgrade":1,"minecraft:cooked_porkchop":4,"minecraft:diamond_axe":1,"minecraft:crafting_table":7,"call_of_yucutan:obsidian_tecpatl":1,"travelersbackpack:standard":1,"minecraft:wooden_pickaxe":1,"minecraft:iron_helmet":2,"immersive_armors:wooden_leggings":1,"minecraft:smithing_table":1,"minecraft:copper_ingot":63,"minecraft:birch_planks":484,"immersive_armors:wooden_boots":1,"minecraft:dispenser":1,"create:encased_fan":1,"minecraft:iron_chestplate":1,"minecraft:wooden_hoe":1,"minecraft:diamond_pickaxe":2,"create:water_wheel":1,"minecraft:shield":3,"minecraft:stick":208,"minecraft:iron_ingot":265,"minecraft:iron_pickaxe":10,"minecraft:iron_block":3,"minecraft:stone_sword":1,"minecraft:gold_ingot":34,"create:large_cogwheel":1,"create:propeller":1,"minecraft:shears":1,"minecraft:cherry_planks":124,"minecraft:raw_iron":9,"minecraft:stone_shovel":7,"create:wrench":1,"minecraft:iron_nugget":63,"create:white_sail":16,"minecraft:furnace":7,"minecraft:blast_furnace":3,"minecraft:bone_meal":6,"travelersbackpack:blank_upgrade":4,"minecraft:flint_and_steel":1,"luminousworld:white_oak_slab":6,"travelersbackpack:white_sleeping_bag":1,"luminousworld:white_oak_plank":492,"create:millstone":1,"minecraft:stone_pickaxe":9,"create:windmill_bearing":1,"aether:skyroot_planks":80,"minecraft:wheat":18,"travelersbackpack:hose":1,"luminousworld:autumnplank":56,"create:andesite_alloy":31,"minecraft:enchanting_table":1,"travelersbackpack:backpack_tank":4,"minecraft:dried_kelp":6,"minecraft:iron_sword":3,"create:goggles":2,"minecraft:polished_granite":4,"minecraft:bucket":1,"minecraft:stone_axe":5,"minecraft:air":0,"minecraft:bread":6,"minecraft:white_wool":11,"minecraft:wooden_axe":1,"minecraft:iron_shovel":3,"minecraft:iron_leggings":1,"minecraft:anvil":1,"minecraft:white_bed":2,"create:shaft":8,"minecraft:torch":588,"create:zinc_ingot":23},"minecraft:custom":{"minecraft:interact_with_crafting_table":116,"minecraft:open_barrel":9,"minecraft:eat_cake_slice":7,"minecraft:leave_game":6,"minecraft:time_since_death":726055,"minecraft:sprint_one_cm":2542254,"minecraft:damage_blocked_by_shield":1330,"minecraft:drop":155,"minecraft:play_time":810565,"minecraft:deaths":1,"minecraft:jump":14441,"minecraft:walk_on_water_one_cm":110973,"minecraft:enchant_item":2,"minecraft:interact_with_furnace":89,"minecraft:interact_with_loom":10,"minecraft:sleep_in_bed":38,"minecraft:damage_dealt":31633,"minecraft:crouch_one_cm":233753,"minecraft:interact_with_smoker":7,"minecraft:interact_with_smithing_table":5,"minecraft:mob_kills":177,"minecraft:climb_one_cm":3091,"minecraft:walk_one_cm":1737467,"minecraft:sneak_time":64629,"minecraft:walk_under_water_one_cm":80212,"minecraft:interact_with_blast_furnace":52,"minecraft:total_world_time":810565,"minecraft:time_since_rest":54162,"minecraft:damage_taken":6687,"minecraft:swim_one_cm":147098,"minecraft:fly_one_cm":2729854,"minecraft:open_chest":609,"minecraft:fall_one_cm":383932},"minecraft:broken":{"minecraft:iron_shovel":2,"minecraft:iron_boots":1,"minecraft:stone_pickaxe":7,"minecraft:stone_axe":1,"minecraft:iron_sword":1,"minecraft:stone_shovel":5,"minecraft:iron_pickaxe":5,"minecraft:wooden_hoe":1}},"DataVersion":3465}