{"stats":{"minecraft:picked_up":{"luminousworld:groundpebbles_1":8,"minecraft:charcoal":1,"minecraft:crafting_table":3,"minecraft:flower_pot":1,"minecraft:enchanted_book":1,"minecraft:shield":1,"minecraft:string":103,"minecraft:raw_copper":107,"minecraft:sea_pickle":1,"minecraft:smooth_stone":6,"immersive_armors:wooden_leggings":1,"minecraft:iron_pickaxe":1,"minecraft:birch_sapling":7,"luminousworld:white_oak_plank":10,"minecraft:furnace":1,"minecraft:stick":35,"minecraft:raw_iron":127,"minecraft:sandstone":2,"minecraft:torch":28,"minecraft:porkchop":4,"minecraft:diorite":1,"minecraft:redstone":6,"gobber2:gobber2_foo":19,"luminousworld:white_oak_sapling":24,"luminousworld:grassflowers":8,"minecraft:stone_sword":1,"immersive_armors:wooden_helmet":1,"minecraft:arrow":5,"minecraft:rotten_flesh":10,"luminousworld:yellow_grassflowers":1,"minecraft:hay_block":2,"minecraft:gold_ingot":5,"minecraft:mutton":5,"minecraft:cod":5,"minecraft:rail":8,"minecraft:white_wool":3,"minecraft:cobblestone":1195,"minecraft:birch_log":13,"minecraft:andesite":68,"luminousworld:ishstone":56,"gobber2:gobber2_gooey_beefstew":7,"minecraft:filled_map":2,"minecraft:birch_planks":3,"create:raw_zinc":23,"minecraft:oak_log":40,"minecraft:gunpowder":1,"minecraft:lapis_lazuli":41,"minecraft:dirt":1033,"minecraft:name_tag":3,"minecraft:bone":10,"minecraft:apple":2,"gobber2:gobber2_gooey_beef":17,"minecraft:wheat_seeds":29,"minecraft:raw_gold":7,"minecraft:stone_pickaxe":2,"minecraft:oak_planks":6,"gobber2:gobber2_gooey_bread":16,"minecraft:cooked_porkchop":1,"minecraft:birch_boat":2,"minecraft:pumpkin":1,"minecraft:dandelion":3,"minecraft:gravel":17,"minecraft:white_bed":4,"minecraft:grass_block":3,"minecraft:spider_eye":2,"luminousworld:whiteoaklog":98,"luminousworld:yellowpetunias":1,"immersive_armors:wooden_chestplate":1,"minecraft:dead_bubble_coral_block":1,"minecraft:crossbow":1,"minecraft:granite":28,"minecraft:gray_wool":1,"minecraft:bread":11,"minecraft:emerald":2,"minecraft:oak_sapling":17,"minecraft:melon_seeds":4,"spelunkers_charm:rock":2,"immersive_armors:wooden_boots":1,"minecraft:coal":263,"gobber2:gobber2_goo":18,"minecraft:ender_pearl":1},"minecraft:custom":{"minecraft:mob_kills":42,"minecraft:interact_with_crafting_table":58,"minecraft:open_barrel":1,"minecraft:leave_game":2,"minecraft:time_since_death":118692,"minecraft:sprint_one_cm":612696,"minecraft:walk_one_cm":532273,"minecraft:damage_blocked_by_shield":1015,"minecraft:drop":31,"minecraft:play_time":203202,"minecraft:deaths":1,"minecraft:sneak_time":18360,"minecraft:walk_under_water_one_cm":4888,"minecraft:jump":3095,"minecraft:interact_with_blast_furnace":8,"minecraft:walk_on_water_one_cm":13392,"minecraft:total_world_time":203202,"minecraft:interact_with_furnace":36,"minecraft:sleep_in_bed":11,"minecraft:time_since_rest":5260,"minecraft:damage_taken":1764,"minecraft:damage_dealt":7284,"minecraft:swim_one_cm":4215,"minecraft:fly_one_cm":528175,"minecraft:open_chest":86,"minecraft:crouch_one_cm":59742,"minecraft:fall_one_cm":66589},"minecraft:broken":{"minecraft:iron_shovel":1,"minecraft:stone_pickaxe":7,"minecraft:stone_axe":1,"minecraft:iron_pickaxe":2,"minecraft:stone_shovel":5},"minecraft:dropped":{"luminousworld:ishstone":9,"minecraft:crafting_table":1,"minecraft:crossbow":1,"minecraft:cobblestone":6,"minecraft:granite":14,"minecraft:cod":1,"minecraft:diorite":1,"immersive_armors:wooden_leggings":1,"minecraft:wooden_axe":1,"gobber2:gobber2_goo":2,"minecraft:iron_pickaxe":1,"immersive_armors:wooden_chestplate":1,"minecraft:gravel":11,"minecraft:stone_sword":1,"immersive_armors:wooden_boots":1,"minecraft:rotten_flesh":8,"minecraft:shield":1,"minecraft:flower_pot":1,"minecraft:charcoal":1,"spelunkers_charm:rock":2,"minecraft:spider_eye":1,"minecraft:wooden_pickaxe":1,"minecraft:stone_pickaxe":2,"immersive_armors:wooden_helmet":1},"minecraft:crafted":{"minecraft:smooth_stone":9,"minecraft:oak_planks":32,"minecraft:stone_shovel":6,"minecraft:birch_boat":1,"minecraft:furnace":3,"minecraft:blast_furnace":1,"minecraft:stone":9,"minecraft:cooked_mutton":2,"immersive_armors:wooden_chestplate":1,"minecraft:bow":1,"minecraft:iron_boots":1,"luminousworld:white_oak_plank":164,"minecraft:stone_pickaxe":8,"minecraft:chest":5,"immersive_armors:wooden_helmet":1,"minecraft:wheat":18,"minecraft:cooked_porkchop":4,"minecraft:crafting_table":4,"minecraft:wooden_pickaxe":1,"minecraft:iron_helmet":1,"minecraft:iron_sword":1,"immersive_armors:wooden_leggings":1,"minecraft:copper_ingot":44,"minecraft:bucket":1,"minecraft:birch_planks":32,"minecraft:stone_axe":2,"minecraft:bread":6,"minecraft:air":0,"immersive_armors:wooden_boots":1,"minecraft:white_wool":3,"minecraft:iron_chestplate":1,"minecraft:shield":2,"minecraft:stick":92,"minecraft:iron_ingot":100,"minecraft:iron_pickaxe":4,"minecraft:wooden_axe":1,"minecraft:stone_sword":1,"minecraft:iron_shovel":1,"minecraft:iron_leggings":1,"minecraft:white_bed":2,"minecraft:torch":284,"minecraft:shears":1},"minecraft:mined":{"create:zinc_ore":23,"luminousworld:groundpebbles_1":7,"minecraft:white_bed":4,"luminousworld:grassvariant_4":1,"minecraft:granite":17,"minecraft:grass_block":815,"gobber2:gobber2_lucky_block":54,"luminousworld:grassvariant_2":21,"minecraft:bubble_coral_block":1,"luminousworld:white_oak_plank":8,"minecraft:sandstone":2,"minecraft:spawner":3,"minecraft:hay_block":2,"minecraft:redstone_ore":1,"minecraft:furnace":1,"minecraft:iron_ore":128,"minecraft:andesite":70,"minecraft:pumpkin":1,"minecraft:rail":2,"minecraft:stone":975,"minecraft:dandelion":3,"minecraft:crafting_table":3,"minecraft:torch":12,"luminousworld:savannah_grass_1":1,"minecraft:emerald_ore":1,"spelunkers_charm:dead_grass":4,"minecraft:copper_ore":18,"minecraft:tall_grass":17,"minecraft:cobblestone":94,"minecraft:lapis_ore":7,"minecraft:deepslate_gold_ore":2,"minecraft:oak_planks":6,"minecraft:diorite":1,"minecraft:wall_torch":1,"luminousworld:whiteoaklog":98,"minecraft:birch_log":13,"minecraft:birch_leaves":1,"minecraft:grass":129,"minecraft:oak_log":40,"minecraft:coal_ore":209,"luminousworld:ishstone":42,"minecraft:gravel":12,"minecraft:dirt":212,"luminousworld:grassvariant_3":19,"minecraft:cobweb":88,"luminousworld:savannah_grass_4":1,"minecraft:gold_ore":5,"minecraft:oak_leaves":1},"minecraft:killed_by":{"specialmobs:enderman":1},"minecraft:used":{"minecraft:stone_sword":101,"gobber2:gobber2_goo":10,"minecraft:iron_shovel":251,"minecraft:stone_shovel":746,"minecraft:chest":5,"gobber2:gobber2_gooey_bread":5,"minecraft:shield":21,"minecraft:iron_sword":120,"minecraft:torch":231,"minecraft:dirt":790,"minecraft:granite":2,"luminousworld:white_oak_sapling":24,"minecraft:birch_sapling":7,"gobber2:gobber2_gooey_beef":3,"minecraft:bow":3,"minecraft:furnace":3,"minecraft:dead_bubble_coral_block":1,"minecraft:cooked_mutton":2,"minecraft:stone_pickaxe":1032,"minecraft:wooden_pickaxe":6,"minecraft:birch_boat":2,"luminousworld:white_oak_plank":13,"minecraft:sandstone":2,"luminousworld:ishstone":16,"minecraft:rail":4,"minecraft:crafting_table":6,"minecraft:blast_furnace":1,"minecraft:white_bed":6,"minecraft:crossbow":1,"minecraft:oak_log":1,"minecraft:apple":9,"minecraft:bread":2,"minecraft:iron_pickaxe":620,"minecraft:stone_axe":25,"minecraft:cobblestone":330,"minecraft:cooked_porkchop":3,"minecraft:andesite":5,"minecraft:bucket":1},"minecraft:killed":{"specialmobs:jumpingcreeper":1,"specialmobs:skeleton":7,"specialmobs:zombie":9,"minecraft:skeleton_horse":1,"specialmobs:plaguezombie":1,"minecraft:pig":2,"specialmobs:watercavespider":3,"specialmobs:enderman":2,"minecraft:sheep":4,"minecraft:pillager":2,"specialmobs:creeper":1,"cave_dweller:cave_dweller":1,"specialmobs:spider":4,"specialmobs:cavespider":1,"specialmobs:deathcreeper":1}},"DataVersion":3465}