{"stats":{"minecraft:picked_up":{"luminousworld:groundpebbles_1":16,"minecraft:charcoal":1,"minecraft:iron_chestplate":2,"minecraft:crafting_table":4,"minecraft:flower_pot":1,"minecraft:golden_pickaxe":1,"minecraft:wooden_pickaxe":1,"minecraft:enchanted_book":2,"minecraft:shield":1,"minecraft:string":164,"minecraft:raw_copper":107,"minecraft:iron_leggings":2,"minecraft:armor_stand":2,"minecraft:item_frame":39,"minecraft:sea_pickle":2,"minecraft:smooth_stone":6,"minecraft:beef":13,"immersive_armors:wooden_leggings":1,"minecraft:iron_pickaxe":1,"minecraft:sugar_cane":4,"minecraft:chest":4,"minecraft:birch_sapling":7,"luminousworld:white_oak_plank":62,"minecraft:iron_boots":2,"minecraft:furnace":1,"minecraft:stick":39,"minecraft:raw_iron":127,"minecraft:sandstone":2,"minecraft:copper_ingot":44,"minecraft:torch":29,"minecraft:spruce_stairs":1,"minecraft:porkchop":4,"minecraft:white_dye":4,"minecraft:cake":1,"minecraft:cookie":2,"minecraft:diorite":1,"minecraft:carrot":1,"minecraft:redstone":16,"gobber2:gobber2_foo":20,"luminousworld:white_oak_sapling":24,"minecraft:stone_shovel":1,"luminousworld:grassflowers":16,"minecraft:stone_sword":2,"immersive_armors:wooden_helmet":1,"minecraft:arrow":9,"minecraft:rotten_flesh":12,"luminousworld:yellow_grassflowers":2,"minecraft:pumpkin_pie":1,"minecraft:shears":2,"minecraft:hay_block":2,"minecraft:gold_ingot":14,"minecraft:mutton":13,"minecraft:cod":9,"minecraft:rail":12,"minecraft:white_wool":6,"minecraft:cobblestone":1322,"minecraft:birch_log":15,"minecraft:andesite":69,"luminousworld:ishstone":72,"minecraft:leather":11,"gobber2:gobber2_gooey_beefstew":13,"minecraft:smoker":1,"minecraft:potato":11,"minecraft:filled_map":5,"minecraft:birch_planks":3,"create:raw_zinc":23,"minecraft:oak_log":47,"minecraft:gunpowder":3,"minecraft:lapis_lazuli":45,"minecraft:dirt":1098,"minecraft:name_tag":9,"minecraft:bone":21,"minecraft:apple":8,"minecraft:bow":2,"gobber2:gobber2_gooey_beef":25,"minecraft:wheat_seeds":33,"minecraft:iron_ingot":4,"minecraft:raw_gold":7,"minecraft:stone_pickaxe":3,"hamsters:hamster":1,"minecraft:oak_planks":8,"gobber2:gobber2_gooey_bread":22,"minecraft:cooked_porkchop":2,"minecraft:birch_boat":3,"minecraft:pumpkin":3,"minecraft:quartz":1,"minecraft:dandelion":6,"minecraft:gravel":17,"minecraft:sand":42,"minecraft:white_bed":5,"minecraft:grass_block":7,"minecraft:spider_eye":4,"luminousworld:whiteoaklog":155,"luminousworld:yellowpetunias":2,"immersive_armors:wooden_chestplate":1,"minecraft:dead_bubble_coral_block":1,"minecraft:iron_helmet":2,"minecraft:crossbow":1,"minecraft:granite":34,"minecraft:gray_wool":2,"minecraft:bread":22,"minecraft:emerald":3,"minecraft:oak_sapling":34,"minecraft:melon_seeds":8,"spelunkers_charm:rock":2,"immersive_armors:wooden_boots":1,"minecraft:coal":284,"gobber2:gobber2_goo":18,"minecraft:ender_pearl":2},"minecraft:custom":{"minecraft:mob_kills":56,"minecraft:interact_with_crafting_table":66,"minecraft:open_barrel":2,"minecraft:leave_game":2,"minecraft:time_since_death":154692,"minecraft:climb_one_cm":2565,"minecraft:sprint_one_cm":729587,"minecraft:walk_one_cm":598351,"minecraft:damage_blocked_by_shield":1015,"minecraft:drop":44,"minecraft:play_time":239202,"minecraft:deaths":1,"minecraft:sneak_time":18528,"minecraft:walk_under_water_one_cm":7073,"minecraft:jump":3575,"minecraft:interact_with_blast_furnace":32,"minecraft:walk_on_water_one_cm":20663,"minecraft:total_world_time":239202,"minecraft:interact_with_furnace":48,"minecraft:sleep_in_bed":14,"minecraft:time_since_rest":14524,"minecraft:damage_taken":1863,"minecraft:damage_dealt":9062,"minecraft:swim_one_cm":12030,"minecraft:fly_one_cm":639379,"minecraft:open_chest":179,"minecraft:crouch_one_cm":60075,"minecraft:interact_with_smoker":1,"minecraft:fall_one_cm":79675},"minecraft:broken":{"minecraft:iron_shovel":1,"minecraft:stone_pickaxe":7,"minecraft:stone_axe":1,"minecraft:iron_pickaxe":2,"minecraft:stone_shovel":5},"minecraft:dropped":{"minecraft:wheat_seeds":64,"luminousworld:ishstone":9,"minecraft:crafting_table":1,"minecraft:crossbow":1,"minecraft:cobblestone":6,"minecraft:granite":14,"minecraft:stick":3,"minecraft:cod":1,"minecraft:diorite":1,"immersive_armors:wooden_leggings":1,"minecraft:wooden_axe":1,"gobber2:gobber2_goo":2,"minecraft:iron_pickaxe":1,"immersive_armors:wooden_chestplate":1,"minecraft:string":64,"minecraft:armor_stand":2,"minecraft:gravel":11,"minecraft:stone_sword":2,"immersive_armors:wooden_boots":1,"minecraft:rotten_flesh":8,"minecraft:shears":1,"minecraft:filled_map":1,"minecraft:shield":1,"minecraft:flower_pot":1,"minecraft:gunpowder":1,"minecraft:charcoal":1,"spelunkers_charm:rock":2,"minecraft:spider_eye":2,"minecraft:white_dye":4,"minecraft:bow":1,"minecraft:arrow":2,"minecraft:wooden_pickaxe":2,"minecraft:stone_pickaxe":2,"immersive_armors:wooden_helmet":1},"minecraft:crafted":{"minecraft:smooth_stone":9,"minecraft:oak_planks":56,"minecraft:stone_shovel":6,"minecraft:birch_boat":1,"minecraft:furnace":6,"minecraft:blast_furnace":3,"minecraft:stone":9,"minecraft:cooked_mutton":2,"immersive_armors:wooden_chestplate":1,"minecraft:glass":18,"travelersbackpack:white_sleeping_bag":1,"minecraft:bow":1,"minecraft:iron_boots":1,"luminousworld:white_oak_plank":164,"minecraft:stone_pickaxe":8,"minecraft:chest":9,"immersive_armors:wooden_helmet":1,"minecraft:wheat":18,"minecraft:cooked_porkchop":4,"minecraft:crafting_table":5,"travelersbackpack:standard":1,"travelersbackpack:backpack_tank":2,"minecraft:wooden_pickaxe":1,"minecraft:iron_helmet":2,"minecraft:iron_sword":1,"immersive_armors:wooden_leggings":1,"minecraft:copper_ingot":63,"minecraft:bucket":1,"minecraft:birch_planks":32,"minecraft:stone_axe":2,"minecraft:bread":6,"minecraft:air":0,"immersive_armors:wooden_boots":1,"minecraft:white_wool":3,"minecraft:iron_chestplate":1,"minecraft:shield":2,"minecraft:stick":92,"minecraft:iron_ingot":191,"minecraft:iron_pickaxe":4,"minecraft:wooden_axe":1,"minecraft:stone_sword":1,"minecraft:gold_ingot":7,"minecraft:iron_shovel":1,"minecraft:iron_leggings":1,"minecraft:white_bed":2,"minecraft:torch":284,"create:zinc_ingot":23,"minecraft:shears":1},"minecraft:mined":{"create:zinc_ore":23,"luminousworld:groundpebbles_1":7,"minecraft:white_bed":5,"luminousworld:grassvariant_4":1,"minecraft:granite":17,"minecraft:grass_block":816,"gobber2:gobber2_lucky_block":54,"luminousworld:grassvariant_2":21,"minecraft:bubble_coral_block":1,"luminousworld:white_oak_plank":8,"minecraft:sandstone":2,"minecraft:spawner":3,"minecraft:hay_block":2,"minecraft:redstone_ore":1,"minecraft:furnace":1,"minecraft:iron_ore":128,"minecraft:andesite":70,"minecraft:pumpkin":1,"minecraft:rail":2,"minecraft:stone":1008,"minecraft:tripwire":1,"minecraft:smoker":1,"minecraft:dandelion":3,"minecraft:crafting_table":4,"minecraft:torch":12,"luminousworld:savannah_grass_1":1,"minecraft:emerald_ore":1,"spelunkers_charm:dead_grass":4,"minecraft:chest":4,"minecraft:copper_ore":18,"minecraft:tall_grass":17,"minecraft:cobblestone":95,"minecraft:lapis_ore":7,"minecraft:deepslate_gold_ore":2,"minecraft:sugar_cane":1,"minecraft:oak_planks":6,"minecraft:diorite":1,"minecraft:wall_torch":1,"luminousworld:whiteoaklog":98,"minecraft:spruce_stairs":1,"minecraft:birch_log":13,"minecraft:birch_leaves":1,"minecraft:grass":129,"minecraft:oak_log":40,"minecraft:coal_ore":230,"luminousworld:ishstone":42,"minecraft:sand":42,"minecraft:gravel":12,"minecraft:dirt":213,"luminousworld:grassvariant_3":19,"minecraft:cobweb":88,"luminousworld:savannah_grass_4":1,"minecraft:gold_ore":5,"minecraft:oak_leaves":1},"minecraft:killed_by":{"specialmobs:enderman":1},"minecraft:used":{"minecraft:stone_sword":101,"gobber2:gobber2_goo":10,"minecraft:iron_shovel":251,"minecraft:stone_shovel":746,"minecraft:chest":12,"gobber2:gobber2_gooey_bread":7,"minecraft:shield":21,"minecraft:iron_sword":158,"minecraft:torch":231,"minecraft:dirt":791,"minecraft:spruce_stairs":1,"minecraft:granite":2,"luminousworld:white_oak_sapling":24,"minecraft:birch_sapling":7,"minecraft:item_frame":4,"gobber2:gobber2_gooey_beef":5,"minecraft:bow":3,"minecraft:furnace":4,"hamsters:hamster":1,"minecraft:dead_bubble_coral_block":1,"minecraft:cooked_mutton":2,"minecraft:water_bucket":2,"minecraft:stone_pickaxe":1032,"minecraft:wooden_pickaxe":6,"minecraft:birch_boat":2,"luminousworld:white_oak_plank":13,"minecraft:sandstone":2,"luminousworld:ishstone":16,"minecraft:rail":4,"minecraft:crafting_table":8,"minecraft:blast_furnace":3,"minecraft:white_bed":7,"minecraft:crossbow":1,"minecraft:smoker":1,"minecraft:oak_log":1,"minecraft:apple":9,"minecraft:bread":2,"minecraft:string":1,"minecraft:iron_pickaxe":676,"minecraft:stone_axe":29,"travelersbackpack:standard":1,"minecraft:cobblestone":331,"minecraft:cooked_porkchop":3,"minecraft:andesite":5,"minecraft:bucket":3},"minecraft:killed":{"specialmobs:jumpingcreeper":1,"specialmobs:hungryspider":1,"specialmobs:skeleton":7,"specialmobs:zombie":9,"minecraft:skeleton_horse":1,"specialmobs:plaguezombie":1,"minecraft:pig":2,"specialmobs:watercavespider":3,"specialmobs:enderman":2,"minecraft:sheep":7,"minecraft:pillager":2,"specialmobs:creeper":1,"endofherobrine:cow":1,"cave_dweller:cave_dweller":1,"specialmobs:spider":6,"specialmobs:cavespider":1,"minecraft:cow":7,"specialmobs:deathcreeper":1}},"DataVersion":3465}