{"stats":{"minecraft:dropped":{"minecraft:crafting_table":1,"minecraft:crossbow":1,"minecraft:cod":1,"immersive_armors:wooden_leggings":1,"minecraft:bone_meal":1,"create:goggles":2,"gobber2:gobber2_goo":2,"minecraft:iron_pickaxe":1,"immersive_armors:wooden_chestplate":1,"minecraft:armor_stand":2,"minecraft:gravel":11,"minecraft:stone_axe":1,"immersive_armors:wooden_boots":1,"minecraft:rotten_flesh":8,"minecraft:gunpowder":1,"minecraft:charcoal":1,"spelunkers_charm:rock":2,"minecraft:white_dye":4,"minecraft:arrow":2,"minecraft:iron_ingot":50,"minecraft:wheat_seeds":64,"luminousworld:ishstone":9,"minecraft:cobblestone":6,"minecraft:granite":14,"minecraft:stick":3,"minecraft:diorite":1,"minecraft:wooden_axe":1,"minecraft:string":64,"minecraft:stone_sword":2,"minecraft:shears":1,"minecraft:filled_map":1,"minecraft:shield":1,"minecraft:flower_pot":1,"minecraft:spider_eye":2,"minecraft:bow":1,"minecraft:stone_pickaxe":2,"minecraft:wooden_pickaxe":2,"immersive_armors:wooden_helmet":1},"minecraft:killed_by":{"specialmobs:enderman":1},"minecraft:used":{"minecraft:cherry_sapling":22,"gobber2:gobber2_goo":10,"minecraft:iron_shovel":251,"gobber2:gobber2_gooey_bread":11,"minecraft:chest":12,"minecraft:shield":21,"minecraft:iron_sword":183,"create:white_sail":1,"luminousworld:white_oak_sapling":24,"minecraft:birch_sapling":7,"minecraft:item_frame":4,"minecraft:bow":3,"minecraft:furnace":4,"minecraft:stone_pickaxe":1032,"minecraft:cactus":1,"minecraft:wooden_pickaxe":6,"minecraft:sandstone":2,"minecraft:glow_berries":1,"minecraft:sand":3,"minecraft:blast_furnace":3,"minecraft:crossbow":1,"minecraft:bread":2,"minecraft:string":1,"minecraft:smithing_table":1,"minecraft:andesite":5,"minecraft:bone_meal":4,"minecraft:stone_sword":101,"minecraft:stone_shovel":746,"minecraft:torch":231,"minecraft:dirt":791,"minecraft:spruce_stairs":1,"minecraft:granite":2,"gobber2:gobber2_gooey_beef":10,"hamsters:hamster":1,"minecraft:dead_bubble_coral_block":1,"minecraft:cherry_log":38,"minecraft:cooked_mutton":2,"minecraft:water_bucket":2,"minecraft:birch_boat":2,"luminousworld:white_oak_plank":13,"luminousworld:ishstone":16,"minecraft:rail":4,"minecraft:crafting_table":8,"minecraft:white_bed":7,"minecraft:smoker":1,"minecraft:oak_log":1,"minecraft:apple":9,"minecraft:iron_pickaxe":683,"create:water_wheel":1,"minecraft:stone_axe":59,"minecraft:cobblestone":331,"travelersbackpack:standard":13,"minecraft:cooked_porkchop":3,"minecraft:bucket":3,"create:hand_crank":1},"minecraft:picked_up":{"minecraft:iron_chestplate":2,"minecraft:flower_pot":1,"minecraft:enchanted_book":2,"minecraft:string":165,"minecraft:raw_copper":107,"minecraft:iron_leggings":2,"minecraft:armor_stand":2,"create:water_wheel":1,"minecraft:sea_pickle":2,"minecraft:smooth_stone":6,"minecraft:iron_pickaxe":1,"minecraft:furnace":1,"minecraft:iron_boots":2,"minecraft:stick":55,"minecraft:torch":29,"create:andesite_casing":3,"minecraft:spruce_stairs":1,"minecraft:porkchop":4,"minecraft:cherry_log":38,"minecraft:diorite":1,"gobber2:gobber2_foo":20,"minecraft:stone_sword":2,"luminousworld:grassflowers":16,"minecraft:cactus":1,"minecraft:rotten_flesh":12,"luminousworld:yellow_grassflowers":2,"minecraft:cod":9,"minecraft:cobblestone":1322,"minecraft:birch_log":15,"minecraft:feather":2,"minecraft:andesite":69,"minecraft:smoker":1,"minecraft:potato":11,"create:raw_zinc":23,"minecraft:lapis_lazuli":45,"minecraft:dirt":1100,"minecraft:name_tag":9,"minecraft:bone":25,"minecraft:bow":2,"gobber2:gobber2_gooey_beef":25,"minecraft:wheat_seeds":33,"minecraft:raw_gold":7,"create:goggles":1,"hamsters:hamster":1,"minecraft:oak_planks":8,"gobber2:gobber2_gooey_bread":22,"minecraft:cooked_porkchop":2,"minecraft:sand":49,"minecraft:grass_block":7,"luminousworld:yellowpetunias":2,"minecraft:crossbow":1,"minecraft:granite":34,"minecraft:bread":22,"minecraft:emerald":3,"minecraft:oak_sapling":34,"gobber2:gobber2_goo":18,"create:white_sail":1,"luminousworld:groundpebbles_1":16,"minecraft:charcoal":1,"minecraft:crafting_table":4,"minecraft:golden_pickaxe":1,"minecraft:wooden_pickaxe":1,"minecraft:shield":1,"minecraft:item_frame":39,"minecraft:beef":13,"immersive_armors:wooden_leggings":1,"luminousworld:white_oak_plank":62,"minecraft:chest":4,"minecraft:sugar_cane":4,"minecraft:birch_sapling":7,"minecraft:raw_iron":127,"minecraft:sandstone":2,"minecraft:copper_ingot":44,"minecraft:fire_charge":1,"minecraft:white_dye":4,"minecraft:cake":1,"minecraft:cookie":2,"create:hand_crank":2,"minecraft:carrot":1,"minecraft:redstone":16,"luminousworld:white_oak_sapling":24,"immersive_armors:wooden_helmet":1,"minecraft:arrow":11,"minecraft:stone_shovel":1,"minecraft:pumpkin_pie":1,"minecraft:shears":2,"minecraft:hay_block":2,"minecraft:gold_ingot":14,"minecraft:glow_berries":1,"minecraft:mutton":13,"minecraft:white_wool":6,"minecraft:rail":12,"gobber2:gobber2_gooey_beefstew":13,"luminousworld:ishstone":72,"minecraft:leather":11,"minecraft:filled_map":5,"minecraft:birch_planks":3,"minecraft:oak_log":47,"minecraft:gunpowder":3,"minecraft:apple":8,"minecraft:iron_ingot":29,"minecraft:stone_pickaxe":3,"minecraft:pumpkin":3,"minecraft:birch_boat":3,"minecraft:quartz":1,"minecraft:dandelion":6,"minecraft:gravel":17,"minecraft:white_bed":5,"minecraft:spider_eye":5,"luminousworld:whiteoaklog":155,"travelersbackpack:standard":1,"immersive_armors:wooden_chestplate":1,"minecraft:dead_bubble_coral_block":1,"minecraft:iron_helmet":2,"minecraft:cherry_sapling":38,"minecraft:gray_wool":2,"minecraft:melon_seeds":8,"spelunkers_charm:rock":2,"minecraft:coal":284,"immersive_armors:wooden_boots":1,"minecraft:ender_pearl":3},"minecraft:broken":{"minecraft:iron_shovel":1,"minecraft:stone_pickaxe":7,"minecraft:stone_axe":1,"minecraft:iron_sword":1,"minecraft:stone_shovel":5,"minecraft:iron_pickaxe":2},"minecraft:crafted":{"minecraft:oak_planks":60,"minecraft:smooth_stone":9,"travelersbackpack:crafting_upgrade":1,"minecraft:birch_boat":1,"minecraft:stone":59,"minecraft:cooked_mutton":2,"immersive_armors:wooden_chestplate":1,"minecraft:glass":28,"minecraft:iron_boots":1,"minecraft:bow":1,"minecraft:chest":10,"immersive_armors:wooden_helmet":1,"create:cogwheel":1,"travelersbackpack:iron_tier_upgrade":1,"minecraft:cooked_porkchop":4,"minecraft:crafting_table":6,"minecraft:iron_helmet":2,"minecraft:wooden_pickaxe":1,"travelersbackpack:standard":1,"immersive_armors:wooden_leggings":1,"minecraft:smithing_table":1,"minecraft:copper_ingot":63,"minecraft:birch_planks":40,"immersive_armors:wooden_boots":1,"minecraft:iron_chestplate":1,"create:water_wheel":1,"minecraft:shield":2,"minecraft:stick":120,"minecraft:iron_ingot":191,"minecraft:iron_pickaxe":4,"minecraft:stone_sword":1,"minecraft:gold_ingot":7,"create:large_cogwheel":1,"minecraft:shears":1,"minecraft:stone_shovel":6,"create:wrench":1,"minecraft:iron_nugget":63,"create:white_sail":16,"minecraft:furnace":6,"minecraft:blast_furnace":3,"minecraft:bone_meal":6,"travelersbackpack:blank_upgrade":4,"travelersbackpack:white_sleeping_bag":1,"luminousworld:white_oak_plank":164,"minecraft:stone_pickaxe":8,"minecraft:wheat":18,"create:andesite_alloy":31,"travelersbackpack:backpack_tank":4,"minecraft:iron_sword":1,"create:goggles":2,"minecraft:bucket":1,"minecraft:stone_axe":4,"minecraft:bread":6,"minecraft:air":0,"minecraft:white_wool":11,"minecraft:wooden_axe":1,"minecraft:iron_shovel":1,"minecraft:iron_leggings":1,"minecraft:white_bed":2,"create:shaft":8,"minecraft:torch":284,"create:zinc_ingot":23},"minecraft:killed":{"specialmobs:skeleton":8,"minecraft:skeleton_horse":1,"minecraft:pig":2,"specialmobs:watercavespider":3,"specialmobs:enderman":4,"minecraft:sheep":7,"minecraft:pillager":2,"endofherobrine:cow":1,"cave_dweller:cave_dweller":1,"specialmobs:spider":6,"specialmobs:cavespider":2,"minecraft:cow":7,"specialmobs:deathcreeper":1,"specialmobs:jumpingcreeper":1,"specialmobs:hungryspider":1,"specialmobs:zombie":11,"specialmobs:plaguezombie":1,"specialmobs:firezombie":1,"specialmobs:creeper":1},"minecraft:mined":{"minecraft:white_bed":5,"create:andesite_casing":3,"minecraft:cherry_log":38,"minecraft:granite":17,"minecraft:grass_block":816,"gobber2:gobber2_lucky_block":54,"minecraft:bubble_coral_block":1,"minecraft:spawner":3,"minecraft:iron_ore":128,"minecraft:pumpkin":1,"minecraft:tripwire":1,"minecraft:smoker":1,"minecraft:torch":12,"minecraft:chest":4,"minecraft:cobblestone":95,"minecraft:sugar_cane":1,"minecraft:oak_planks":6,"minecraft:wall_torch":1,"minecraft:birch_log":13,"minecraft:grass":131,"minecraft:oak_log":40,"create:hand_crank":2,"minecraft:sand":48,"minecraft:dirt":215,"luminousworld:grassvariant_3":19,"luminousworld:savannah_grass_4":1,"minecraft:oak_leaves":3,"create:zinc_ore":23,"luminousworld:groundpebbles_1":7,"luminousworld:grassvariant_4":1,"luminousworld:grassvariant_2":22,"travelersbackpack:white_sleeping_bag":2,"luminousworld:white_oak_plank":8,"minecraft:sandstone":2,"minecraft:hay_block":2,"minecraft:redstone_ore":1,"minecraft:furnace":1,"create:white_sail":1,"minecraft:andesite":70,"minecraft:rail":2,"minecraft:stone":1008,"minecraft:dandelion":3,"travelersbackpack:standard":1,"minecraft:crafting_table":4,"luminousworld:savannah_grass_1":1,"minecraft:emerald_ore":1,"spelunkers_charm:dead_grass":4,"create:water_wheel":1,"minecraft:tall_grass":17,"minecraft:copper_ore":18,"minecraft:lapis_ore":7,"minecraft:deepslate_gold_ore":2,"minecraft:diorite":1,"luminousworld:whiteoaklog":98,"minecraft:spruce_stairs":1,"minecraft:birch_leaves":2,"minecraft:coal_ore":230,"luminousworld:ishstone":42,"minecraft:gravel":12,"minecraft:cobweb":88,"minecraft:gold_ore":5},"minecraft:custom":{"minecraft:interact_with_crafting_table":90,"minecraft:open_barrel":4,"minecraft:leave_game":3,"minecraft:time_since_death":232489,"minecraft:sprint_one_cm":937434,"minecraft:damage_blocked_by_shield":1015,"minecraft:drop":50,"minecraft:play_time":316999,"minecraft:deaths":1,"minecraft:jump":4695,"minecraft:walk_on_water_one_cm":31067,"minecraft:interact_with_furnace":67,"minecraft:sleep_in_bed":19,"minecraft:damage_dealt":10979,"minecraft:crouch_one_cm":65645,"minecraft:interact_with_smoker":5,"minecraft:interact_with_smithing_table":1,"minecraft:mob_kills":64,"minecraft:climb_one_cm":2565,"minecraft:walk_one_cm":688808,"minecraft:sneak_time":20754,"minecraft:walk_under_water_one_cm":17580,"minecraft:interact_with_blast_furnace":38,"minecraft:total_world_time":316999,"minecraft:time_since_rest":24748,"minecraft:damage_taken":2209,"minecraft:swim_one_cm":77085,"minecraft:fly_one_cm":891222,"minecraft:open_chest":278,"minecraft:fall_one_cm":112535}},"DataVersion":3465}