{"stats":{"minecraft:crafted":{"minecraft:smooth_stone":9,"minecraft:oak_planks":60,"travelersbackpack:crafting_upgrade":1,"minecraft:birch_boat":1,"travelersbackpack:hose_nozzle":1,"minecraft:stone":59,"minecraft:cooked_mutton":2,"immersive_armors:wooden_chestplate":1,"minecraft:green_dye":4,"minecraft:glass":28,"minecraft:bow":2,"minecraft:iron_boots":1,"minecraft:chest":13,"immersive_armors:wooden_helmet":1,"create:cogwheel":2,"call_of_yucutan:macuahuitl":1,"call_of_yucutan:obsidian_spear":1,"travelersbackpack:iron_tier_upgrade":1,"minecraft:cooked_porkchop":4,"minecraft:diamond_axe":1,"minecraft:crafting_table":7,"call_of_yucutan:obsidian_tecpatl":1,"travelersbackpack:standard":1,"minecraft:wooden_pickaxe":1,"minecraft:iron_helmet":2,"immersive_armors:wooden_leggings":1,"minecraft:smithing_table":1,"minecraft:copper_ingot":63,"minecraft:birch_planks":40,"immersive_armors:wooden_boots":1,"create:encased_fan":1,"minecraft:dispenser":1,"minecraft:iron_chestplate":1,"minecraft:wooden_hoe":1,"minecraft:diamond_pickaxe":2,"create:water_wheel":1,"minecraft:shield":3,"minecraft:stick":132,"minecraft:iron_ingot":265,"minecraft:iron_pickaxe":8,"minecraft:iron_block":3,"minecraft:stone_sword":1,"minecraft:gold_ingot":34,"create:large_cogwheel":1,"create:propeller":1,"minecraft:shears":1,"minecraft:raw_iron":9,"minecraft:stone_shovel":7,"create:wrench":1,"minecraft:iron_nugget":63,"create:white_sail":16,"minecraft:furnace":7,"minecraft:blast_furnace":3,"minecraft:bone_meal":6,"travelersbackpack:blank_upgrade":4,"minecraft:flint_and_steel":1,"luminousworld:white_oak_slab":6,"travelersbackpack:white_sleeping_bag":1,"luminousworld:white_oak_plank":236,"create:millstone":1,"minecraft:stone_pickaxe":9,"create:windmill_bearing":1,"aether:skyroot_planks":80,"minecraft:wheat":18,"travelersbackpack:hose":1,"luminousworld:autumnplank":4,"create:andesite_alloy":31,"travelersbackpack:backpack_tank":4,"minecraft:dried_kelp":6,"minecraft:iron_sword":3,"create:goggles":2,"minecraft:polished_granite":4,"minecraft:bucket":1,"minecraft:stone_axe":5,"minecraft:bread":6,"minecraft:air":0,"minecraft:white_wool":11,"minecraft:wooden_axe":1,"minecraft:iron_shovel":1,"minecraft:iron_leggings":1,"minecraft:anvil":1,"minecraft:white_bed":2,"create:shaft":8,"minecraft:torch":328,"create:zinc_ingot":23},"minecraft:custom":{"minecraft:interact_with_crafting_table":116,"minecraft:open_barrel":8,"minecraft:eat_cake_slice":7,"minecraft:leave_game":6,"minecraft:time_since_death":490717,"minecraft:sprint_one_cm":1686538,"minecraft:damage_blocked_by_shield":1300,"minecraft:drop":120,"minecraft:play_time":575227,"minecraft:deaths":1,"minecraft:jump":10134,"minecraft:walk_on_water_one_cm":75414,"minecraft:interact_with_furnace":88,"minecraft:interact_with_loom":1,"minecraft:sleep_in_bed":29,"minecraft:damage_dealt":21799,"minecraft:crouch_one_cm":177384,"minecraft:interact_with_smoker":7,"minecraft:interact_with_smithing_table":5,"minecraft:mob_kills":127,"minecraft:climb_one_cm":2565,"minecraft:walk_one_cm":1164262,"minecraft:sneak_time":51247,"minecraft:walk_under_water_one_cm":51136,"minecraft:interact_with_blast_furnace":52,"minecraft:total_world_time":575227,"minecraft:time_since_rest":0,"minecraft:damage_taken":4483,"minecraft:swim_one_cm":128005,"minecraft:fly_one_cm":1937711,"minecraft:open_chest":452,"minecraft:fall_one_cm":281788},"minecraft:killed":{"endofherobrine:silverfish":15,"specialmobs:skeleton":15,"specialmobs:webspider":1,"aether:blue_swet":1,"minecraft:skeleton_horse":1,"specialmobs:poisonspider":1,"specialmobs:puffersilverfish":2,"minecraft:piglin":2,"minecraft:pig":2,"specialmobs:watercavespider":3,"specialmobs:firecavespider":1,"aether:sheepuff":1,"specialmobs:enderman":4,"minecraft:sheep":7,"minecraft:pillager":2,"benssharks:nurse_shark":2,"cave_dweller:cave_dweller":1,"endofherobrine:cow":1,"specialmobs:spider":10,"specialmobs:cavespider":3,"minecraft:cow":7,"specialmobs:deathcreeper":1,"specialmobs:jumpingcreeper":1,"specialmobs:hungryspider":1,"naturalist:coral_snake":1,"minecraft:horse":1,"luminousworld:treant":1,"specialmobs:zombie":24,"specialmobs:plaguezombie":1,"specialmobs:spitfireskeleton":1,"aether:flying_cow":1,"specialmobs:desertspider":1,"specialmobs:witherskeleton":1,"specialmobs:firezombie":1,"specialmobs:creeper":1,"specialmobs:ghast":1,"specialmobs:drowningcreeper":1},"minecraft:killed_by":{"specialmobs:enderman":1},"minecraft:mined":{"create:deepslate_zinc_ore":19,"minecraft:white_bed":5,"aether:cold_aercloud":1,"luminousworld:autumnleaves":5,"create:andesite_casing":3,"minecraft:cherry_log":74,"minecraft:obsidian":34,"minecraft:granite":17,"minecraft:grass_block":824,"gobber2:gobber2_lucky_block":54,"luminousworld:baobab_plank":5,"minecraft:bubble_coral_block":1,"minecraft:spawner":4,"minecraft:raw_iron_block":1,"minecraft:iron_ore":128,"minecraft:cobbled_deepslate":6,"minecraft:fire":16,"minecraft:pumpkin":1,"minecraft:deepslate_lapis_ore":3,"minecraft:tripwire":3,"minecraft:deepslate_redstone_ore":29,"create:cogwheel":1,"aether:holystone":3,"minecraft:kelp_plant":3,"minecraft:smoker":1,"minecraft:torch":15,"gobber2:gobber2_lucky_block_nether":11,"minecraft:chest":4,"minecraft:cobblestone":98,"minecraft:nether_quartz_ore":77,"minecraft:grindstone":1,"minecraft:oak_planks":7,"minecraft:sugar_cane":1,"minecraft:wall_torch":2,"minecraft:cauldron":1,"minecraft:seagrass":1,"minecraft:warped_nylium":3,"minecraft:birch_log":67,"minecraft:black_bed":1,"minecraft:grass":150,"minecraft:oak_log":240,"minecraft:dirt":238,"create:hand_crank":3,"minecraft:sand":51,"luminousworld:grassvariant_3":22,"minecraft:dispenser":1,"aether:ambrosium_ore":2,"minecraft:netherrack":171,"luminousworld:savannah_grass_4":1,"minecraft:oak_leaves":9,"minecraft:deepslate":112,"create:zinc_ore":23,"minecraft:nether_gold_ore":6,"alexscaves:spelunkery_table":1,"luminousworld:groundpebbles_1":7,"minecraft:tuff":7,"create:millstone":3,"luminousworld:grassvariant_4":1,"minecraft:deepslate_diamond_ore":15,"minecraft:stripped_cherry_log":27,"luminousworld:grassvariant_2":28,"create:encased_fan":3,"travelersbackpack:white_sleeping_bag":3,"luminousworld:white_oak_plank":8,"minecraft:kelp":4,"minecraft:sandstone":2,"spelunkers_charm:deepslate_rock_pile_1":21,"minecraft:hay_block":2,"minecraft:redstone_ore":1,"create:shaft":2,"aether:aether_dirt":3,"minecraft:furnace":2,"aether:skyroot_planks":1,"create:white_sail":2,"minecraft:andesite":70,"spelunkers_charm:deepslate_rock_pile_2":22,"create:windmill_bearing":5,"aether:skyroot_log":8,"minecraft:deepslate_iron_ore":68,"minecraft:rail":2,"minecraft:warped_stem":1,"minecraft:stone":1010,"deeperdarker:ancient_vase":3,"minecraft:dandelion":6,"travelersbackpack:standard":2,"minecraft:crafting_table":4,"luminousworld:savannah_grass_1":1,"minecraft:emerald_ore":2,"minecraft:warped_roots":1,"spelunkers_charm:dead_grass":4,"aether:golden_oak_log":26,"minecraft:sculk_sensor":7,"create:water_wheel":2,"luminousworld:auburnlog":7,"minecraft:copper_ore":18,"minecraft:tall_grass":17,"endofherobrine:glowing_obsidian":3,"minecraft:lapis_ore":7,"minecraft:deepslate_gold_ore":25,"minecraft:sculk":101,"minecraft:diorite":1,"luminousworld:whiteoaklog":214,"minecraft:spruce_stairs":1,"aether:skyroot_leaves":4,"minecraft:cactus":5,"spelunkers_charm:deepslate_rock_pile_3":25,"aether:berry_bush":18,"minecraft:birch_leaves":2,"gobber2:gobber2_lucky_block_deepslate":22,"minecraft:coal_ore":246,"luminousworld:ishstone":42,"minecraft:gravel":18,"minecraft:cobweb":102,"minecraft:gold_ore":9},"minecraft:used":{"minecraft:cherry_sapling":25,"gobber2:gobber2_goo":10,"minecraft:iron_shovel":251,"minecraft:dispenser":1,"minecraft:chest":15,"gobber2:gobber2_gooey_bread":15,"minecraft:shield":29,"minecraft:iron_sword":325,"create:white_sail":30,"minecraft:obsidian":10,"luminousworld:white_oak_sapling":33,"minecraft:birch_sapling":7,"minecraft:iron_helmet":1,"create:millstone":3,"minecraft:item_frame":4,"minecraft:bow":7,"benssharks:silverfish":3,"minecraft:furnace":6,"minecraft:oak_planks":1,"minecraft:stone_pickaxe":1034,"minecraft:cactus":7,"minecraft:wooden_pickaxe":6,"minecraft:sandstone":2,"minecraft:diamond_axe":36,"luminousworld:baobab_plank":2,"minecraft:glow_berries":1,"minecraft:sand":6,"minecraft:blast_furnace":3,"minecraft:crossbow":1,"call_of_yucutan:obsidian_spear":24,"minecraft:black_bed":1,"gobber2:gobber2_gooey_bread_nether":1,"minecraft:deepslate_brick_stairs":1,"gobber2:gobber2_gooey_beefstew":6,"minecraft:bread":22,"minecraft:string":3,"minecraft:gravel":4,"luminousworld:auburn_sapling":4,"minecraft:smithing_table":1,"minecraft:andesite":5,"minecraft:bone_meal":4,"minecraft:stone_sword":101,"minecraft:flint_and_steel":1,"minecraft:stone_shovel":763,"call_of_yucutan:macuahuitl":42,"minecraft:sculk":4,"minecraft:netherrack":45,"minecraft:torch":426,"minecraft:dirt":871,"minecraft:anvil":1,"minecraft:spruce_stairs":1,"minecraft:granite":2,"create:wrench":57,"alexscaves:spelunkery_table":1,"gobber2:gobber2_gooey_beef":17,"travelersbackpack:hose":1,"aether:skyroot_planks":48,"hamsters:hamster":1,"minecraft:dead_bubble_coral_block":1,"minecraft:cobbled_deepslate":68,"minecraft:cherry_log":38,"minecraft:cooked_mutton":2,"minecraft:water_bucket":26,"aether:skyroot_sapling":4,"minecraft:birch_boat":2,"luminousworld:white_oak_plank":49,"minecraft:cauldron":1,"luminousworld:ishstone":16,"minecraft:rail":4,"create:encased_fan":5,"minecraft:crafting_table":9,"minecraft:white_bed":7,"minecraft:cake":1,"minecraft:smoker":1,"aether:blue_berry":30,"minecraft:oak_log":1,"minecraft:diamond_pickaxe":124,"minecraft:wooden_hoe":59,"minecraft:apple":9,"create:windmill_bearing":4,"minecraft:iron_pickaxe":1238,"create:water_wheel":3,"aether:golden_oak_sapling":13,"minecraft:stone_axe":82,"call_of_yucutan:obsidian_tecpatl":1,"aether:golden_parachute":11,"minecraft:cobblestone":465,"travelersbackpack:standard":20,"minecraft:white_banner":1,"minecraft:cooked_porkchop":4,"minecraft:bucket":34,"minecraft:pumpkin_pie":1,"create:hand_crank":5},"minecraft:broken":{"minecraft:iron_shovel":1,"minecraft:stone_pickaxe":7,"minecraft:stone_axe":1,"minecraft:iron_sword":1,"minecraft:stone_shovel":5,"minecraft:iron_pickaxe":5,"minecraft:wooden_hoe":1},"minecraft:picked_up":{"minecraft:iron_chestplate":2,"travelersbackpack:bat":1,"minecraft:flower_pot":1,"minecraft:enchanted_book":2,"minecraft:infested_stone":1,"minecraft:string":185,"minecraft:raw_copper":107,"minecraft:iron_leggings":2,"minecraft:armor_stand":2,"gobber2:gobber2_glass_nether":2,"minecraft:pufferfish":1,"create:water_wheel":3,"minecraft:sea_pickle":2,"aether:skyroot_stick":22,"minecraft:smooth_stone":6,"minecraft:gold_nugget":22,"minecraft:cobbled_deepslate":107,"minecraft:iron_pickaxe":1,"minecraft:iron_boots":2,"minecraft:furnace":2,"minecraft:stick":181,"luminousworld:auburnlog":14,"minecraft:torch":139,"create:andesite_casing":3,"minecraft:spruce_stairs":1,"minecraft:porkchop":4,"minecraft:cherry_log":69,"minecraft:diorite":1,"minecraft:cauldron":1,"gobber2:gobber2_foo":23,"luminousworld:grassflowers":16,"minecraft:stone_sword":2,"minecraft:cactus":13,"minecraft:rotten_flesh":17,"luminousworld:yellow_grassflowers":2,"luminousworld:far_lands":1,"minecraft:deepslate_brick_stairs":1,"minecraft:obsidian":32,"minecraft:cod":9,"minecraft:cobblestone":1327,"minecraft:birch_log":53,"benssharks:silverfish":15,"minecraft:feather":2,"minecraft:water_bucket":1,"minecraft:andesite":69,"minecraft:black_bed":1,"minecraft:smoker":1,"minecraft:potato":11,"minecraft:flint":1,"minecraft:tuff":7,"create:raw_zinc":42,"gobber2:gobber2_gooey_bread_nether":4,"travelersbackpack:gold_tier_upgrade":1,"minecraft:lapis_lazuli":56,"minecraft:dirt":1194,"minecraft:name_tag":11,"minecraft:leather_boots":1,"minecraft:bone":27,"minecraft:bow":5,"gobber2:gobber2_gooey_beef":34,"minecraft:wheat_seeds":41,"aether:holystone":3,"minecraft:raw_gold":34,"minecraft:grindstone":1,"create:goggles":2,"aether:cold_aercloud":1,"hamsters:hamster":1,"minecraft:oak_planks":8,"aether:golden_oak_sapling":28,"gobber2:gobber2_gooey_bread":28,"minecraft:ghast_tear":1,"gobber2:gobber2_rod_nether":2,"minecraft:cooked_porkchop":2,"create:cogwheel":1,"minecraft:sand":52,"minecraft:grass_block":7,"minecraft:dispenser":1,"minecraft:diamond":21,"luminousworld:yellowpetunias":2,"aether:ambrosium_shard":2,"minecraft:crossbow":2,"minecraft:granite":34,"aether:swet_ball":1,"luminousworld:auburn_sapling":13,"minecraft:emerald":4,"minecraft:bread":24,"minecraft:oak_sapling":151,"minecraft:netherrack":166,"aether:blue_aercloud":1,"gobber2:gobber2_goo":30,"create:white_sail":2,"luminousworld:groundpebbles_1":16,"minecraft:charcoal":1,"minecraft:crafting_table":4,"minecraft:golden_pickaxe":1,"aether:aether_dirt":3,"minecraft:wooden_pickaxe":1,"spelunkers_charm:deepslate_rock":139,"minecraft:stripped_cherry_log":27,"minecraft:shield":1,"aether:blue_berry":39,"minecraft:item_frame":39,"minecraft:beef":16,"immersive_armors:wooden_leggings":1,"minecraft:birch_sapling":12,"minecraft:sugar_cane":4,"minecraft:chest":4,"luminousworld:white_oak_plank":62,"minecraft:raw_iron":236,"minecraft:sandstone":2,"minecraft:copper_ingot":44,"minecraft:fire_charge":6,"minecraft:white_dye":4,"create:windmill_bearing":4,"minecraft:cake":1,"minecraft:cookie":2,"luminousworld:beastiary":1,"create:hand_crank":6,"minecraft:carrot":1,"minecraft:redstone":150,"luminousworld:baobab_plank":5,"luminousworld:white_oak_sapling":46,"aether:skyroot_log":34,"immersive_armors:wooden_helmet":1,"minecraft:arrow":16,"minecraft:stone_shovel":1,"minecraft:beetroot_seeds":4,"minecraft:pumpkin_pie":1,"minecraft:shears":2,"minecraft:hay_block":2,"alexscaves:spelunkery_table":1,"minecraft:gold_ingot":14,"minecraft:glow_berries":6,"minecraft:mutton":14,"minecraft:rail":23,"minecraft:white_wool":7,"aether:skyroot_sapling":4,"minecraft:glow_ink_sac":2,"luminousworld:ishstone":72,"gobber2:gobber2_gooey_beefstew":15,"minecraft:leather":15,"minecraft:filled_map":5,"minecraft:birch_planks":3,"spelunkers_charm:old_miners_bundle":1,"minecraft:oak_log":261,"minecraft:gunpowder":5,"minecraft:white_banner":1,"aether:skyroot_planks":1,"minecraft:apple":23,"minecraft:kelp":26,"minecraft:warped_stem":1,"minecraft:iron_ingot":46,"minecraft:stone_pickaxe":4,"gobber2:gobber2_gooey_beefstew_nether":3,"minecraft:iron_sword":1,"minecraft:birch_boat":3,"minecraft:pumpkin":3,"minecraft:quartz":78,"minecraft:dandelion":14,"minecraft:raw_iron_block":1,"minecraft:gravel":21,"minecraft:amethyst_shard":2,"minecraft:white_bed":5,"minecraft:spider_eye":6,"luminousworld:whiteoaklog":264,"travelersbackpack:standard":2,"create:millstone":3,"immersive_armors:wooden_chestplate":1,"minecraft:dead_bubble_coral_block":1,"create:encased_fan":3,"minecraft:iron_helmet":2,"minecraft:cherry_sapling":77,"minecraft:gray_wool":2,"minecraft:warped_roots":2,"minecraft:melon_seeds":15,"spelunkers_charm:rock":2,"immersive_armors:wooden_boots":2,"minecraft:coal":310,"minecraft:ender_pearl":3},"minecraft:dropped":{"call_of_yucutan:obsidian_tecpatl":1,"minecraft:iron_sword":2,"minecraft:diamond":6,"minecraft:crafting_table":1,"minecraft:crossbow":1,"minecraft:glow_berries":1,"minecraft:cod":1,"gobber2:gobber2_gooey_bread_nether":3,"immersive_armors:wooden_leggings":1,"minecraft:bone_meal":1,"create:goggles":2,"gobber2:gobber2_goo":10,"minecraft:iron_pickaxe":3,"immersive_armors:wooden_chestplate":1,"gobber2:gobber2_gooey_bread":2,"minecraft:armor_stand":2,"minecraft:gravel":11,"minecraft:stone_axe":2,"minecraft:cobbled_deepslate":26,"immersive_armors:wooden_boots":4,"minecraft:rotten_flesh":8,"travelersbackpack:bat":2,"minecraft:gunpowder":1,"minecraft:charcoal":1,"minecraft:beetroot_seeds":4,"spelunkers_charm:rock":2,"minecraft:white_dye":4,"minecraft:arrow":2,"create:water_wheel":1,"minecraft:iron_ingot":50,"minecraft:water_bucket":1,"minecraft:wheat_seeds":68,"benssharks:silverfish":2,"luminousworld:ishstone":9,"minecraft:iron_helmet":1,"minecraft:cobblestone":6,"minecraft:granite":14,"gobber2:gobber2_glass_nether":2,"minecraft:coal":10,"minecraft:stick":3,"minecraft:pufferfish":1,"minecraft:sculk":3,"minecraft:diorite":1,"minecraft:torch":15,"luminousworld:auburn_sapling":1,"minecraft:wooden_axe":1,"minecraft:iron_leggings":1,"minecraft:string":65,"minecraft:stone_sword":2,"aether:blue_berry":9,"minecraft:tuff":5,"gobber2:gobber2_gooey_beef":10,"minecraft:iron_boots":1,"minecraft:name_tag":1,"minecraft:shears":1,"minecraft:filled_map":1,"minecraft:shield":2,"minecraft:flower_pot":1,"minecraft:iron_chestplate":1,"minecraft:spider_eye":2,"minecraft:bow":3,"minecraft:stone_pickaxe":2,"minecraft:wooden_pickaxe":2,"immersive_armors:wooden_helmet":1}},"DataVersion":3465}