{"stats":{"minecraft:picked_up":{"minecraft:birch_log":7,"minecraft:stick":5,"minecraft:repeater":2,"minecraft:redstone_lamp":9,"minecraft:redstone":16,"minecraft:dirt":5,"minecraft:lever":1,"minecraft:comparator":9,"minecraft:redstone_torch":5,"minecraft:gray_wool":4,"minecraft:lectern":1,"minecraft:birch_sapling":5},"minecraft:custom":{"minecraft:time_since_rest":12781,"minecraft:interact_with_furnace":2,"minecraft:sprint_one_cm":23937,"minecraft:damage_taken":30,"minecraft:walk_one_cm":74530,"minecraft:drop":2,"minecraft:swim_one_cm":2805,"minecraft:fly_one_cm":955,"minecraft:open_chest":1,"minecraft:crouch_one_cm":295,"minecraft:play_time":12781,"minecraft:sneak_time":113,"minecraft:walk_under_water_one_cm":3530,"minecraft:jump":113,"minecraft:time_since_death":12781,"minecraft:walk_on_water_one_cm":5032,"minecraft:total_world_time":12781,"minecraft:fall_one_cm":1276},"minecraft:dropped":{"minecraft:gray_wool":2},"minecraft:mined":{"minecraft:gray_wool":1,"minecraft:repeater":3,"minecraft:glass_pane":6,"minecraft:comparator":9,"minecraft:birch_log":7,"minecraft:sculk_vein":5,"minecraft:birch_leaves":2,"minecraft:lever":1,"minecraft:grass":1,"minecraft:lectern":1,"minecraft:redstone_wire":17,"minecraft:glass":1,"minecraft:sculk":13,"minecraft:oak_leaves":2,"minecraft:redstone_wall_torch":5,"minecraft:redstone_lamp":9},"minecraft:crafted":{"minecraft:deepslate":24,"minecraft:air":0},"minecraft:used":{"minecraft:redstone_torch":1,"minecraft:gray_wool":1}},"DataVersion":3465}