{"stats":{"minecraft:killed":{"specialmobs:skeleton":4,"aether:blue_swet":1,"specialmobs:puffersilverfish":15,"specialmobs:gatlingwitherskeleton":1,"aether:sheepuff":1,"aether:phyg":2,"aether:aechor_plant":1,"minecraft:sheep":2,"specialmobs:bruteskeleton":1,"specialmobs:cavespider":1,"specialmobs:witch":1,"specialmobs:zombie":10,"aether:aerbunny":1,"specialmobs:plaguezombie":1,"specialmobs:waterspider":1,"aether:flying_cow":1,"specialmobs:witherskeleton":1,"specialmobs:firezombie":4,"specialmobs:giantwitherskeleton":1},"minecraft:broken":{"minecraft:wooden_shovel":1,"minecraft:wooden_axe":1,"minecraft:iron_axe":1},"minecraft:custom":{"minecraft:interact_with_crafting_table":60,"minecraft:open_barrel":15,"minecraft:bell_ring":10,"minecraft:leave_game":7,"minecraft:time_since_death":6426,"minecraft:sprint_one_cm":959260,"minecraft:damage_blocked_by_shield":835,"minecraft:drop":25,"minecraft:play_time":391962,"minecraft:deaths":15,"minecraft:jump":4369,"minecraft:walk_on_water_one_cm":85758,"minecraft:interact_with_furnace":90,"minecraft:interact_with_loom":1,"minecraft:sleep_in_bed":16,"minecraft:damage_dealt":7510,"minecraft:crouch_one_cm":107905,"minecraft:interact_with_smithing_table":1,"minecraft:horse_one_cm":1607037,"minecraft:mob_kills":52,"minecraft:climb_one_cm":2198,"minecraft:walk_one_cm":1181286,"minecraft:sneak_time":38589,"minecraft:walk_under_water_one_cm":73655,"minecraft:interact_with_blast_furnace":1,"minecraft:total_world_time":391962,"minecraft:time_since_rest":6460,"minecraft:damage_taken":13158,"minecraft:minecart_one_cm":559,"minecraft:swim_one_cm":26131,"minecraft:fly_one_cm":389409,"minecraft:open_chest":211,"minecraft:fall_one_cm":188176},"minecraft:dropped":{"aether:skyroot_planks":2,"minecraft:lantern":2,"minecraft:leather":1,"minecraft:chain":1,"minecraft:sunflower":1,"minecraft:cherry_door":1,"minecraft:cherry_sapling":5,"minecraft:rotten_flesh":4,"luminousworld:grassflowers":1,"minecraft:iron_ingot":14,"minecraft:magenta_carpet":1,"minecraft:cherry_log":42,"minecraft:oak_fence":1,"minecraft:gray_wool":2,"minecraft:torch":50,"minecraft:iron_axe":1,"minecraft:dandelion":1,"minecraft:oak_sapling":2},"minecraft:used":{"minecraft:cherry_sapling":60,"gobber2:gobber2_goo":2,"gobber2:gobber2_gooey_bread":4,"aether:skyroot_slab":26,"minecraft:chest":12,"minecraft:shield":57,"minecraft:iron_sword":130,"minecraft:bell":2,"minecraft:iron_chestplate":3,"minecraft:mutton":2,"minecraft:tuff":1,"minecraft:glass":23,"minecraft:lantern":3,"minecraft:iron_helmet":1,"minecraft:item_frame":2,"immersive_armors:wooden_chestplate":1,"minecraft:repeater":1,"minecraft:redstone_lamp":8,"benssharks:silverfish":12,"minecraft:scaffolding":2,"minecraft:furnace":3,"minecraft:potato":2,"luminousworld:autumnplank":11,"minecraft:oak_planks":134,"minecraft:wooden_pickaxe":12,"luminousworld:groundpebbles_1":2,"luminousworld:autumnslab":25,"minecraft:glow_berries":1,"minecraft:black_bed":5,"gobber2:gobber2_gooey_bread_nether":3,"minecraft:redstone_torch":6,"aether:blue_aercloud":5,"minecraft:lever":1,"gobber2:gobber2_gooey_beefstew":1,"minecraft:bread":30,"minecraft:lectern":1,"minecraft:wooden_sword":10,"luminousworld:white_oak_fence":15,"minecraft:oak_trapdoor":1,"minecraft:bone_meal":36,"minecraft:dead_tube_coral_block":1,"minecraft:redstone":10,"aether:cold_aercloud":22,"aether:aether_dirt":2,"minecraft:wooden_shovel":61,"travelersbackpack:bat":1,"minecraft:netherrack":107,"minecraft:oak_door":1,"minecraft:torch":101,"minecraft:dirt":187,"minecraft:warped_wart_block":51,"minecraft:granite":2,"minecraft:wooden_axe":11,"minecraft:iron_axe":227,"minecraft:cherry_slab":32,"luminousworld:baobab_slab":23,"minecraft:iron_boots":3,"minecraft:barrel":1,"gobber2:gobber2_gooey_beef":1,"minecraft:glowstone":10,"minecraft:minecart":1,"aether:skyroot_planks":224,"minecraft:brown_bed":2,"minecraft:cooked_beef":11,"minecraft:cherry_log":25,"minecraft:cobbled_deepslate":33,"minecraft:cooked_mutton":3,"minecraft:water_bucket":24,"minecraft:birch_planks":54,"minecraft:baked_potato":3,"luminousworld:white_oak_plank":15,"minecraft:cherry_planks":213,"luminousworld:ishstone":2,"minecraft:rail":19,"minecraft:crafting_table":2,"minecraft:dead_fire_coral_block":1,"minecraft:warped_planks":76,"aether:blue_berry":16,"minecraft:apple":2,"minecraft:cherry_door":2,"minecraft:iron_pickaxe":591,"minecraft:spruce_trapdoor":1,"aether:skyroot_log":1,"minecraft:golden_leggings":2,"minecraft:stone_axe":2,"immersive_armors:wooden_boots":1,"minecraft:cobblestone":47,"travelersbackpack:standard":7,"minecraft:porkchop":4,"minecraft:bucket":24,"minecraft:yellow_bed":1,"immersive_armors:wooden_leggings":1,"minecraft:gray_wool":1},"minecraft:picked_up":{"minecraft:iron_chestplate":10,"minecraft:wheat":72,"travelersbackpack:bat":1,"minecraft:magenta_carpet":1,"aether:iron_gloves":4,"alexscaves:cave_tablet":15,"minecraft:brown_bed":3,"minecraft:enchanted_book":1,"minecraft:brewing_stand":1,"minecraft:music_disc_cat":1,"minecraft:string":14,"minecraft:dead_tube_coral_block":4,"minecraft:raw_copper":18,"minecraft:iron_leggings":7,"gobber2:gobber2_glass_nether":6,"minecraft:pufferfish":3,"minecraft:experience_bottle":1,"minecraft:sea_pickle":2,"aether:skyroot_stick":8,"minecraft:cobbled_deepslate":140,"minecraft:comparator":9,"minecraft:bucket":3,"minecraft:rose_bush":3,"minecraft:redstone_torch":6,"minecraft:iron_pickaxe":18,"minecraft:iron_boots":15,"minecraft:stick":196,"luminousworld:auburnlog":7,"minecraft:acacia_fence":2,"luminousworld:autumnslab":13,"minecraft:torch":54,"minecraft:porkchop":4,"luminousworld:savannah_soil":2,"minecraft:cherry_log":214,"minecraft:warped_planks":1,"gobber2:gobber2_foo":1,"luminousworld:grassflowers":5,"minecraft:stone_sword":1,"minecraft:rotten_flesh":17,"minecraft:light_blue_wool":3,"minecraft:glowstone":28,"luminousworld:tall_deadbush":4,"minecraft:deepslate_brick_stairs":1,"minecraft:cod":3,"minecraft:cobblestone":116,"minecraft:birch_log":13,"benssharks:silverfish":32,"luminousworld:savannah_ground":1,"minecraft:feather":4,"minecraft:repeater":3,"minecraft:cherry_planks":66,"minecraft:water_bucket":4,"minecraft:andesite":2,"minecraft:black_bed":5,"minecraft:golden_leggings":4,"minecraft:potato":5,"minecraft:tuff":3,"luminousworld:white_oak_fence":2,"gobber2:gobber2_gooey_bread_nether":3,"minecraft:lantern":8,"minecraft:lapis_lazuli":7,"minecraft:cherry_door":3,"minecraft:dirt":202,"minecraft:bone":19,"minecraft:bow":4,"gobber2:gobber2_gooey_beef":8,"minecraft:wheat_seeds":127,"minecraft:bell":2,"luminousworld:elephant_grass":1,"aether:cold_aercloud":88,"aether:book_of_lore":2,"minecraft:glowstone_dust":129,"minecraft:oak_planks":142,"gobber2:gobber2_gooey_bread":4,"minecraft:warped_wart_block":55,"minecraft:sand":34,"buildersdelight:iron_chisel":1,"minecraft:acacia_stairs":1,"minecraft:barrel":3,"luminousworld:yellowpetunias":1,"minecraft:lever":2,"minecraft:dead_brain_coral_block":9,"minecraft:granite":2,"aether:swet_ball":2,"minecraft:bone_meal":1,"luminousworld:auburn_sapling":3,"minecraft:emerald":1,"minecraft:bread":173,"minecraft:oak_sapling":23,"minecraft:cherry_slab":12,"minecraft:netherrack":238,"aether:blue_aercloud":57,"gobber2:gobber2_goo":19,"minecraft:charcoal":12,"aether:aechor_petal":2,"minecraft:fishing_rod":1,"luminousworld:groundpebbles_1":4,"minecraft:crafting_table":1,"minecraft:chicken":2,"minecraft:redstone_lamp":13,"aether:aether_dirt":13,"spelunkers_charm:deepslate_rock":12,"minecraft:diamond_horse_armor":3,"minecraft:chain":1,"minecraft:shield":14,"aether:blue_berry":16,"minecraft:cornflower":1,"minecraft:oak_trapdoor":1,"minecraft:iron_axe":12,"minecraft:wooden_sword":1,"minecraft:item_frame":7,"minecraft:compass":1,"aether:skyroot_slab":13,"minecraft:beef":1,"immersive_armors:wooden_leggings":3,"minecraft:poppy":1,"minecraft:lectern":1,"minecraft:minecart":1,"minecraft:chest":3,"minecraft:birch_sapling":10,"call_of_yucutan:obsidian_tecpatl":2,"minecraft:raw_iron":184,"aether:golden_parachute":1,"minecraft:oak_door":1,"minecraft:fire_charge":2,"minecraft:carrot":58,"minecraft:redstone":26,"minecraft:dark_oak_planks":1,"luminousworld:baobab_plank":33,"aether:skyroot_log":63,"minecraft:weeping_vines":2,"minecraft:arrow":5,"luminousworld:baobab_slab":1,"minecraft:hay_block":80,"minecraft:saddle":5,"minecraft:white_wool":2,"minecraft:glow_berries":22,"minecraft:mutton":5,"minecraft:rail":19,"minecraft:bone_block":2,"aether:skyroot_sapling":89,"luminousworld:ishstone":2,"gobber2:gobber2_gooey_beefstew":1,"minecraft:leather":1,"minecraft:birch_planks":16,"spelunkers_charm:old_miners_bundle":8,"minecraft:oak_log":33,"buildersdelight:cherry_planks_7":1,"minecraft:yellow_bed":1,"minecraft:cobbled_deepslate_stairs":3,"minecraft:paper":48,"aether:skyroot_planks":75,"minecraft:apple":1,"deeperdarker:warden_upgrade_smithing_template":1,"minecraft:warped_stem":38,"minecraft:iron_ingot":4,"minecraft:stone_pickaxe":1,"luminousworld:autumnplank":4,"minecraft:gray_bed":1,"minecraft:iron_sword":12,"minecraft:book":24,"aether:white_flower":16,"minecraft:scaffolding":2,"minecraft:warped_fungus":6,"minecraft:dark_oak_slab":1,"luminousworld:clovers_1":1,"minecraft:sculk":18,"minecraft:quartz":36,"minecraft:dandelion":19,"minecraft:dead_fire_coral_block":1,"minecraft:amethyst_shard":6,"travelersbackpack:standard":6,"minecraft:stone_axe":3,"immersive_armors:wooden_chestplate":3,"minecraft:iron_helmet":5,"minecraft:cherry_sapling":168,"minecraft:gray_wool":4,"minecraft:melon_seeds":3,"immersive_armors:wooden_boots":4,"minecraft:coal":64,"minecraft:sunflower":1},"minecraft:mined":{"minecraft:dark_oak_planks":1,"aether:cold_aercloud":68,"luminousworld:yellowpetunias":1,"minecraft:cobbled_deepslate_stairs":3,"minecraft:sculk_vein":40,"minecraft:cherry_log":224,"minecraft:brewing_stand":1,"minecraft:spruce_trapdoor":2,"minecraft:granite":2,"minecraft:grass_block":134,"gobber2:gobber2_lucky_block":4,"minecraft:tube_coral_block":1,"luminousworld:savanna_grass_2":2,"minecraft:tall_seagrass":2,"minecraft:magma_block":2,"minecraft:glowstone":43,"minecraft:sculk_catalyst":1,"minecraft:iron_ore":98,"minecraft:cobbled_deepslate":1,"minecraft:fire":45,"minecraft:barrel":3,"minecraft:brown_bed":3,"minecraft:deepslate_brick_stairs":2,"minecraft:brain_coral_block":4,"minecraft:magenta_carpet":1,"aether:holystone":2,"luminousworld:white_oak_fence":2,"luminousworld:tall_deadbush":1,"minecraft:torch":1,"minecraft:chest":3,"specialmobs:infested_tube_coral_block":1,"minecraft:nether_quartz_ore":19,"minecraft:glass":6,"minecraft:cobblestone":3,"aether:skyroot_slab":13,"minecraft:oak_planks":3,"minecraft:wall_torch":7,"minecraft:cherry_slab":11,"minecraft:seagrass":3,"minecraft:chain":1,"minecraft:repeater":4,"minecraft:warped_nylium":9,"specialmobs:infested_fire_coral_block":1,"minecraft:dark_oak_slab":1,"minecraft:warped_planks":1,"minecraft:birch_log":13,"minecraft:wheat":71,"minecraft:cherry_door":1,"aether:aether_grass_block":4,"minecraft:black_bed":5,"minecraft:warped_fungus":1,"graveyard:skull_pile":1,"minecraft:grass":51,"minecraft:oak_log":61,"minecraft:acacia_fence":3,"minecraft:sand":35,"minecraft:dirt":71,"luminousworld:grassvariant_3":8,"minecraft:netherrack":129,"luminousworld:savannah_grass_4":1,"aether:blue_aercloud":14,"minecraft:oak_leaves":24,"minecraft:deepslate":44,"minecraft:redstone_lamp":13,"luminousworld:savannah_ground":1,"minecraft:tuff":1,"luminousworld:grassvariant_4":1,"minecraft:oak_door":1,"minecraft:cherry_sapling":4,"minecraft:lever":2,"aether:mossy_holystone":1,"minecraft:redstone_wire":27,"luminousworld:grassvariant_2":16,"specialmobs:infested_brain_coral_block":3,"aether:white_flower":5,"minecraft:hay_block":81,"minecraft:oak_trapdoor":1,"aether:aether_dirt":3,"minecraft:nether_sprouts":1,"aether:skyroot_planks":23,"minecraft:acacia_stairs":1,"spelunkers_charm:deepslate_rock_pile_2":1,"minecraft:bell":2,"aether:skyroot_log":57,"minecraft:bookshelf":3,"minecraft:deepslate_iron_ore":29,"minecraft:shroomlight":2,"minecraft:rail":19,"minecraft:lantern":1,"minecraft:warped_stem":34,"luminousworld:groundpebbles_2":1,"minecraft:stone":69,"minecraft:redstone_wall_torch":6,"luminousworld:savannah_soil":2,"minecraft:acacia_leaves":1,"minecraft:scaffolding":2,"minecraft:glass_pane":12,"minecraft:comparator":9,"minecraft:dandelion":18,"travelersbackpack:standard":6,"minecraft:crafting_table":1,"luminousworld:savannah_grass_1":1,"minecraft:rose_bush":3,"minecraft:lectern":1,"minecraft:campfire":3,"luminousworld:auburnlog":7,"luminousworld:grassflowers":2,"minecraft:copper_ore":3,"minecraft:tall_grass":5,"minecraft:lapis_ore":1,"minecraft:sculk":117,"minecraft:warped_wart_block":94,"luminousworld:whiteoaklog":11,"aether:skyroot_leaves":24,"minecraft:birch_planks":4,"minecraft:gray_wool":1,"minecraft:sea_pickle":1,"spelunkers_charm:deepslate_rock_pile_3":1,"minecraft:gray_bed":1,"aether:berry_bush":4,"minecraft:birch_leaves":5,"luminousworld:autumnplank":3,"gobber2:gobber2_lucky_block_deepslate":3,"minecraft:yellow_bed":1,"minecraft:coal_ore":47,"luminousworld:ishstone":1,"minecraft:sunflower":1,"minecraft:cobweb":5,"minecraft:potted_white_tulip":1,"luminousworld:autumnslab":10,"luminousworld:elephant_grass":1},"minecraft:killed_by":{"specialmobs:skeleton":1,"specialmobs:firezombie":1,"specialmobs:giantwitherskeleton":2,"minecraft:warden":3,"specialmobs:gatlingwitherskeleton":1},"minecraft:crafted":{"minecraft:oak_planks":196,"luminousworld:white_oak_fence":27,"minecraft:cherry_slab":42,"minecraft:cooked_mutton":3,"immersive_armors:wooden_chestplate":1,"minecraft:warped_planks":120,"minecraft:glass":34,"minecraft:chest":9,"minecraft:deepslate":24,"minecraft:crafting_table":2,"minecraft:wooden_pickaxe":1,"minecraft:baked_potato":3,"immersive_armors:wooden_leggings":1,"minecraft:birch_planks":52,"immersive_armors:wooden_boots":1,"aether:skyroot_slab":18,"minecraft:iron_chestplate":1,"minecraft:charcoal":36,"minecraft:cherry_sign":6,"minecraft:shield":1,"minecraft:stick":52,"minecraft:iron_ingot":99,"minecraft:iron_pickaxe":3,"luminousworld:autumnslab":15,"minecraft:cherry_planks":376,"minecraft:wooden_sword":1,"minecraft:furnace":4,"minecraft:bone_meal":36,"minecraft:iron_axe":3,"luminousworld:white_oak_plank":84,"luminousworld:baobab_slab":24,"minecraft:minecart":1,"aether:skyroot_planks":224,"minecraft:wheat":695,"minecraft:cooked_beef":11,"luminousworld:autumnplank":28,"minecraft:dried_kelp":7,"minecraft:iron_sword":1,"minecraft:bucket":3,"minecraft:glowstone":32,"minecraft:bread":256,"minecraft:air":0,"minecraft:wooden_axe":1,"minecraft:iron_leggings":1,"minecraft:cherry_door":3,"minecraft:torch":152}},"DataVersion":3465}