{"stats":{"minecraft:killed":{"specialmobs:skeleton":4,"aether:blue_swet":1,"specialmobs:puffersilverfish":15,"specialmobs:gatlingwitherskeleton":1,"aether:sheepuff":1,"aether:phyg":2,"aether:aechor_plant":1,"minecraft:sheep":2,"minecraft:trader_llama":2,"specialmobs:bruteskeleton":1,"specialmobs:cavespider":3,"specialmobs:witch":1,"specialmobs:zombie":10,"aether:aerbunny":1,"specialmobs:plaguezombie":1,"specialmobs:waterspider":1,"minecraft:wandering_trader":1,"aether:flying_cow":1,"specialmobs:witherskeleton":1,"specialmobs:firezombie":4,"specialmobs:giantwitherskeleton":1},"minecraft:picked_up":{"minecraft:birch_door":3,"minecraft:iron_chestplate":10,"minecraft:wheat":73,"travelersbackpack:bat":1,"minecraft:magenta_carpet":1,"minecraft:lead":3,"aether:iron_gloves":4,"alexscaves:cave_tablet":15,"minecraft:oak_stairs":5,"minecraft:brown_bed":4,"minecraft:enchanted_book":1,"minecraft:brewing_stand":1,"minecraft:music_disc_cat":1,"minecraft:string":16,"minecraft:dead_tube_coral_block":4,"minecraft:raw_copper":18,"minecraft:iron_leggings":7,"gobber2:gobber2_glass_nether":6,"minecraft:pufferfish":3,"minecraft:experience_bottle":1,"minecraft:sea_pickle":5,"aether:skyroot_stick":12,"minecraft:cobbled_deepslate":141,"minecraft:comparator":18,"minecraft:bucket":3,"minecraft:rose_bush":3,"minecraft:redstone_torch":7,"minecraft:iron_pickaxe":18,"minecraft:furnace":1,"minecraft:iron_boots":15,"minecraft:stick":337,"luminousworld:auburnlog":7,"minecraft:acacia_fence":2,"luminousworld:autumnslab":13,"minecraft:torch":57,"minecraft:spruce_stairs":1,"minecraft:porkchop":4,"luminousworld:savannah_soil":4,"minecraft:cherry_log":231,"minecraft:warped_planks":13,"gobber2:gobber2_foo":1,"luminousworld:grassflowers":10,"minecraft:stone_sword":3,"luminousworld:yellow_grassflowers":1,"minecraft:rotten_flesh":23,"buildersdelight:birch_planks_5":126,"minecraft:light_blue_wool":3,"minecraft:glowstone":28,"luminousworld:tall_deadbush":4,"minecraft:deepslate_brick_stairs":2,"minecraft:cod":3,"minecraft:cobblestone":178,"minecraft:birch_log":111,"benssharks:silverfish":35,"luminousworld:savannah_ground":1,"minecraft:feather":4,"minecraft:repeater":5,"minecraft:cherry_planks":176,"minecraft:birch_slab":73,"minecraft:water_bucket":4,"minecraft:andesite":4,"minecraft:black_bed":10,"minecraft:golden_leggings":4,"minecraft:potato":8,"minecraft:tuff":3,"luminousworld:white_oak_fence":16,"minecraft:warped_trapdoor":1,"gobber2:gobber2_gooey_bread_nether":3,"minecraft:cherry_door":6,"minecraft:lapis_lazuli":14,"minecraft:dirt":655,"minecraft:lantern":14,"minecraft:name_tag":1,"minecraft:glass":1,"minecraft:bone":19,"minecraft:stonecutter":1,"minecraft:bow":5,"gobber2:gobber2_gooey_beef":8,"minecraft:wheat_seeds":144,"minecraft:bell":2,"luminousworld:elephant_grass":1,"aether:cold_aercloud":88,"twilightforest:hollow_cherry_log":1,"aether:book_of_lore":2,"minecraft:glowstone_dust":130,"minecraft:oak_planks":194,"gobber2:gobber2_gooey_bread":4,"aether:golden_oak_sapling":18,"minecraft:warped_wart_block":55,"minecraft:sand":237,"buildersdelight:iron_chisel":1,"minecraft:acacia_stairs":1,"minecraft:barrel":3,"aether:stripped_skyroot_log":3,"minecraft:deepslate":24,"luminousworld:yellowpetunias":8,"minecraft:lever":3,"minecraft:dead_brain_coral_block":9,"aether:swet_ball":2,"minecraft:granite":2,"minecraft:bone_meal":2,"luminousworld:auburn_sapling":6,"minecraft:emerald":6,"minecraft:bread":174,"minecraft:oak_sapling":110,"minecraft:cherry_slab":33,"minecraft:netherrack":247,"aether:blue_aercloud":57,"gobber2:gobber2_goo":19,"minecraft:fishing_rod":1,"minecraft:charcoal":31,"luminousworld:groundpebbles_1":6,"aether:aechor_petal":2,"minecraft:crafting_table":5,"minecraft:chicken":4,"minecraft:clay_ball":3,"minecraft:leather_leggings":1,"aether:aether_dirt":13,"minecraft:redstone_lamp":18,"minecraft:wooden_pickaxe":1,"minecraft:stone_brick_wall":18,"buildersdelight:oak_table_1":2,"spelunkers_charm:deepslate_rock":12,"minecraft:diamond_horse_armor":3,"minecraft:chain":1,"minecraft:shield":15,"aether:leather_gloves":1,"aether:blue_berry":16,"minecraft:cornflower":1,"minecraft:oak_trapdoor":1,"minecraft:iron_axe":12,"minecraft:wooden_sword":1,"aether:skyroot_slab":19,"minecraft:item_frame":16,"minecraft:compass":1,"minecraft:iron_shovel":4,"minecraft:beef":1,"immersive_armors:wooden_leggings":4,"minecraft:poppy":2,"minecraft:lectern":1,"minecraft:minecart":2,"minecraft:chest":16,"minecraft:birch_sapling":35,"minecraft:spruce_trapdoor":2,"call_of_yucutan:obsidian_tecpatl":2,"minecraft:raw_iron":185,"minecraft:stone":3,"aether:golden_parachute":1,"minecraft:oak_door":1,"minecraft:fire_charge":4,"minecraft:carrot":58,"minecraft:redstone":42,"minecraft:dark_oak_planks":1,"luminousworld:baobab_plank":33,"luminousworld:white_oak_sapling":4,"aether:skyroot_log":73,"minecraft:arrow":6,"minecraft:weeping_vines":2,"luminousworld:baobab_slab":3,"minecraft:hay_block":80,"create:depot":1,"minecraft:saddle":5,"minecraft:white_wool":4,"minecraft:glow_berries":22,"minecraft:mutton":5,"minecraft:bone_block":2,"minecraft:rail":38,"aether:skyroot_sapling":95,"minecraft:glow_ink_sac":2,"luminousworld:ishstone":2,"gobber2:gobber2_gooey_beefstew":1,"minecraft:leather":4,"minecraft:birch_planks":72,"spelunkers_charm:old_miners_bundle":8,"minecraft:oak_log":83,"buildersdelight:cherry_planks_7":1,"minecraft:yellow_bed":1,"minecraft:cobbled_deepslate_stairs":3,"minecraft:paper":48,"aether:skyroot_planks":75,"minecraft:stone_bricks":63,"minecraft:apple":5,"deeperdarker:warden_upgrade_smithing_template":1,"minecraft:warped_stem":38,"minecraft:iron_ingot":48,"minecraft:stone_pickaxe":1,"minecraft:cobweb":16,"minecraft:cherry_sign":14,"luminousworld:white_petunias":1,"luminousworld:autumnplank":8,"minecraft:gray_bed":1,"minecraft:iron_sword":12,"minecraft:book":24,"aether:white_flower":17,"minecraft:scaffolding":2,"minecraft:warped_fungus":7,"minecraft:dark_oak_slab":1,"luminousworld:clovers_1":1,"minecraft:sculk":18,"minecraft:quartz":36,"buildersdelight:oak_chair_1":2,"minecraft:dandelion":37,"minecraft:birch_stairs":16,"minecraft:dead_fire_coral_block":1,"minecraft:amethyst_shard":6,"minecraft:soul_torch":12,"luminousworld:whiteoaklog":13,"travelersbackpack:standard":6,"minecraft:stone_axe":3,"immersive_armors:wooden_chestplate":4,"minecraft:iron_helmet":5,"minecraft:cherry_sapling":289,"minecraft:gray_wool":4,"minecraft:baked_potato":1,"minecraft:melon_seeds":3,"immersive_armors:wooden_boots":4,"minecraft:coal":64,"minecraft:sunflower":1},"minecraft:mined":{"minecraft:dark_oak_planks":1,"aether:cold_aercloud":68,"luminousworld:yellowpetunias":3,"minecraft:cobbled_deepslate_stairs":3,"minecraft:cherry_log":226,"minecraft:sculk_vein":40,"minecraft:brewing_stand":1,"minecraft:cave_vines_plant":1,"minecraft:spruce_trapdoor":4,"minecraft:granite":2,"minecraft:grass_block":341,"minecraft:stone_brick_wall":12,"gobber2:gobber2_lucky_block":4,"minecraft:tube_coral_block":1,"luminousworld:savanna_grass_2":2,"minecraft:tall_seagrass":2,"minecraft:magma_block":2,"minecraft:glowstone":43,"minecraft:sculk_catalyst":1,"minecraft:iron_ore":98,"minecraft:barrel":3,"minecraft:cobbled_deepslate":1,"minecraft:fire":46,"create:oak_window_pane":96,"minecraft:brown_bed":3,"minecraft:dirt_path":1,"minecraft:oak_stairs":5,"minecraft:deepslate_brick_stairs":2,"minecraft:brain_coral_block":4,"minecraft:magenta_carpet":1,"aether:holystone":2,"luminousworld:white_oak_fence":2,"luminousworld:tall_deadbush":1,"twilightforest:hollow_cherry_log_vertical":1,"minecraft:torch":1,"buildersdelight:oak_chair_1":2,"minecraft:poppy":1,"minecraft:chest":16,"specialmobs:infested_tube_coral_block":1,"minecraft:glass":7,"minecraft:nether_quartz_ore":19,"minecraft:cobblestone":3,"aether:skyroot_slab":19,"minecraft:oak_planks":57,"minecraft:wall_torch":7,"minecraft:cherry_slab":11,"buildersdelight:birch_planks_5":2,"minecraft:seagrass":3,"minecraft:chain":1,"minecraft:repeater":4,"minecraft:warped_nylium":9,"specialmobs:infested_fire_coral_block":1,"minecraft:dark_oak_slab":1,"minecraft:warped_planks":14,"minecraft:birch_log":79,"minecraft:wheat":71,"minecraft:birch_door":3,"minecraft:cherry_door":1,"aether:aether_grass_block":4,"minecraft:warped_fungus":1,"minecraft:black_bed":10,"graveyard:skull_pile":1,"minecraft:grass":61,"minecraft:oak_log":112,"minecraft:acacia_fence":3,"minecraft:dirt":281,"minecraft:sand":240,"luminousworld:grassvariant_3":9,"minecraft:stonecutter":1,"minecraft:netherrack":129,"luminousworld:savannah_grass_4":1,"aether:blue_aercloud":14,"minecraft:oak_leaves":29,"minecraft:deepslate":44,"minecraft:redstone_lamp":13,"luminousworld:savannah_ground":1,"minecraft:tuff":1,"luminousworld:grassvariant_4":1,"minecraft:oak_door":1,"minecraft:cherry_sapling":4,"minecraft:lever":2,"aether:mossy_holystone":1,"minecraft:redstone_wire":27,"luminousworld:grassvariant_2":20,"specialmobs:infested_brain_coral_block":3,"aether:white_flower":5,"minecraft:birch_slab":78,"buildersdelight:oak_table_1":2,"minecraft:cherry_wall_sign":8,"minecraft:hay_block":81,"minecraft:oak_trapdoor":1,"aether:aether_dirt":3,"minecraft:nether_sprouts":1,"aether:skyroot_planks":23,"minecraft:acacia_stairs":1,"spelunkers_charm:deepslate_rock_pile_2":1,"minecraft:bell":2,"minecraft:bookshelf":3,"aether:skyroot_log":57,"minecraft:shroomlight":2,"minecraft:deepslate_iron_ore":29,"minecraft:rail":19,"minecraft:lantern":7,"minecraft:warped_stem":34,"luminousworld:groundpebbles_2":1,"minecraft:warped_trapdoor":1,"minecraft:stone":132,"minecraft:redstone_wall_torch":6,"luminousworld:savannah_soil":2,"minecraft:birch_stairs":20,"minecraft:scaffolding":2,"minecraft:acacia_leaves":1,"minecraft:glass_pane":13,"minecraft:comparator":9,"minecraft:dandelion":19,"travelersbackpack:standard":6,"minecraft:crafting_table":3,"luminousworld:savannah_grass_1":1,"minecraft:rose_bush":3,"aether:golden_oak_log":27,"luminousworld:auburnlog":7,"minecraft:lectern":1,"minecraft:campfire":3,"luminousworld:grassflowers":3,"minecraft:copper_ore":3,"minecraft:tall_grass":7,"minecraft:lapis_ore":1,"minecraft:sculk":117,"minecraft:spruce_stairs":2,"minecraft:warped_wart_block":94,"luminousworld:whiteoaklog":24,"aether:skyroot_leaves":24,"minecraft:birch_planks":61,"minecraft:gray_wool":1,"minecraft:sea_pickle":1,"minecraft:redstone_torch":1,"spelunkers_charm:deepslate_rock_pile_3":1,"minecraft:gray_bed":1,"aether:berry_bush":4,"minecraft:birch_leaves":5,"luminousworld:autumnplank":3,"gobber2:gobber2_lucky_block_deepslate":3,"minecraft:yellow_bed":1,"minecraft:coal_ore":47,"luminousworld:ishstone":1,"minecraft:sunflower":1,"minecraft:cobweb":6,"minecraft:potted_white_tulip":1,"minecraft:stone_bricks":57,"luminousworld:autumnslab":10,"luminousworld:elephant_grass":1},"minecraft:used":{"minecraft:cherry_sapling":61,"gobber2:gobber2_goo":2,"minecraft:iron_shovel":568,"gobber2:gobber2_gooey_bread":4,"create:oak_window_pane":111,"minecraft:shield":60,"minecraft:chest":31,"aether:skyroot_slab":26,"minecraft:iron_sword":143,"create:oak_window":4,"minecraft:bell":2,"minecraft:iron_chestplate":3,"minecraft:mutton":2,"minecraft:tuff":1,"minecraft:glass":136,"minecraft:birch_sapling":9,"minecraft:lantern":12,"minecraft:iron_helmet":1,"minecraft:stone_brick_stairs":20,"minecraft:stone_bricks":67,"minecraft:item_frame":20,"minecraft:repeater":1,"immersive_armors:wooden_chestplate":1,"minecraft:redstone_lamp":8,"benssharks:silverfish":12,"minecraft:scaffolding":2,"minecraft:oak_sapling":14,"minecraft:furnace":5,"buildersdelight:birch_planks_5":126,"minecraft:potato":5,"luminousworld:autumnplank":11,"twilightforest:hollow_cherry_log":1,"minecraft:oak_planks":248,"buildersdelight:oak_table_1":4,"minecraft:wooden_pickaxe":12,"luminousworld:groundpebbles_1":2,"luminousworld:autumnslab":25,"minecraft:glow_berries":1,"minecraft:sand":15,"minecraft:black_bed":10,"gobber2:gobber2_gooey_bread_nether":3,"minecraft:cobbled_deepslate_stairs":1,"minecraft:redstone_torch":7,"aether:blue_aercloud":5,"minecraft:lever":1,"gobber2:gobber2_gooey_beefstew":1,"minecraft:birch_slab":269,"minecraft:bread":66,"minecraft:lectern":1,"minecraft:cherry_sign":9,"minecraft:fire_charge":2,"minecraft:wooden_sword":10,"luminousworld:white_oak_fence":15,"minecraft:cobweb":1,"minecraft:oak_trapdoor":1,"minecraft:bone_meal":54,"minecraft:dead_tube_coral_block":1,"minecraft:redstone":10,"aether:cold_aercloud":22,"aether:aether_dirt":2,"minecraft:wooden_shovel":61,"travelersbackpack:bat":1,"minecraft:netherrack":107,"minecraft:oak_door":1,"minecraft:torch":101,"minecraft:brewing_stand":1,"minecraft:dirt":414,"minecraft:warped_wart_block":51,"minecraft:granite":2,"minecraft:birch_door":6,"minecraft:wooden_axe":11,"minecraft:cherry_slab":32,"minecraft:iron_axe":542,"minecraft:oak_stairs":9,"luminousworld:baobab_slab":23,"minecraft:iron_boots":3,"buildersdelight:oak_chair_1":6,"minecraft:barrel":3,"gobber2:gobber2_gooey_beef":1,"minecraft:glowstone":10,"minecraft:minecart":1,"aether:skyroot_planks":228,"minecraft:brown_bed":2,"minecraft:cooked_beef":11,"minecraft:cherry_log":25,"minecraft:cobbled_deepslate":33,"minecraft:cooked_mutton":3,"minecraft:water_bucket":24,"minecraft:birch_planks":137,"minecraft:lead":1,"minecraft:baked_potato":4,"luminousworld:white_oak_plank":15,"minecraft:cherry_planks":215,"luminousworld:ishstone":2,"minecraft:stonecutter":2,"minecraft:rail":19,"minecraft:dead_fire_coral_block":1,"minecraft:crafting_table":4,"minecraft:warped_planks":116,"aether:blue_berry":16,"minecraft:acacia_stairs":1,"minecraft:apple":3,"minecraft:warped_trapdoor":2,"minecraft:cherry_door":2,"minecraft:iron_pickaxe":731,"minecraft:spruce_trapdoor":3,"aether:skyroot_log":1,"minecraft:golden_leggings":2,"minecraft:stone_axe":2,"immersive_armors:wooden_boots":1,"minecraft:cobblestone":47,"travelersbackpack:standard":7,"minecraft:porkchop":4,"minecraft:bucket":24,"minecraft:yellow_bed":1,"immersive_armors:wooden_leggings":1,"minecraft:gray_wool":1,"minecraft:birch_stairs":45},"minecraft:dropped":{"aether:skyroot_planks":2,"minecraft:birch_planks":1,"luminousworld:white_petunias":1,"minecraft:lantern":6,"minecraft:leather":1,"minecraft:dirt":14,"minecraft:chain":1,"minecraft:sunflower":1,"minecraft:sand":12,"minecraft:cherry_door":4,"luminousworld:clovers_1":1,"aether:skyroot_stick":4,"minecraft:lever":1,"minecraft:birch_sapling":1,"minecraft:cherry_sapling":5,"minecraft:rotten_flesh":4,"minecraft:oak_planks":1,"luminousworld:grassflowers":1,"minecraft:stone_brick_wall":9,"create:depot":1,"minecraft:iron_ingot":14,"minecraft:bread":71,"minecraft:magenta_carpet":1,"minecraft:cherry_log":43,"minecraft:oak_fence":1,"minecraft:warped_trapdoor":1,"minecraft:cherry_sign":5,"minecraft:gray_wool":2,"minecraft:torch":50,"minecraft:fire_charge":1,"minecraft:iron_axe":2,"minecraft:iron_shovel":2,"minecraft:dandelion":1,"minecraft:birch_pressure_plate":1,"minecraft:cherry_slab":1,"minecraft:potato":4,"minecraft:stone":2,"aether:golden_oak_sapling":6,"luminousworld:groundpebbles_1":4,"minecraft:oak_sapling":16},"minecraft:killed_by":{"specialmobs:skeleton":1,"specialmobs:firezombie":1,"specialmobs:giantwitherskeleton":2,"minecraft:warden":3,"specialmobs:gatlingwitherskeleton":1},"minecraft:crafted":{"minecraft:oak_planks":396,"luminousworld:white_oak_fence":27,"minecraft:cherry_slab":42,"minecraft:birch_slab":228,"minecraft:stone":53,"buildersdelight:oak_table_1":2,"minecraft:cooked_mutton":3,"immersive_armors:wooden_chestplate":1,"minecraft:warped_planks":128,"minecraft:glass":186,"minecraft:birch_door":3,"minecraft:chest":16,"minecraft:stone_bricks":52,"minecraft:item_frame":6,"minecraft:deepslate":24,"minecraft:crafting_table":3,"minecraft:wooden_pickaxe":1,"minecraft:baked_potato":3,"immersive_armors:wooden_leggings":1,"minecraft:birch_pressure_plate":1,"minecraft:birch_planks":296,"immersive_armors:wooden_boots":1,"aether:skyroot_slab":18,"minecraft:stone_brick_stairs":20,"minecraft:iron_chestplate":1,"minecraft:cherry_sign":6,"minecraft:charcoal":53,"minecraft:shield":1,"minecraft:stick":52,"minecraft:iron_ingot":99,"minecraft:iron_pickaxe":3,"minecraft:birch_stairs":36,"luminousworld:autumnslab":15,"minecraft:cherry_planks":440,"minecraft:wooden_sword":1,"minecraft:iron_nugget":45,"minecraft:furnace":5,"minecraft:bone_meal":54,"create:oak_window":64,"minecraft:warped_trapdoor":2,"buildersdelight:oak_chair_1":4,"minecraft:lantern":5,"minecraft:iron_axe":5,"luminousworld:white_oak_plank":136,"luminousworld:baobab_slab":24,"buildersdelight:oak_furniture_kit":12,"aether:skyroot_planks":264,"minecraft:minecart":1,"minecraft:wheat":695,"minecraft:cooked_beef":11,"luminousworld:autumnplank":28,"minecraft:dried_kelp":7,"minecraft:iron_sword":1,"minecraft:bucket":3,"minecraft:glowstone":32,"minecraft:bread":256,"minecraft:air":0,"minecraft:wooden_axe":1,"minecraft:oak_stairs":8,"minecraft:iron_shovel":5,"minecraft:cherry_door":3,"minecraft:iron_leggings":1,"minecraft:stonecutter":1,"create:oak_window_pane":112,"minecraft:torch":156},"minecraft:custom":{"minecraft:interact_with_crafting_table":121,"minecraft:open_barrel":24,"minecraft:bell_ring":10,"minecraft:leave_game":8,"minecraft:time_since_death":220327,"minecraft:sprint_one_cm":1499167,"minecraft:damage_blocked_by_shield":905,"minecraft:drop":166,"minecraft:talked_to_villager":1,"minecraft:play_time":605863,"minecraft:deaths":15,"minecraft:jump":5810,"minecraft:walk_on_water_one_cm":93766,"minecraft:interact_with_furnace":131,"minecraft:interact_with_loom":2,"minecraft:sleep_in_bed":34,"minecraft:damage_dealt":9480,"minecraft:crouch_one_cm":148707,"minecraft:interact_with_smithing_table":1,"minecraft:horse_one_cm":1607037,"minecraft:mob_kills":58,"minecraft:climb_one_cm":7073,"minecraft:walk_one_cm":2025113,"minecraft:sneak_time":52649,"minecraft:walk_under_water_one_cm":76541,"minecraft:interact_with_blast_furnace":1,"minecraft:total_world_time":605863,"minecraft:interact_with_stonecutter":4,"minecraft:time_since_rest":7077,"minecraft:damage_taken":14382,"minecraft:minecart_one_cm":559,"minecraft:swim_one_cm":26131,"minecraft:fly_one_cm":524991,"minecraft:open_chest":506,"minecraft:fall_one_cm":231254},"minecraft:broken":{"minecraft:iron_shovel":2,"minecraft:wooden_shovel":1,"minecraft:wooden_axe":1,"minecraft:iron_axe":3,"minecraft:iron_pickaxe":1}},"DataVersion":3465}