{"stats":{"minecraft:picked_up":{"minecraft:birch_log":7,"luminousworld:auburnlog":7,"luminousworld:groundpebbles_1":2,"minecraft:stick":32,"minecraft:repeater":2,"minecraft:redstone_lamp":9,"minecraft:dandelion":17,"minecraft:cherry_log":64,"minecraft:redstone":16,"minecraft:dirt":96,"luminousworld:grassflowers":2,"minecraft:wheat_seeds":2,"minecraft:lever":1,"minecraft:comparator":9,"luminousworld:auburn_sapling":3,"minecraft:cherry_sapling":54,"minecraft:redstone_torch":5,"minecraft:gray_wool":4,"minecraft:lectern":1,"minecraft:birch_sapling":5},"minecraft:custom":{"minecraft:time_since_rest":24460,"minecraft:interact_with_furnace":2,"minecraft:sprint_one_cm":37471,"minecraft:damage_taken":50,"minecraft:walk_one_cm":136130,"minecraft:drop":2,"minecraft:swim_one_cm":2805,"minecraft:interact_with_crafting_table":2,"minecraft:fly_one_cm":2722,"minecraft:open_chest":2,"minecraft:crouch_one_cm":606,"minecraft:play_time":24460,"minecraft:sneak_time":415,"minecraft:walk_under_water_one_cm":3530,"minecraft:jump":182,"minecraft:leave_game":1,"minecraft:time_since_death":24460,"minecraft:walk_on_water_one_cm":5032,"minecraft:total_world_time":24460,"minecraft:fall_one_cm":3583},"minecraft:dropped":{"minecraft:gray_wool":2},"minecraft:mined":{"minecraft:gray_wool":1,"minecraft:repeater":3,"minecraft:glass_pane":6,"minecraft:comparator":9,"minecraft:birch_log":7,"minecraft:cherry_log":65,"minecraft:sculk_vein":5,"minecraft:cherry_sapling":3,"minecraft:birch_leaves":2,"minecraft:dandelion":17,"minecraft:lever":1,"minecraft:grass":35,"minecraft:grass_block":68,"luminousworld:auburnlog":7,"luminousworld:grassflowers":1,"minecraft:dirt":24,"minecraft:lectern":1,"minecraft:redstone_wire":17,"luminousworld:grassvariant_2":14,"luminousworld:grassvariant_3":6,"minecraft:glass":1,"luminousworld:groundpebbles_2":1,"minecraft:sculk":13,"minecraft:oak_leaves":2,"minecraft:redstone_wall_torch":5,"minecraft:redstone_lamp":9},"minecraft:crafted":{"minecraft:cherry_planks":12,"minecraft:deepslate":24,"minecraft:crafting_table":1,"minecraft:chest":1,"minecraft:birch_planks":28,"minecraft:air":0},"minecraft:used":{"minecraft:redstone_torch":1,"minecraft:cherry_sapling":12,"minecraft:birch_planks":25,"minecraft:lectern":1,"minecraft:wooden_shovel":61,"minecraft:dirt":52,"minecraft:crafting_table":1,"minecraft:gray_wool":1,"minecraft:cherry_log":24},"minecraft:broken":{"minecraft:wooden_shovel":1}},"DataVersion":3465}