{"stats":{"minecraft:crafted":{"luminousworld:white_oak_fence":27,"minecraft:oak_planks":196,"minecraft:cherry_slab":42,"minecraft:cooked_mutton":3,"immersive_armors:wooden_chestplate":1,"minecraft:warped_planks":120,"minecraft:glass":34,"minecraft:chest":9,"minecraft:deepslate":24,"minecraft:crafting_table":2,"minecraft:wooden_pickaxe":1,"minecraft:baked_potato":3,"immersive_armors:wooden_leggings":1,"minecraft:birch_planks":52,"immersive_armors:wooden_boots":1,"minecraft:iron_chestplate":1,"minecraft:charcoal":36,"minecraft:cherry_sign":6,"minecraft:shield":1,"minecraft:stick":52,"minecraft:iron_ingot":99,"minecraft:iron_pickaxe":2,"luminousworld:autumnslab":15,"minecraft:cherry_planks":376,"minecraft:wooden_sword":1,"minecraft:furnace":4,"minecraft:iron_axe":3,"luminousworld:white_oak_plank":84,"luminousworld:baobab_slab":24,"minecraft:minecart":1,"aether:skyroot_planks":200,"minecraft:wheat":27,"minecraft:cooked_beef":11,"luminousworld:autumnplank":28,"minecraft:dried_kelp":7,"minecraft:iron_sword":1,"minecraft:bucket":3,"minecraft:glowstone":32,"minecraft:bread":10,"minecraft:air":0,"minecraft:wooden_axe":1,"minecraft:cherry_door":3,"minecraft:iron_leggings":1,"minecraft:torch":152},"minecraft:custom":{"minecraft:interact_with_crafting_table":52,"minecraft:open_barrel":12,"minecraft:leave_game":7,"minecraft:time_since_death":1697,"minecraft:sprint_one_cm":733727,"minecraft:damage_blocked_by_shield":615,"minecraft:drop":17,"minecraft:play_time":302601,"minecraft:deaths":9,"minecraft:jump":3552,"minecraft:walk_on_water_one_cm":69614,"minecraft:interact_with_furnace":86,"minecraft:interact_with_loom":1,"minecraft:sleep_in_bed":12,"minecraft:damage_dealt":6275,"minecraft:crouch_one_cm":95765,"minecraft:horse_one_cm":647157,"minecraft:interact_with_smithing_table":1,"minecraft:mob_kills":45,"minecraft:climb_one_cm":1876,"minecraft:walk_one_cm":931023,"minecraft:sneak_time":34250,"minecraft:walk_under_water_one_cm":51822,"minecraft:interact_with_blast_furnace":1,"minecraft:total_world_time":302601,"minecraft:time_since_rest":1508,"minecraft:damage_taken":10547,"minecraft:minecart_one_cm":559,"minecraft:swim_one_cm":20503,"minecraft:fly_one_cm":313002,"minecraft:open_chest":144,"minecraft:fall_one_cm":161163},"minecraft:killed":{"specialmobs:skeleton":4,"specialmobs:puffersilverfish":15,"aether:sheepuff":1,"aether:phyg":2,"aether:aechor_plant":1,"minecraft:sheep":2,"specialmobs:bruteskeleton":1,"specialmobs:cavespider":1,"specialmobs:witch":1,"specialmobs:zombie":10,"aether:aerbunny":1,"specialmobs:plaguezombie":1,"specialmobs:waterspider":1,"aether:flying_cow":1,"specialmobs:firezombie":2},"minecraft:killed_by":{"specialmobs:skeleton":1,"minecraft:warden":3},"minecraft:mined":{"aether:cold_aercloud":48,"luminousworld:yellowpetunias":1,"minecraft:sculk_vein":40,"minecraft:cherry_log":214,"minecraft:granite":2,"minecraft:grass_block":102,"gobber2:gobber2_lucky_block":4,"minecraft:tube_coral_block":1,"minecraft:glowstone":43,"minecraft:sculk_catalyst":1,"minecraft:cobbled_deepslate":1,"minecraft:iron_ore":98,"minecraft:fire":17,"minecraft:barrel":3,"minecraft:brown_bed":3,"minecraft:brain_coral_block":4,"aether:holystone":2,"luminousworld:white_oak_fence":2,"minecraft:torch":1,"minecraft:chest":3,"specialmobs:infested_tube_coral_block":1,"minecraft:glass":6,"minecraft:cobblestone":3,"minecraft:oak_planks":3,"minecraft:wall_torch":7,"minecraft:cherry_slab":10,"minecraft:seagrass":3,"minecraft:repeater":4,"specialmobs:infested_fire_coral_block":1,"minecraft:warped_planks":1,"minecraft:birch_log":13,"minecraft:cherry_door":1,"aether:aether_grass_block":4,"minecraft:black_bed":5,"minecraft:grass":48,"minecraft:oak_log":61,"minecraft:sand":35,"minecraft:dirt":67,"luminousworld:grassvariant_3":6,"minecraft:netherrack":9,"aether:blue_aercloud":12,"minecraft:oak_leaves":21,"minecraft:deepslate":44,"minecraft:redstone_lamp":13,"minecraft:tuff":1,"luminousworld:grassvariant_4":1,"minecraft:oak_door":1,"minecraft:cherry_sapling":3,"minecraft:lever":2,"aether:mossy_holystone":1,"minecraft:redstone_wire":27,"luminousworld:grassvariant_2":15,"specialmobs:infested_brain_coral_block":3,"aether:white_flower":5,"minecraft:hay_block":3,"minecraft:oak_trapdoor":1,"aether:aether_dirt":3,"aether:skyroot_planks":11,"spelunkers_charm:deepslate_rock_pile_2":1,"aether:skyroot_log":51,"minecraft:bookshelf":1,"minecraft:deepslate_iron_ore":29,"minecraft:shroomlight":2,"minecraft:rail":19,"minecraft:warped_stem":32,"luminousworld:groundpebbles_2":1,"minecraft:stone":66,"minecraft:redstone_wall_torch":6,"minecraft:glass_pane":6,"minecraft:comparator":9,"minecraft:dandelion":17,"travelersbackpack:standard":4,"minecraft:crafting_table":1,"minecraft:rose_bush":3,"minecraft:lectern":1,"minecraft:campfire":3,"luminousworld:auburnlog":7,"luminousworld:grassflowers":1,"minecraft:tall_grass":5,"minecraft:copper_ore":3,"minecraft:lapis_ore":1,"minecraft:sculk":117,"minecraft:warped_wart_block":93,"luminousworld:whiteoaklog":11,"aether:skyroot_leaves":24,"minecraft:gray_wool":1,"minecraft:birch_planks":4,"minecraft:sea_pickle":1,"spelunkers_charm:deepslate_rock_pile_3":1,"minecraft:gray_bed":1,"aether:berry_bush":4,"minecraft:birch_leaves":5,"luminousworld:autumnplank":3,"gobber2:gobber2_lucky_block_deepslate":3,"minecraft:coal_ore":41,"luminousworld:ishstone":1,"minecraft:sunflower":1,"minecraft:cobweb":1,"luminousworld:autumnslab":10},"minecraft:used":{"minecraft:cherry_sapling":54,"gobber2:gobber2_goo":2,"gobber2:gobber2_gooey_bread":4,"minecraft:chest":12,"minecraft:shield":46,"minecraft:iron_sword":118,"minecraft:iron_chestplate":2,"minecraft:mutton":2,"minecraft:tuff":1,"minecraft:glass":23,"minecraft:lantern":1,"minecraft:iron_helmet":1,"immersive_armors:wooden_chestplate":1,"minecraft:repeater":1,"minecraft:redstone_lamp":8,"benssharks:silverfish":4,"minecraft:furnace":3,"minecraft:potato":2,"luminousworld:autumnplank":11,"minecraft:oak_planks":134,"minecraft:wooden_pickaxe":12,"luminousworld:groundpebbles_1":2,"luminousworld:autumnslab":25,"minecraft:glow_berries":1,"minecraft:black_bed":5,"minecraft:redstone_torch":6,"aether:blue_aercloud":4,"minecraft:lever":1,"gobber2:gobber2_gooey_beefstew":1,"minecraft:bread":16,"minecraft:lectern":1,"minecraft:wooden_sword":10,"luminousworld:white_oak_fence":15,"minecraft:oak_trapdoor":1,"minecraft:dead_tube_coral_block":1,"minecraft:redstone":10,"aether:cold_aercloud":3,"aether:aether_dirt":2,"minecraft:wooden_shovel":61,"travelersbackpack:bat":1,"minecraft:oak_door":1,"minecraft:torch":101,"minecraft:dirt":163,"minecraft:warped_wart_block":51,"minecraft:granite":2,"minecraft:wooden_axe":11,"minecraft:iron_axe":168,"minecraft:cherry_slab":32,"luminousworld:baobab_slab":23,"minecraft:iron_boots":1,"minecraft:barrel":1,"gobber2:gobber2_gooey_beef":1,"minecraft:glowstone":10,"minecraft:minecart":1,"aether:skyroot_planks":178,"minecraft:cooked_beef":11,"minecraft:brown_bed":2,"minecraft:cobbled_deepslate":33,"minecraft:cherry_log":25,"minecraft:cooked_mutton":3,"minecraft:water_bucket":24,"minecraft:birch_planks":54,"minecraft:baked_potato":3,"luminousworld:white_oak_plank":15,"minecraft:cherry_planks":185,"luminousworld:ishstone":2,"minecraft:rail":19,"minecraft:crafting_table":2,"minecraft:dead_fire_coral_block":1,"minecraft:warped_planks":76,"aether:blue_berry":7,"minecraft:apple":2,"minecraft:cherry_door":2,"minecraft:iron_pickaxe":381,"minecraft:spruce_trapdoor":1,"aether:skyroot_log":1,"minecraft:stone_axe":2,"immersive_armors:wooden_boots":1,"minecraft:cobblestone":29,"travelersbackpack:standard":4,"minecraft:porkchop":4,"minecraft:bucket":24,"immersive_armors:wooden_leggings":1,"minecraft:gray_wool":1},"minecraft:broken":{"minecraft:wooden_shovel":1,"minecraft:wooden_axe":1,"minecraft:iron_axe":1},"minecraft:picked_up":{"minecraft:iron_chestplate":7,"travelersbackpack:bat":1,"alexscaves:cave_tablet":15,"minecraft:brown_bed":3,"minecraft:enchanted_book":1,"minecraft:music_disc_cat":1,"minecraft:string":8,"minecraft:dead_tube_coral_block":4,"minecraft:raw_copper":18,"minecraft:iron_leggings":7,"gobber2:gobber2_glass_nether":6,"minecraft:pufferfish":3,"minecraft:sea_pickle":2,"aether:skyroot_stick":8,"minecraft:cobbled_deepslate":140,"minecraft:comparator":9,"minecraft:bucket":3,"minecraft:redstone_torch":6,"minecraft:rose_bush":3,"minecraft:iron_pickaxe":12,"minecraft:iron_boots":10,"minecraft:stick":193,"luminousworld:auburnlog":7,"luminousworld:autumnslab":13,"minecraft:torch":54,"minecraft:porkchop":4,"minecraft:cherry_log":204,"minecraft:warped_planks":1,"gobber2:gobber2_foo":1,"luminousworld:grassflowers":4,"minecraft:rotten_flesh":13,"minecraft:light_blue_wool":3,"minecraft:glowstone":27,"minecraft:cod":3,"minecraft:cobblestone":113,"minecraft:birch_log":13,"benssharks:silverfish":24,"minecraft:feather":4,"minecraft:repeater":3,"minecraft:cherry_planks":66,"minecraft:water_bucket":4,"minecraft:andesite":2,"minecraft:black_bed":5,"minecraft:potato":5,"minecraft:tuff":3,"luminousworld:white_oak_fence":2,"minecraft:lantern":1,"minecraft:lapis_lazuli":7,"minecraft:cherry_door":3,"minecraft:dirt":171,"minecraft:bone":15,"minecraft:bow":4,"gobber2:gobber2_gooey_beef":8,"minecraft:wheat_seeds":5,"aether:cold_aercloud":73,"aether:book_of_lore":2,"minecraft:glowstone_dust":129,"minecraft:oak_planks":142,"gobber2:gobber2_gooey_bread":4,"minecraft:warped_wart_block":51,"minecraft:sand":34,"minecraft:barrel":3,"luminousworld:yellowpetunias":1,"minecraft:lever":2,"minecraft:dead_brain_coral_block":9,"minecraft:granite":2,"minecraft:bone_meal":1,"luminousworld:auburn_sapling":3,"minecraft:bread":5,"minecraft:oak_sapling":22,"minecraft:cherry_slab":11,"minecraft:netherrack":9,"aether:blue_aercloud":41,"gobber2:gobber2_goo":19,"luminousworld:groundpebbles_1":2,"aether:aechor_petal":1,"minecraft:fishing_rod":1,"minecraft:charcoal":12,"minecraft:crafting_table":1,"minecraft:chicken":2,"minecraft:redstone_lamp":13,"aether:aether_dirt":13,"spelunkers_charm:deepslate_rock":12,"minecraft:diamond_horse_armor":3,"minecraft:shield":9,"aether:blue_berry":7,"minecraft:oak_trapdoor":1,"minecraft:iron_axe":6,"minecraft:wooden_sword":1,"minecraft:compass":1,"minecraft:beef":1,"immersive_armors:wooden_leggings":3,"minecraft:poppy":1,"minecraft:lectern":1,"minecraft:minecart":1,"minecraft:chest":3,"minecraft:birch_sapling":10,"call_of_yucutan:obsidian_tecpatl":2,"minecraft:raw_iron":184,"aether:golden_parachute":1,"minecraft:oak_door":1,"minecraft:fire_charge":2,"minecraft:carrot":58,"minecraft:redstone":26,"luminousworld:baobab_plank":33,"aether:skyroot_log":57,"minecraft:arrow":5,"luminousworld:baobab_slab":1,"minecraft:hay_block":3,"minecraft:saddle":4,"minecraft:white_wool":2,"minecraft:glow_berries":22,"minecraft:mutton":5,"minecraft:rail":19,"minecraft:bone_block":2,"aether:skyroot_sapling":83,"luminousworld:ishstone":2,"gobber2:gobber2_gooey_beefstew":1,"minecraft:birch_planks":16,"spelunkers_charm:old_miners_bundle":8,"minecraft:oak_log":33,"minecraft:paper":48,"aether:skyroot_planks":63,"minecraft:apple":1,"deeperdarker:warden_upgrade_smithing_template":1,"minecraft:warped_stem":30,"minecraft:iron_ingot":1,"minecraft:stone_pickaxe":1,"luminousworld:autumnplank":4,"minecraft:gray_bed":1,"minecraft:iron_sword":7,"minecraft:book":15,"aether:white_flower":15,"minecraft:sculk":18,"minecraft:dandelion":18,"minecraft:dead_fire_coral_block":1,"minecraft:amethyst_shard":6,"travelersbackpack:standard":4,"minecraft:stone_axe":3,"immersive_armors:wooden_chestplate":3,"minecraft:iron_helmet":3,"minecraft:cherry_sapling":166,"minecraft:gray_wool":4,"minecraft:coal":55,"immersive_armors:wooden_boots":4,"minecraft:sunflower":1},"minecraft:dropped":{"aether:skyroot_planks":2,"minecraft:sunflower":1,"minecraft:cherry_door":1,"minecraft:cherry_sapling":5,"minecraft:rotten_flesh":4,"luminousworld:grassflowers":1,"minecraft:iron_ingot":14,"minecraft:cherry_log":42,"minecraft:oak_fence":1,"minecraft:gray_wool":2,"minecraft:torch":50,"minecraft:oak_sapling":1}},"DataVersion":3465}