{"stats":{"minecraft:picked_up":{"minecraft:birch_log":7,"minecraft:charcoal":2,"luminousworld:groundpebbles_1":2,"minecraft:crafting_table":1,"minecraft:repeater":3,"minecraft:redstone_lamp":13,"minecraft:birch_planks":4,"minecraft:dirt":108,"minecraft:wheat_seeds":4,"minecraft:comparator":9,"minecraft:redstone_torch":6,"minecraft:lectern":1,"luminousworld:autumnplank":3,"minecraft:chest":1,"minecraft:birch_sapling":5,"minecraft:stick":83,"luminousworld:auburnlog":7,"luminousworld:autumnslab":11,"minecraft:dandelion":17,"minecraft:sand":34,"minecraft:cherry_log":117,"minecraft:redstone":20,"minecraft:barrel":1,"luminousworld:baobab_plank":33,"luminousworld:grassflowers":2,"minecraft:lever":2,"minecraft:cherry_sapling":89,"luminousworld:auburn_sapling":3,"minecraft:gray_wool":4,"minecraft:cherry_slab":11,"minecraft:oak_sapling":2,"minecraft:coal":1,"minecraft:cobblestone":10},"minecraft:custom":{"minecraft:interact_with_furnace":8,"minecraft:interact_with_crafting_table":11,"minecraft:open_barrel":1,"minecraft:leave_game":1,"minecraft:time_since_death":40684,"minecraft:time_since_rest":40684,"minecraft:sprint_one_cm":37471,"minecraft:damage_taken":50,"minecraft:walk_one_cm":209818,"minecraft:drop":2,"minecraft:swim_one_cm":2805,"minecraft:fly_one_cm":2774,"minecraft:open_chest":3,"minecraft:crouch_one_cm":1637,"minecraft:play_time":40684,"minecraft:sneak_time":1137,"minecraft:walk_under_water_one_cm":6139,"minecraft:jump":294,"minecraft:walk_on_water_one_cm":7197,"minecraft:total_world_time":40684,"minecraft:fall_one_cm":4061},"minecraft:dropped":{"minecraft:gray_wool":2},"minecraft:mined":{"minecraft:glass_pane":6,"minecraft:comparator":9,"minecraft:cherry_log":119,"minecraft:sculk_vein":5,"minecraft:cherry_sapling":3,"minecraft:dandelion":17,"minecraft:crafting_table":1,"minecraft:lever":2,"minecraft:grass_block":69,"minecraft:chest":1,"minecraft:lectern":1,"minecraft:redstone_wire":21,"minecraft:campfire":1,"luminousworld:auburnlog":7,"luminousworld:grassvariant_2":14,"luminousworld:grassflowers":1,"minecraft:glass":6,"minecraft:tall_grass":1,"minecraft:sculk":13,"minecraft:cherry_slab":10,"minecraft:birch_planks":4,"minecraft:gray_wool":1,"minecraft:repeater":4,"minecraft:birch_log":7,"minecraft:barrel":1,"minecraft:birch_leaves":2,"luminousworld:autumnplank":3,"minecraft:grass":36,"minecraft:coal_ore":1,"minecraft:sand":35,"minecraft:dirt":35,"luminousworld:grassvariant_3":6,"luminousworld:groundpebbles_2":1,"minecraft:stone":10,"luminousworld:autumnslab":8,"minecraft:oak_leaves":2,"minecraft:redstone_lamp":13,"minecraft:redstone_wall_torch":6},"minecraft:used":{"luminousworld:autumnplank":11,"minecraft:cherry_sapling":17,"minecraft:birch_planks":25,"minecraft:redstone":10,"minecraft:wooden_pickaxe":12,"minecraft:wooden_shovel":61,"luminousworld:autumnslab":25,"minecraft:dirt":52,"minecraft:crafting_table":2,"minecraft:redstone_torch":2,"minecraft:lever":1,"minecraft:glass":23,"minecraft:wooden_axe":11,"minecraft:cherry_slab":32,"luminousworld:baobab_slab":23,"minecraft:lectern":1,"minecraft:spruce_trapdoor":1,"minecraft:repeater":1,"minecraft:redstone_lamp":8,"minecraft:furnace":1,"minecraft:gray_wool":1,"minecraft:cherry_log":24},"minecraft:crafted":{"minecraft:cherry_planks":48,"luminousworld:autumnplank":28,"minecraft:deepslate":24,"minecraft:crafting_table":2,"minecraft:cherry_slab":42,"minecraft:wooden_pickaxe":1,"minecraft:furnace":1,"minecraft:birch_planks":28,"minecraft:air":0,"minecraft:glass":24,"minecraft:wooden_axe":1,"luminousworld:baobab_slab":24,"minecraft:chest":1,"luminousworld:autumnslab":15},"minecraft:broken":{"minecraft:wooden_shovel":1,"minecraft:wooden_axe":1}},"DataVersion":3465}