{"stats":{"minecraft:killed":{"specialmobs:skeleton":2,"specialmobs:witch":1,"specialmobs:zombie":10,"specialmobs:puffersilverfish":1,"specialmobs:plaguezombie":1,"specialmobs:waterspider":1,"minecraft:sheep":2,"specialmobs:firezombie":1,"specialmobs:bruteskeleton":1,"specialmobs:cavespider":1},"minecraft:picked_up":{"minecraft:fishing_rod":1,"luminousworld:groundpebbles_1":2,"minecraft:charcoal":6,"minecraft:iron_chestplate":2,"minecraft:crafting_table":1,"travelersbackpack:bat":1,"minecraft:chicken":2,"minecraft:redstone_lamp":13,"alexscaves:cave_tablet":15,"minecraft:brown_bed":3,"spelunkers_charm:deepslate_rock":12,"minecraft:enchanted_book":1,"minecraft:diamond_horse_armor":3,"minecraft:shield":4,"minecraft:music_disc_cat":1,"minecraft:oak_trapdoor":1,"minecraft:string":2,"minecraft:raw_copper":18,"minecraft:wooden_sword":1,"minecraft:iron_leggings":2,"minecraft:compass":1,"minecraft:bucket":2,"minecraft:cobbled_deepslate":140,"minecraft:comparator":9,"immersive_armors:wooden_leggings":3,"minecraft:redstone_torch":6,"minecraft:poppy":1,"minecraft:minecart":1,"minecraft:iron_pickaxe":6,"minecraft:lectern":1,"minecraft:chest":3,"minecraft:birch_sapling":5,"minecraft:iron_boots":5,"minecraft:stick":181,"minecraft:raw_iron":184,"luminousworld:auburnlog":7,"minecraft:oak_door":1,"luminousworld:autumnslab":13,"minecraft:torch":54,"minecraft:fire_charge":2,"minecraft:cherry_log":184,"minecraft:carrot":58,"minecraft:redstone":26,"minecraft:arrow":1,"gobber2:gobber2_foo":1,"luminousworld:baobab_plank":33,"luminousworld:grassflowers":3,"minecraft:rotten_flesh":11,"luminousworld:baobab_slab":1,"minecraft:hay_block":3,"minecraft:saddle":4,"minecraft:rail":19,"minecraft:glow_berries":22,"minecraft:mutton":4,"minecraft:white_wool":2,"minecraft:cod":3,"minecraft:bone_block":2,"minecraft:cobblestone":37,"minecraft:birch_log":7,"benssharks:silverfish":4,"minecraft:repeater":3,"minecraft:cherry_planks":36,"minecraft:andesite":2,"luminousworld:ishstone":2,"minecraft:black_bed":5,"gobber2:gobber2_gooey_beefstew":1,"minecraft:potato":5,"minecraft:birch_planks":6,"spelunkers_charm:old_miners_bundle":8,"minecraft:tuff":3,"luminousworld:white_oak_fence":2,"minecraft:lapis_lazuli":7,"minecraft:cherry_door":2,"minecraft:paper":48,"minecraft:dirt":147,"minecraft:lantern":1,"minecraft:bone":9,"deeperdarker:warden_upgrade_smithing_template":1,"minecraft:bow":1,"minecraft:wheat_seeds":5,"gobber2:gobber2_gooey_beef":8,"minecraft:stone_pickaxe":1,"minecraft:iron_ingot":1,"luminousworld:autumnplank":4,"minecraft:gray_bed":1,"minecraft:oak_planks":11,"minecraft:iron_sword":2,"gobber2:gobber2_gooey_bread":4,"minecraft:book":15,"minecraft:sculk":18,"minecraft:dandelion":18,"minecraft:dead_fire_coral_block":1,"minecraft:sand":34,"minecraft:amethyst_shard":6,"minecraft:barrel":3,"luminousworld:yellowpetunias":1,"minecraft:stone_axe":3,"minecraft:lever":2,"immersive_armors:wooden_chestplate":3,"minecraft:iron_helmet":2,"minecraft:granite":2,"minecraft:bone_meal":1,"minecraft:cherry_sapling":151,"luminousworld:auburn_sapling":3,"minecraft:gray_wool":4,"minecraft:bread":3,"immersive_armors:wooden_boots":4,"minecraft:oak_sapling":2,"minecraft:cherry_slab":11,"gobber2:gobber2_goo":19,"minecraft:coal":55,"minecraft:sunflower":1},"minecraft:custom":{"minecraft:interact_with_smithing_table":1,"minecraft:mob_kills":21,"minecraft:interact_with_crafting_table":41,"minecraft:open_barrel":12,"minecraft:leave_game":3,"minecraft:time_since_death":58793,"minecraft:climb_one_cm":1876,"minecraft:sprint_one_cm":402345,"minecraft:walk_one_cm":666534,"minecraft:damage_blocked_by_shield":160,"minecraft:drop":13,"minecraft:play_time":205823,"minecraft:deaths":4,"minecraft:sneak_time":24748,"minecraft:walk_under_water_one_cm":34106,"minecraft:jump":2375,"minecraft:interact_with_blast_furnace":1,"minecraft:walk_on_water_one_cm":45899,"minecraft:total_world_time":205823,"minecraft:interact_with_furnace":65,"minecraft:interact_with_loom":1,"minecraft:sleep_in_bed":8,"minecraft:time_since_rest":10700,"minecraft:damage_taken":2342,"minecraft:minecart_one_cm":559,"minecraft:damage_dealt":3815,"minecraft:swim_one_cm":9677,"minecraft:fly_one_cm":162727,"minecraft:open_chest":66,"minecraft:crouch_one_cm":64389,"minecraft:fall_one_cm":66061,"minecraft:horse_one_cm":481636},"minecraft:dropped":{"minecraft:iron_ingot":14,"minecraft:cherry_log":42,"minecraft:oak_fence":1,"minecraft:gray_wool":2,"minecraft:torch":50,"minecraft:sunflower":1,"minecraft:cherry_door":1,"minecraft:rotten_flesh":4,"luminousworld:grassflowers":1},"minecraft:killed_by":{"minecraft:warden":3},"minecraft:mined":{"minecraft:tuff":1,"luminousworld:yellowpetunias":1,"minecraft:oak_door":1,"minecraft:cherry_log":194,"minecraft:sculk_vein":40,"minecraft:cherry_sapling":3,"minecraft:lever":2,"minecraft:granite":2,"minecraft:grass_block":96,"gobber2:gobber2_lucky_block":4,"minecraft:redstone_wire":27,"luminousworld:grassvariant_2":14,"specialmobs:infested_brain_coral_block":1,"minecraft:hay_block":3,"minecraft:oak_trapdoor":1,"minecraft:sculk_catalyst":1,"minecraft:fire":6,"minecraft:iron_ore":98,"minecraft:cobbled_deepslate":1,"minecraft:barrel":3,"spelunkers_charm:deepslate_rock_pile_2":1,"minecraft:brown_bed":3,"minecraft:rail":19,"minecraft:bookshelf":1,"minecraft:deepslate_iron_ore":29,"luminousworld:groundpebbles_2":1,"minecraft:stone":30,"minecraft:redstone_wall_torch":6,"minecraft:glass_pane":6,"luminousworld:white_oak_fence":2,"minecraft:comparator":9,"minecraft:dandelion":17,"minecraft:crafting_table":1,"minecraft:torch":1,"minecraft:chest":3,"minecraft:lectern":1,"minecraft:campfire":3,"luminousworld:auburnlog":7,"luminousworld:grassflowers":1,"minecraft:glass":6,"minecraft:tall_grass":1,"minecraft:copper_ore":3,"minecraft:cobblestone":2,"minecraft:lapis_ore":1,"minecraft:sculk":117,"minecraft:wall_torch":7,"minecraft:cherry_slab":10,"minecraft:seagrass":1,"minecraft:repeater":4,"minecraft:gray_wool":1,"minecraft:birch_planks":4,"specialmobs:infested_fire_coral_block":1,"minecraft:birch_log":7,"spelunkers_charm:deepslate_rock_pile_3":1,"minecraft:gray_bed":1,"minecraft:birch_leaves":5,"minecraft:black_bed":5,"luminousworld:autumnplank":3,"gobber2:gobber2_lucky_block_deepslate":3,"minecraft:grass":43,"minecraft:coal_ore":41,"luminousworld:ishstone":1,"minecraft:sunflower":1,"minecraft:sand":35,"minecraft:dirt":50,"luminousworld:grassvariant_3":6,"minecraft:cobweb":1,"luminousworld:autumnslab":10,"minecraft:oak_leaves":8,"minecraft:deepslate":44,"minecraft:redstone_lamp":13},"minecraft:used":{"minecraft:cherry_sapling":54,"gobber2:gobber2_goo":2,"minecraft:redstone":10,"gobber2:gobber2_gooey_bread":4,"minecraft:chest":9,"minecraft:shield":6,"minecraft:iron_sword":63,"minecraft:wooden_shovel":61,"travelersbackpack:bat":1,"minecraft:torch":101,"minecraft:dirt":78,"minecraft:tuff":1,"minecraft:granite":2,"minecraft:glass":23,"minecraft:wooden_axe":11,"minecraft:iron_axe":4,"luminousworld:baobab_slab":23,"minecraft:cherry_slab":32,"minecraft:iron_helmet":1,"minecraft:barrel":1,"gobber2:gobber2_gooey_beef":1,"immersive_armors:wooden_chestplate":1,"minecraft:repeater":1,"minecraft:redstone_lamp":8,"benssharks:silverfish":4,"minecraft:furnace":3,"minecraft:minecart":1,"minecraft:cooked_beef":10,"minecraft:cobbled_deepslate":33,"minecraft:cherry_log":25,"minecraft:brown_bed":2,"luminousworld:autumnplank":11,"minecraft:birch_planks":30,"minecraft:oak_planks":57,"minecraft:wooden_pickaxe":12,"minecraft:cherry_planks":136,"luminousworld:ishstone":2,"luminousworld:autumnslab":25,"minecraft:glow_berries":1,"minecraft:rail":19,"minecraft:dead_fire_coral_block":1,"minecraft:crafting_table":2,"minecraft:black_bed":5,"minecraft:redstone_torch":6,"minecraft:lever":1,"gobber2:gobber2_gooey_beefstew":1,"minecraft:cherry_door":2,"minecraft:bread":3,"minecraft:iron_pickaxe":281,"minecraft:lectern":1,"minecraft:spruce_trapdoor":1,"minecraft:stone_axe":2,"immersive_armors:wooden_boots":1,"minecraft:wooden_sword":10,"minecraft:cobblestone":10,"travelersbackpack:standard":1,"luminousworld:white_oak_fence":15,"immersive_armors:wooden_leggings":1,"minecraft:gray_wool":1,"minecraft:oak_trapdoor":1},"minecraft:crafted":{"minecraft:cherry_planks":296,"minecraft:wooden_sword":1,"luminousworld:white_oak_fence":27,"minecraft:oak_planks":64,"minecraft:cherry_slab":42,"minecraft:furnace":4,"immersive_armors:wooden_chestplate":1,"minecraft:glass":34,"minecraft:iron_axe":1,"luminousworld:white_oak_plank":84,"luminousworld:baobab_slab":24,"minecraft:chest":9,"minecraft:minecart":1,"minecraft:cooked_beef":10,"luminousworld:autumnplank":28,"minecraft:deepslate":24,"minecraft:crafting_table":2,"minecraft:dried_kelp":7,"minecraft:wooden_pickaxe":1,"minecraft:iron_sword":1,"immersive_armors:wooden_leggings":1,"minecraft:birch_planks":28,"minecraft:bucket":2,"minecraft:bread":1,"minecraft:air":0,"immersive_armors:wooden_boots":1,"minecraft:iron_chestplate":1,"minecraft:cherry_sign":6,"minecraft:charcoal":36,"minecraft:stick":52,"minecraft:iron_ingot":99,"minecraft:iron_pickaxe":1,"minecraft:wooden_axe":1,"minecraft:cherry_door":3,"minecraft:iron_leggings":1,"minecraft:torch":152,"luminousworld:autumnslab":15},"minecraft:broken":{"minecraft:wooden_shovel":1,"minecraft:wooden_axe":1}},"DataVersion":3465}