{"stats":{"minecraft:killed":{"specialmobs:skeleton":1,"specialmobs:witch":1,"specialmobs:zombie":7,"specialmobs:plaguezombie":1,"specialmobs:firezombie":1,"specialmobs:bruteskeleton":1,"specialmobs:cavespider":1},"minecraft:picked_up":{"luminousworld:groundpebbles_1":2,"minecraft:charcoal":2,"minecraft:iron_chestplate":1,"minecraft:crafting_table":1,"minecraft:redstone_lamp":13,"minecraft:brown_bed":1,"spelunkers_charm:deepslate_rock":12,"minecraft:shield":1,"minecraft:oak_trapdoor":1,"minecraft:string":1,"minecraft:raw_copper":9,"minecraft:iron_leggings":1,"minecraft:cobbled_deepslate":6,"minecraft:comparator":9,"minecraft:redstone_torch":6,"minecraft:iron_pickaxe":1,"minecraft:lectern":1,"minecraft:chest":3,"minecraft:birch_sapling":5,"minecraft:iron_boots":1,"minecraft:stick":95,"minecraft:raw_iron":39,"luminousworld:auburnlog":7,"luminousworld:autumnslab":13,"minecraft:torch":7,"minecraft:cherry_log":146,"minecraft:redstone":26,"luminousworld:baobab_plank":33,"luminousworld:grassflowers":2,"minecraft:rotten_flesh":8,"minecraft:cobblestone":14,"minecraft:birch_log":7,"minecraft:repeater":3,"minecraft:black_bed":1,"gobber2:gobber2_gooey_beefstew":1,"minecraft:birch_planks":4,"spelunkers_charm:old_miners_bundle":2,"minecraft:tuff":1,"minecraft:cherry_door":1,"minecraft:dirt":127,"minecraft:bone":2,"gobber2:gobber2_gooey_beef":1,"minecraft:wheat_seeds":4,"minecraft:iron_ingot":1,"luminousworld:autumnplank":3,"gobber2:gobber2_gooey_bread":1,"minecraft:book":3,"minecraft:dandelion":17,"minecraft:sand":34,"minecraft:barrel":2,"minecraft:lever":2,"minecraft:iron_helmet":1,"minecraft:granite":2,"minecraft:cherry_sapling":113,"luminousworld:auburn_sapling":3,"minecraft:gray_wool":4,"minecraft:cherry_slab":11,"minecraft:oak_sapling":2,"gobber2:gobber2_goo":4,"minecraft:coal":41},"minecraft:custom":{"minecraft:interact_with_smithing_table":1,"minecraft:mob_kills":13,"minecraft:interact_with_crafting_table":31,"minecraft:open_barrel":7,"minecraft:leave_game":2,"minecraft:time_since_death":122880,"minecraft:climb_one_cm":1876,"minecraft:sprint_one_cm":191530,"minecraft:walk_one_cm":457625,"minecraft:damage_blocked_by_shield":160,"minecraft:drop":9,"minecraft:play_time":122880,"minecraft:sneak_time":11028,"minecraft:walk_under_water_one_cm":15831,"minecraft:jump":1370,"minecraft:interact_with_blast_furnace":1,"minecraft:walk_on_water_one_cm":34557,"minecraft:total_world_time":122880,"minecraft:interact_with_furnace":40,"minecraft:sleep_in_bed":2,"minecraft:time_since_rest":36654,"minecraft:damage_taken":653,"minecraft:damage_dealt":2657,"minecraft:swim_one_cm":8205,"minecraft:fly_one_cm":62273,"minecraft:open_chest":38,"minecraft:crouch_one_cm":27951,"minecraft:fall_one_cm":26770},"minecraft:dropped":{"minecraft:iron_ingot":14,"minecraft:cherry_log":42,"minecraft:gray_wool":2,"minecraft:torch":50,"minecraft:cherry_door":1,"minecraft:rotten_flesh":3},"minecraft:mined":{"minecraft:tuff":1,"minecraft:cherry_log":148,"minecraft:sculk_vein":33,"minecraft:cherry_sapling":3,"minecraft:lever":2,"minecraft:granite":2,"minecraft:grass_block":74,"minecraft:redstone_wire":27,"luminousworld:grassvariant_2":14,"minecraft:oak_trapdoor":1,"minecraft:sculk_catalyst":1,"minecraft:cobbled_deepslate":1,"minecraft:iron_ore":22,"minecraft:barrel":2,"spelunkers_charm:deepslate_rock_pile_2":1,"minecraft:brown_bed":1,"minecraft:bookshelf":1,"minecraft:deepslate_iron_ore":19,"luminousworld:groundpebbles_2":1,"minecraft:stone":12,"minecraft:redstone_wall_torch":6,"minecraft:glass_pane":6,"minecraft:comparator":9,"minecraft:dandelion":17,"minecraft:crafting_table":1,"minecraft:torch":1,"minecraft:chest":3,"minecraft:lectern":1,"minecraft:campfire":1,"luminousworld:auburnlog":7,"minecraft:copper_ore":3,"luminousworld:grassflowers":1,"minecraft:glass":6,"minecraft:tall_grass":1,"minecraft:cobblestone":2,"minecraft:sculk":75,"minecraft:wall_torch":5,"minecraft:cherry_slab":10,"minecraft:repeater":4,"minecraft:gray_wool":1,"minecraft:birch_planks":4,"spelunkers_charm:deepslate_rock_pile_3":1,"minecraft:birch_log":7,"minecraft:birch_leaves":2,"minecraft:black_bed":1,"luminousworld:autumnplank":3,"gobber2:gobber2_lucky_block_deepslate":3,"minecraft:grass":36,"minecraft:coal_ore":41,"minecraft:sand":35,"minecraft:dirt":49,"luminousworld:grassvariant_3":6,"luminousworld:autumnslab":10,"minecraft:oak_leaves":2,"minecraft:deepslate":7,"minecraft:redstone_lamp":13},"minecraft:used":{"minecraft:cherry_sapling":18,"minecraft:redstone":10,"gobber2:gobber2_gooey_bread":1,"minecraft:chest":9,"minecraft:shield":6,"minecraft:iron_sword":41,"minecraft:wooden_shovel":61,"minecraft:torch":78,"minecraft:dirt":63,"minecraft:granite":2,"minecraft:glass":23,"minecraft:wooden_axe":11,"minecraft:cherry_slab":32,"luminousworld:baobab_slab":23,"minecraft:iron_helmet":1,"minecraft:barrel":1,"immersive_armors:wooden_chestplate":1,"minecraft:repeater":1,"minecraft:redstone_lamp":8,"minecraft:furnace":1,"minecraft:cooked_beef":10,"minecraft:cherry_log":25,"minecraft:brown_bed":1,"luminousworld:autumnplank":11,"minecraft:birch_planks":30,"minecraft:oak_planks":30,"minecraft:wooden_pickaxe":12,"minecraft:cherry_planks":70,"luminousworld:autumnslab":25,"minecraft:glow_berries":1,"minecraft:crafting_table":2,"minecraft:redstone_torch":6,"minecraft:lever":1,"gobber2:gobber2_gooey_beefstew":1,"minecraft:cherry_door":1,"minecraft:iron_pickaxe":104,"minecraft:lectern":1,"minecraft:spruce_trapdoor":1,"immersive_armors:wooden_boots":1,"minecraft:wooden_sword":10,"minecraft:cobblestone":4,"immersive_armors:wooden_leggings":1,"minecraft:gray_wool":1},"minecraft:crafted":{"minecraft:cherry_planks":184,"minecraft:wooden_sword":1,"minecraft:oak_planks":64,"minecraft:cherry_slab":42,"minecraft:furnace":1,"immersive_armors:wooden_chestplate":1,"minecraft:glass":24,"minecraft:iron_axe":1,"minecraft:chest":9,"luminousworld:baobab_slab":24,"minecraft:cooked_beef":10,"luminousworld:autumnplank":28,"minecraft:deepslate":24,"minecraft:crafting_table":2,"minecraft:dried_kelp":7,"minecraft:wooden_pickaxe":1,"minecraft:iron_sword":1,"immersive_armors:wooden_leggings":1,"minecraft:bucket":2,"minecraft:birch_planks":28,"minecraft:air":0,"immersive_armors:wooden_boots":1,"minecraft:cherry_sign":6,"minecraft:charcoal":26,"minecraft:iron_ingot":15,"minecraft:iron_pickaxe":1,"minecraft:wooden_axe":1,"minecraft:cherry_door":3,"minecraft:torch":152,"luminousworld:autumnslab":15},"minecraft:broken":{"minecraft:wooden_shovel":1,"minecraft:wooden_axe":1}},"DataVersion":3465}