{"stats":{"minecraft:custom":{"minecraft:interact_with_smithing_table":3,"minecraft:interact_with_anvil":4,"minecraft:mob_kills":44,"minecraft:animals_bred":20,"minecraft:interact_with_crafting_table":27,"minecraft:open_barrel":20,"minecraft:open_shulker_box":2,"minecraft:bell_ring":5,"minecraft:leave_game":10,"minecraft:time_since_death":679940,"minecraft:climb_one_cm":55459,"minecraft:sprint_one_cm":884373,"minecraft:walk_one_cm":2474828,"minecraft:damage_blocked_by_shield":441,"minecraft:drop":17,"minecraft:talked_to_villager":11,"minecraft:play_time":711510,"minecraft:deaths":1,"minecraft:sneak_time":9119,"minecraft:walk_under_water_one_cm":5545,"minecraft:jump":2523,"minecraft:walk_on_water_one_cm":17960,"minecraft:total_world_time":711510,"minecraft:interact_with_furnace":23,"minecraft:sleep_in_bed":48,"minecraft:time_since_rest":12450,"minecraft:damage_taken":929,"minecraft:damage_dealt":9035,"minecraft:swim_one_cm":27334,"minecraft:fly_one_cm":1962235,"minecraft:open_chest":175,"minecraft:crouch_one_cm":9918,"minecraft:fall_one_cm":23430},"minecraft:killed":{"specialmobs:skeletoncreeper":1,"luminousworld:pheonix":1,"naturalist:snail":2,"takesapillage:clay_golem":1,"minecraft:chicken":1,"specialmobs:zombie":5,"luminousworld:savannah_zombie":8,"specialmobs:waterspider":1,"specialmobs:spitfireskeleton":1,"minecraft:pillager":2,"luminousworld:savannah_skeleton":10,"specialmobs:minicreeper":1,"specialmobs:giantzombie":1,"specialmobs:spider":1,"minecraft:villager":1,"luminousworld:baby_pheonix":2},"minecraft:used":{"minecraft:peony":5,"minecraft:cherry_sapling":27,"create:framed_glass":250,"minecraft:flint_and_steel":12,"minecraft:armor_stand":7,"minecraft:ladder":8,"minecraft:chest":25,"minecraft:shield":15,"minecraft:stone":2,"minecraft:iron_sword":36,"luminousworld:bao_bob_log":928,"luminousworld:savannah_ground":2,"minecraft:stone_hoe":313,"minecraft:oak_door":4,"minecraft:torch":153,"minecraft:dirt":181,"minecraft:anvil":1,"minecraft:carrot":3,"minecraft:shulker_box":2,"minecraft:acacia_sapling":10,"luminousworld:baobab_door":1,"minecraft:granite":18,"minecraft:milk_bucket":3,"luminousworld:baobab_stairs":184,"minecraft:wooden_axe":82,"luminousworld:white_oak_sapling":17,"minecraft:villager_spawn_egg":1,"minecraft:lantern":15,"minecraft:iron_axe":37,"minecraft:grass_block":847,"luminousworld:baobab_slab":243,"minecraft:birch_sapling":6,"minecraft:chicken_spawn_egg":2,"minecraft:cherry_leaves":47,"luminousworld:baobabfence":213,"luminousworld:savannah_soil":604,"minecraft:oak_sapling":34,"minecraft:furnace":1,"minecraft:egg":2,"minecraft:potato":1,"mca:staff_of_life":4,"immersive_armors:wooden_helmet":1,"luminousworld:baobab_fence_gate":8,"minecraft:water_bucket":11,"minecraft:cow_spawn_egg":3,"minecraft:diamond_boots":1,"minecraft:dirt_path":9,"minecraft:stone_pickaxe":6,"minecraft:andesite_slab":1,"minecraft:wooden_pickaxe":14,"minecraft:sheep_spawn_egg":4,"minecraft:sugar_cane":4,"luminousworld:baobab_plank":1142,"minecraft:glow_berries":2,"luminousworld:bao_bab_sapling":41,"minecraft:tnt":14,"minecraft:crafting_table":5,"minecraft:white_bed":10,"minecraft:campfire":5,"minecraft:sponge":1,"luminousworld:bao_bob_wood":13,"minecraft:bread":32,"minecraft:pig_spawn_egg":2,"travelersbackpack:white_sleeping_bag":2,"aether:golden_oak_sapling":1,"minecraft:oak_pressure_plate":3,"minecraft:golden_leggings":1,"minecraft:polished_andesite_slab":4,"minecraft:stone_axe":23,"immersive_armors:wooden_boots":1,"luminousworld:auburn_sapling":2,"minecraft:purple_bed":2,"minecraft:smithing_table":1,"minecraft:bucket":2,"minecraft:birch_log":1,"immersive_armors:wooden_leggings":2,"minecraft:bone_meal":249,"minecraft:splash_potion":3},"minecraft:picked_up":{"minecraft:wooden_axe":7,"minecraft:chiseled_deepslate":1,"luminousworld:groundpebbles_1":7,"minecraft:charcoal":10,"minecraft:crafting_table":3,"graveyard:acacia_coffin":1,"minecraft:wheat":96,"minecraft:chicken":5,"minecraft:clay_ball":4,"minecraft:flower_pot":2,"minecraft:leather_leggings":9,"minecraft:smithing_table":1,"luminousworld:soawwhytb":2,"minecraft:stone_brick_wall":9,"luminousworld:bao_bob_wood":587,"aether:leather_gloves":2,"minecraft:item_frame":2,"minecraft:armor_stand":29,"minecraft:experience_bottle":6,"minecraft:beetroot":11,"aether:skyroot_stick":7,"minecraft:gold_nugget":9,"minecraft:beef":2,"minecraft:poppy":7,"minecraft:iron_nugget":15,"minecraft:sugar_cane":4,"minecraft:chest":12,"minecraft:birch_sapling":26,"minecraft:spruce_trapdoor":2,"minecraft:iron_boots":4,"minecraft:egg":10,"luminousworld:bao_bab_sapling":61,"minecraft:golden_helmet":11,"minecraft:stick":181,"luminousworld:auburnlog":23,"minecraft:oak_door":1,"create:golden_sheet":1,"minecraft:torch":4,"minecraft:acacia_log":152,"minecraft:spruce_stairs":1,"minecraft:fire_charge":3,"luminousworld:savannah_soil":582,"minecraft:cherry_log":303,"minecraft:stone_button":1,"minecraft:carrot":171,"create:polished_cut_granite_wall":1,"luminousworld:baobab_plank":73,"luminousworld:white_oak_sapling":17,"aether:skyroot_log":28,"minecraft:arrow":4,"minecraft:rotten_flesh":40,"minecraft:beetroot_seeds":31,"minecraft:peony":5,"minecraft:hay_block":15,"luminousworld:tall_deadbush":9,"minecraft:glow_berries":1,"minecraft:mutton":4,"minecraft:cod":15,"minecraft:cobblestone":3,"minecraft:birch_log":21,"luminousworld:savannah_ground":102,"minecraft:leather_chestplate":9,"minecraft:feather":2,"minecraft:leather":2,"minecraft:golden_leggings":10,"minecraft:potato":124,"minecraft:oak_log":225,"minecraft:gunpowder":1,"minecraft:cherry_door":1,"minecraft:lapis_lazuli":1,"minecraft:dirt":12,"minecraft:white_banner":1,"minecraft:lantern":2,"minecraft:leather_boots":5,"grim_and_bleak:humanflesh":4,"minecraft:bone":8,"minecraft:apple":23,"minecraft:bow":1,"minecraft:wheat_seeds":273,"minecraft:deepslate_brick_slab":1,"minecraft:iron_ingot":5,"luminousworld:elephant_grass":13,"minecraft:mossy_stone_bricks":1,"minecraft:rabbit":4,"minecraft:bamboo":2,"minecraft:iron_sword":3,"minecraft:acacia_sapling":47,"aether:golden_oak_sapling":18,"minecraft:book":2,"minecraft:pig_spawn_egg":1,"minecraft:dandelion":5,"minecraft:white_bed":2,"minecraft:shulker_box":1,"minecraft:leather_helmet":5,"luminousworld:whiteoaklog":85,"travelersbackpack:white_sleeping_bag":1,"minecraft:slime_ball":2,"minecraft:stone_axe":1,"minecraft:lever":1,"minecraft:granite":10,"minecraft:bone_meal":1,"minecraft:cherry_sapling":103,"minecraft:golden_apple":2,"luminousworld:auburn_sapling":5,"minecraft:emerald":4,"minecraft:bread":8,"minecraft:oak_sapling":87,"luminousworld:bao_bob_log":2343,"minecraft:andesite_slab":2},"minecraft:crafted":{"minecraft:cooked_chicken":2,"mca:bouquet":4,"immersive_armors:wooden_chestplate":2,"minecraft:glass":4,"travelersbackpack:white_sleeping_bag":1,"minecraft:ladder":3,"minecraft:chest":7,"immersive_armors:wooden_helmet":2,"minecraft:lead":2,"minecraft:crafting_table":3,"minecraft:wooden_pickaxe":1,"immersive_armors:wooden_leggings":3,"minecraft:air":0,"immersive_armors:wooden_boots":2,"minecraft:shield":1,"minecraft:stick":8,"minecraft:wooden_axe":13,"minecraft:acacia_planks":4,"luminousworld:baobab_plank":240},"minecraft:mined":{"minecraft:white_bed":1,"minecraft:oak_sapling":2,"graveyard:acacia_coffin":1,"minecraft:cherry_log":303,"minecraft:cherry_sapling":1,"minecraft:shulker_box":1,"minecraft:spruce_trapdoor":1,"minecraft:granite":11,"minecraft:acacia_log":88,"luminousworld:bao_bob_wood":2,"minecraft:grass_block":2,"luminousworld:grassvariant_2":4,"travelersbackpack:white_sleeping_bag":1,"luminousworld:baobab_plank":7,"minecraft:potted_bamboo":2,"luminousworld:savanna_grass_2":5,"minecraft:hay_block":15,"minecraft:deepslate_brick_slab":1,"minecraft:carrots":54,"minecraft:fire":1,"minecraft:chiseled_deepslate":1,"minecraft:peony":5,"minecraft:potatoes":21,"minecraft:dirt_path":1,"minecraft:smithing_table":1,"luminousworld:savannah_soil":4,"minecraft:acacia_leaves":28,"minecraft:dandelion":5,"minecraft:crafting_table":2,"luminousworld:savannah_grass_1":2,"minecraft:poppy":6,"minecraft:chest":7,"minecraft:andesite_slab":2,"aether:golden_oak_log":28,"minecraft:campfire":5,"luminousworld:auburnlog":25,"minecraft:sugar_cane":2,"minecraft:birch_sapling":2,"luminousworld:whiteoaklog":85,"minecraft:seagrass":1,"minecraft:acacia_sapling":4,"luminousworld:bao_bab_sapling":5,"minecraft:birch_log":21,"minecraft:wheat":119,"luminousworld:bao_bob_log":1423,"minecraft:grass":24,"minecraft:oak_log":205,"minecraft:beetroots":12,"minecraft:dirt":9,"luminousworld:savannah_grass_4":2,"luminousworld:elephant_grass":2,"minecraft:mossy_stone_bricks":1,"minecraft:oak_leaves":6,"luminousworld:savannah_ground":5},"minecraft:broken":{"minecraft:stone_axe":2,"minecraft:wooden_axe":12},"minecraft:dropped":{"minecraft:golden_apple":2,"luminousworld:soawwhytb":1,"minecraft:wooden_axe":1,"minecraft:white_banner":1,"minecraft:stone_axe":1,"minecraft:pig_spawn_egg":1,"minecraft:white_bed":1,"minecraft:leather_chestplate":3,"minecraft:stone":1,"minecraft:flower_pot":1,"minecraft:spruce_trapdoor":1,"minecraft:leather_boots":1,"minecraft:leather_leggings":2}},"DataVersion":3465}