{"stats":{"minecraft:killed":{"specialmobs:skeletoncreeper":1,"luminousworld:pheonix":1,"takesapillage:clay_golem":1,"specialmobs:zombie":4,"luminousworld:savannah_zombie":3,"specialmobs:waterspider":1,"specialmobs:spitfireskeleton":1,"minecraft:pillager":2,"luminousworld:savannah_skeleton":6,"specialmobs:minicreeper":1,"specialmobs:giantzombie":1,"specialmobs:spider":1,"minecraft:villager":1,"luminousworld:baby_pheonix":2},"minecraft:picked_up":{"minecraft:wooden_axe":7,"minecraft:chiseled_deepslate":1,"luminousworld:groundpebbles_1":6,"minecraft:charcoal":8,"minecraft:crafting_table":3,"minecraft:wheat":96,"minecraft:chicken":4,"minecraft:clay_ball":4,"minecraft:flower_pot":2,"minecraft:leather_leggings":9,"minecraft:smithing_table":1,"luminousworld:soawwhytb":2,"luminousworld:bao_bob_wood":587,"aether:leather_gloves":2,"minecraft:armor_stand":29,"minecraft:experience_bottle":6,"minecraft:beetroot":11,"minecraft:gold_nugget":9,"minecraft:beef":2,"minecraft:poppy":1,"minecraft:iron_nugget":15,"minecraft:birch_sapling":1,"minecraft:sugar_cane":4,"minecraft:chest":12,"minecraft:egg":3,"minecraft:spruce_trapdoor":2,"minecraft:iron_boots":4,"luminousworld:bao_bab_sapling":57,"minecraft:golden_helmet":11,"minecraft:stick":73,"minecraft:torch":4,"minecraft:acacia_log":127,"luminousworld:savannah_soil":582,"minecraft:fire_charge":2,"minecraft:cherry_log":33,"minecraft:carrot":164,"luminousworld:baobab_plank":66,"minecraft:arrow":1,"minecraft:rotten_flesh":22,"minecraft:beetroot_seeds":31,"minecraft:hay_block":15,"luminousworld:tall_deadbush":9,"minecraft:mutton":4,"minecraft:cod":15,"minecraft:cobblestone":3,"minecraft:birch_log":7,"minecraft:leather_chestplate":9,"luminousworld:savannah_ground":102,"minecraft:feather":1,"minecraft:leather":2,"minecraft:golden_leggings":10,"minecraft:potato":119,"minecraft:oak_log":101,"minecraft:gunpowder":1,"minecraft:lapis_lazuli":1,"minecraft:dirt":12,"minecraft:white_banner":1,"minecraft:lantern":2,"minecraft:leather_boots":5,"minecraft:bone":5,"grim_and_bleak:humanflesh":4,"minecraft:apple":19,"minecraft:deepslate_brick_slab":1,"minecraft:wheat_seeds":270,"minecraft:iron_ingot":5,"luminousworld:elephant_grass":13,"minecraft:mossy_stone_bricks":1,"minecraft:rabbit":4,"minecraft:bamboo":2,"minecraft:iron_sword":3,"minecraft:acacia_sapling":33,"minecraft:pig_spawn_egg":1,"minecraft:white_bed":2,"minecraft:leather_helmet":5,"travelersbackpack:white_sleeping_bag":1,"minecraft:stone_axe":1,"minecraft:cherry_sapling":26,"minecraft:bone_meal":1,"minecraft:golden_apple":2,"minecraft:emerald":4,"minecraft:bread":7,"minecraft:oak_sapling":37,"luminousworld:bao_bob_log":2343,"minecraft:andesite_slab":2},"minecraft:custom":{"minecraft:interact_with_smithing_table":3,"minecraft:mob_kills":28,"minecraft:animals_bred":5,"minecraft:interact_with_crafting_table":17,"minecraft:open_barrel":6,"minecraft:bell_ring":5,"minecraft:leave_game":4,"minecraft:time_since_death":402810,"minecraft:climb_one_cm":30808,"minecraft:sprint_one_cm":378525,"minecraft:walk_one_cm":1478713,"minecraft:damage_blocked_by_shield":61,"minecraft:drop":16,"minecraft:play_time":434380,"minecraft:deaths":1,"minecraft:sneak_time":6786,"minecraft:walk_under_water_one_cm":291,"minecraft:jump":1332,"minecraft:walk_on_water_one_cm":6388,"minecraft:total_world_time":434380,"minecraft:interact_with_furnace":19,"minecraft:sleep_in_bed":32,"minecraft:time_since_rest":1947,"minecraft:damage_taken":529,"minecraft:damage_dealt":6576,"minecraft:fly_one_cm":1531836,"minecraft:open_chest":94,"minecraft:crouch_one_cm":5529,"minecraft:fall_one_cm":10657},"minecraft:dropped":{"minecraft:golden_apple":2,"luminousworld:soawwhytb":1,"minecraft:wooden_axe":1,"minecraft:white_banner":1,"minecraft:stone_axe":1,"minecraft:pig_spawn_egg":1,"minecraft:white_bed":1,"minecraft:leather_chestplate":3,"minecraft:flower_pot":1,"minecraft:spruce_trapdoor":1,"minecraft:leather_boots":1,"minecraft:leather_leggings":2},"minecraft:mined":{"minecraft:white_bed":1,"minecraft:oak_sapling":2,"minecraft:cherry_log":33,"minecraft:spruce_trapdoor":1,"minecraft:acacia_log":64,"luminousworld:bao_bob_wood":2,"minecraft:grass_block":2,"travelersbackpack:white_sleeping_bag":1,"minecraft:potted_bamboo":2,"luminousworld:savanna_grass_2":4,"minecraft:hay_block":15,"minecraft:deepslate_brick_slab":1,"minecraft:carrots":52,"minecraft:chiseled_deepslate":1,"minecraft:potatoes":20,"minecraft:dirt_path":1,"minecraft:smithing_table":1,"luminousworld:savannah_soil":4,"minecraft:acacia_leaves":28,"minecraft:crafting_table":2,"luminousworld:savannah_grass_1":1,"minecraft:chest":7,"minecraft:andesite_slab":2,"minecraft:campfire":4,"minecraft:sugar_cane":2,"minecraft:acacia_sapling":2,"luminousworld:bao_bab_sapling":1,"minecraft:birch_log":7,"minecraft:wheat":119,"luminousworld:bao_bob_log":1423,"minecraft:grass":2,"minecraft:oak_log":82,"minecraft:beetroots":12,"minecraft:dirt":9,"luminousworld:savannah_grass_4":2,"luminousworld:elephant_grass":2,"minecraft:mossy_stone_bricks":1,"minecraft:oak_leaves":6,"luminousworld:savannah_ground":5},"minecraft:crafted":{"immersive_armors:wooden_chestplate":2,"travelersbackpack:white_sleeping_bag":1,"minecraft:ladder":3,"minecraft:chest":7,"immersive_armors:wooden_helmet":2,"minecraft:lead":2,"minecraft:crafting_table":1,"immersive_armors:wooden_leggings":3,"immersive_armors:wooden_boots":2,"minecraft:shield":1,"minecraft:stick":8,"minecraft:wooden_axe":10,"luminousworld:baobab_plank":224},"minecraft:used":{"minecraft:cherry_sapling":2,"create:framed_glass":94,"minecraft:flint_and_steel":12,"minecraft:armor_stand":7,"minecraft:ladder":8,"minecraft:chest":25,"minecraft:shield":3,"minecraft:iron_sword":1,"luminousworld:bao_bob_log":915,"minecraft:stone_hoe":313,"minecraft:oak_door":2,"minecraft:torch":129,"minecraft:dirt":180,"minecraft:acacia_sapling":5,"luminousworld:baobab_door":1,"minecraft:milk_bucket":3,"luminousworld:baobab_stairs":100,"minecraft:wooden_axe":74,"minecraft:villager_spawn_egg":1,"minecraft:lantern":10,"minecraft:iron_axe":37,"minecraft:grass_block":811,"luminousworld:baobab_slab":241,"minecraft:chicken_spawn_egg":2,"luminousworld:baobabfence":169,"luminousworld:savannah_soil":481,"minecraft:oak_sapling":24,"minecraft:furnace":1,"minecraft:potato":1,"immersive_armors:wooden_helmet":1,"luminousworld:baobab_fence_gate":8,"minecraft:water_bucket":11,"minecraft:cow_spawn_egg":3,"minecraft:dirt_path":9,"minecraft:stone_pickaxe":6,"minecraft:andesite_slab":1,"minecraft:sheep_spawn_egg":4,"minecraft:sugar_cane":4,"luminousworld:baobab_plank":1097,"luminousworld:bao_bab_sapling":34,"minecraft:tnt":14,"minecraft:crafting_table":3,"minecraft:white_bed":10,"minecraft:campfire":5,"minecraft:sponge":1,"luminousworld:bao_bob_wood":13,"minecraft:bread":11,"minecraft:pig_spawn_egg":2,"travelersbackpack:white_sleeping_bag":1,"minecraft:oak_pressure_plate":3,"minecraft:polished_andesite_slab":4,"minecraft:stone_axe":21,"immersive_armors:wooden_boots":1,"minecraft:smithing_table":1,"minecraft:bucket":2,"immersive_armors:wooden_leggings":1,"minecraft:bone_meal":167,"minecraft:splash_potion":3},"minecraft:broken":{"minecraft:stone_axe":1,"minecraft:wooden_axe":8}},"DataVersion":3465}