{"stats":{"minecraft:killed":{"specialmobs:skeletoncreeper":1,"luminousworld:pheonix":1,"takesapillage:clay_golem":1,"specialmobs:zombie":4,"luminousworld:savannah_zombie":4,"specialmobs:waterspider":1,"specialmobs:spitfireskeleton":1,"minecraft:pillager":2,"luminousworld:savannah_skeleton":7,"specialmobs:minicreeper":1,"specialmobs:giantzombie":1,"specialmobs:spider":1,"minecraft:villager":1,"luminousworld:baby_pheonix":2},"minecraft:mined":{"minecraft:white_bed":1,"minecraft:oak_sapling":2,"minecraft:cherry_log":258,"graveyard:acacia_coffin":1,"minecraft:cherry_sapling":1,"minecraft:spruce_trapdoor":1,"minecraft:granite":7,"minecraft:acacia_log":72,"luminousworld:bao_bob_wood":2,"minecraft:grass_block":2,"luminousworld:baobab_plank":4,"travelersbackpack:white_sleeping_bag":1,"minecraft:potted_bamboo":2,"luminousworld:savanna_grass_2":5,"minecraft:hay_block":15,"minecraft:deepslate_brick_slab":1,"minecraft:carrots":54,"minecraft:chiseled_deepslate":1,"minecraft:peony":5,"minecraft:potatoes":21,"minecraft:dirt_path":1,"minecraft:smithing_table":1,"luminousworld:savannah_soil":4,"minecraft:acacia_leaves":28,"minecraft:dandelion":5,"minecraft:crafting_table":2,"luminousworld:savannah_grass_1":2,"minecraft:poppy":6,"minecraft:chest":7,"minecraft:andesite_slab":2,"minecraft:campfire":5,"luminousworld:auburnlog":25,"minecraft:sugar_cane":2,"minecraft:birch_sapling":2,"luminousworld:whiteoaklog":85,"minecraft:acacia_sapling":4,"luminousworld:bao_bab_sapling":5,"minecraft:birch_log":21,"minecraft:wheat":119,"luminousworld:bao_bob_log":1423,"minecraft:grass":2,"minecraft:oak_log":205,"minecraft:beetroots":12,"minecraft:dirt":9,"luminousworld:savannah_grass_4":2,"luminousworld:elephant_grass":2,"minecraft:mossy_stone_bricks":1,"minecraft:oak_leaves":6,"luminousworld:savannah_ground":5},"minecraft:picked_up":{"minecraft:wooden_axe":7,"minecraft:chiseled_deepslate":1,"luminousworld:groundpebbles_1":6,"minecraft:charcoal":10,"minecraft:crafting_table":3,"graveyard:acacia_coffin":1,"minecraft:wheat":96,"minecraft:chicken":4,"minecraft:clay_ball":4,"minecraft:flower_pot":2,"minecraft:leather_leggings":9,"minecraft:smithing_table":1,"luminousworld:soawwhytb":2,"luminousworld:bao_bob_wood":587,"aether:leather_gloves":2,"minecraft:item_frame":2,"minecraft:armor_stand":29,"minecraft:experience_bottle":6,"minecraft:beetroot":11,"minecraft:gold_nugget":9,"minecraft:beef":2,"minecraft:poppy":7,"minecraft:iron_nugget":15,"minecraft:sugar_cane":4,"minecraft:chest":12,"minecraft:birch_sapling":6,"minecraft:spruce_trapdoor":2,"minecraft:iron_boots":4,"minecraft:egg":6,"luminousworld:bao_bab_sapling":61,"minecraft:golden_helmet":11,"minecraft:stick":158,"luminousworld:auburnlog":23,"minecraft:oak_door":1,"minecraft:torch":4,"minecraft:acacia_log":136,"luminousworld:savannah_soil":582,"minecraft:fire_charge":2,"minecraft:cherry_log":258,"minecraft:stone_button":1,"minecraft:carrot":171,"luminousworld:baobab_plank":70,"luminousworld:white_oak_sapling":17,"minecraft:arrow":1,"minecraft:rotten_flesh":30,"minecraft:beetroot_seeds":31,"minecraft:peony":5,"minecraft:hay_block":15,"luminousworld:tall_deadbush":9,"minecraft:mutton":4,"minecraft:cod":15,"minecraft:cobblestone":3,"minecraft:birch_log":21,"luminousworld:savannah_ground":102,"minecraft:leather_chestplate":9,"minecraft:feather":1,"minecraft:leather":2,"minecraft:golden_leggings":10,"minecraft:potato":124,"minecraft:oak_log":225,"minecraft:gunpowder":1,"minecraft:lapis_lazuli":1,"minecraft:dirt":12,"minecraft:white_banner":1,"minecraft:lantern":2,"minecraft:leather_boots":5,"minecraft:bone":7,"grim_and_bleak:humanflesh":4,"minecraft:apple":23,"minecraft:bow":1,"minecraft:wheat_seeds":270,"minecraft:deepslate_brick_slab":1,"minecraft:iron_ingot":5,"luminousworld:elephant_grass":13,"minecraft:mossy_stone_bricks":1,"minecraft:rabbit":4,"minecraft:bamboo":2,"minecraft:iron_sword":3,"minecraft:acacia_sapling":40,"minecraft:book":2,"minecraft:pig_spawn_egg":1,"minecraft:dandelion":5,"minecraft:white_bed":2,"minecraft:leather_helmet":5,"luminousworld:whiteoaklog":85,"travelersbackpack:white_sleeping_bag":1,"minecraft:stone_axe":1,"minecraft:granite":7,"minecraft:bone_meal":1,"minecraft:cherry_sapling":86,"luminousworld:auburn_sapling":5,"minecraft:golden_apple":2,"minecraft:emerald":4,"minecraft:bread":7,"minecraft:oak_sapling":87,"luminousworld:bao_bob_log":2343,"minecraft:andesite_slab":2},"minecraft:dropped":{"minecraft:golden_apple":2,"luminousworld:soawwhytb":1,"minecraft:wooden_axe":1,"minecraft:white_banner":1,"minecraft:stone_axe":1,"minecraft:pig_spawn_egg":1,"minecraft:white_bed":1,"minecraft:leather_chestplate":3,"minecraft:flower_pot":1,"minecraft:spruce_trapdoor":1,"minecraft:leather_boots":1,"minecraft:leather_leggings":2},"minecraft:used":{"minecraft:peony":5,"minecraft:cherry_sapling":27,"create:framed_glass":250,"minecraft:flint_and_steel":12,"minecraft:armor_stand":7,"minecraft:ladder":8,"minecraft:chest":25,"minecraft:shield":6,"minecraft:stone":2,"minecraft:iron_sword":1,"luminousworld:bao_bob_log":928,"minecraft:stone_hoe":313,"minecraft:oak_door":3,"minecraft:torch":153,"minecraft:dirt":180,"minecraft:carrot":3,"minecraft:acacia_sapling":10,"minecraft:granite":7,"luminousworld:baobab_door":1,"minecraft:milk_bucket":3,"luminousworld:baobab_stairs":100,"minecraft:wooden_axe":79,"minecraft:villager_spawn_egg":1,"luminousworld:white_oak_sapling":17,"minecraft:lantern":10,"minecraft:iron_axe":37,"minecraft:grass_block":847,"luminousworld:baobab_slab":241,"minecraft:birch_sapling":6,"minecraft:chicken_spawn_egg":2,"luminousworld:baobabfence":173,"luminousworld:savannah_soil":481,"minecraft:oak_sapling":34,"minecraft:furnace":1,"minecraft:egg":2,"minecraft:potato":1,"immersive_armors:wooden_helmet":1,"luminousworld:baobab_fence_gate":8,"minecraft:water_bucket":11,"minecraft:cow_spawn_egg":3,"minecraft:diamond_boots":1,"minecraft:dirt_path":9,"minecraft:stone_pickaxe":6,"minecraft:andesite_slab":1,"minecraft:wooden_pickaxe":7,"minecraft:sheep_spawn_egg":4,"minecraft:sugar_cane":4,"luminousworld:baobab_plank":1135,"luminousworld:bao_bab_sapling":41,"minecraft:tnt":14,"minecraft:crafting_table":5,"minecraft:white_bed":10,"minecraft:campfire":5,"minecraft:sponge":1,"luminousworld:bao_bob_wood":13,"minecraft:bread":21,"minecraft:pig_spawn_egg":2,"travelersbackpack:white_sleeping_bag":1,"minecraft:oak_pressure_plate":3,"minecraft:golden_leggings":1,"minecraft:polished_andesite_slab":4,"minecraft:stone_axe":23,"immersive_armors:wooden_boots":1,"luminousworld:auburn_sapling":2,"minecraft:smithing_table":1,"minecraft:bucket":2,"minecraft:birch_log":1,"immersive_armors:wooden_leggings":2,"minecraft:bone_meal":249,"minecraft:splash_potion":3},"minecraft:crafted":{"mca:bouquet":2,"immersive_armors:wooden_chestplate":2,"travelersbackpack:white_sleeping_bag":1,"minecraft:ladder":3,"minecraft:chest":7,"immersive_armors:wooden_helmet":2,"minecraft:lead":2,"minecraft:crafting_table":3,"minecraft:wooden_pickaxe":1,"immersive_armors:wooden_leggings":3,"immersive_armors:wooden_boots":2,"minecraft:shield":1,"minecraft:stick":8,"minecraft:wooden_axe":13,"luminousworld:baobab_plank":240},"minecraft:custom":{"minecraft:interact_with_smithing_table":3,"minecraft:mob_kills":31,"minecraft:animals_bred":20,"minecraft:interact_with_crafting_table":25,"minecraft:open_barrel":16,"minecraft:bell_ring":5,"minecraft:leave_game":6,"minecraft:time_since_death":556131,"minecraft:climb_one_cm":48561,"minecraft:sprint_one_cm":635806,"minecraft:walk_one_cm":2110481,"minecraft:damage_blocked_by_shield":176,"minecraft:drop":16,"minecraft:talked_to_villager":8,"minecraft:play_time":587701,"minecraft:deaths":1,"minecraft:sneak_time":7630,"minecraft:walk_under_water_one_cm":1829,"minecraft:jump":1939,"minecraft:walk_on_water_one_cm":12360,"minecraft:total_world_time":587701,"minecraft:interact_with_furnace":20,"minecraft:sleep_in_bed":41,"minecraft:time_since_rest":14378,"minecraft:damage_taken":776,"minecraft:damage_dealt":7120,"minecraft:swim_one_cm":20299,"minecraft:fly_one_cm":1729692,"minecraft:open_chest":140,"minecraft:crouch_one_cm":6697,"minecraft:fall_one_cm":16958},"minecraft:broken":{"minecraft:stone_axe":2,"minecraft:wooden_axe":11}},"DataVersion":3465}