{"stats":{"minecraft:custom":{"minecraft:interact_with_smithing_table":3,"minecraft:mob_kills":25,"minecraft:animals_bred":5,"minecraft:interact_with_crafting_table":12,"minecraft:open_barrel":6,"minecraft:bell_ring":5,"minecraft:leave_game":3,"minecraft:time_since_death":359582,"minecraft:climb_one_cm":23034,"minecraft:sprint_one_cm":272509,"minecraft:walk_one_cm":1276339,"minecraft:damage_blocked_by_shield":1,"minecraft:drop":9,"minecraft:play_time":391152,"minecraft:deaths":1,"minecraft:sneak_time":6395,"minecraft:walk_under_water_one_cm":291,"minecraft:jump":1057,"minecraft:walk_on_water_one_cm":6388,"minecraft:total_world_time":391152,"minecraft:interact_with_furnace":8,"minecraft:sleep_in_bed":28,"minecraft:time_since_rest":13327,"minecraft:damage_taken":447,"minecraft:damage_dealt":6056,"minecraft:fly_one_cm":1519945,"minecraft:open_chest":54,"minecraft:crouch_one_cm":5364,"minecraft:fall_one_cm":7142},"minecraft:dropped":{"minecraft:golden_apple":2,"luminousworld:soawwhytb":1,"minecraft:wooden_axe":1,"minecraft:white_banner":1,"minecraft:stone_axe":1,"minecraft:pig_spawn_egg":1,"minecraft:white_bed":1,"minecraft:spruce_trapdoor":1},"minecraft:crafted":{"immersive_armors:wooden_chestplate":1,"minecraft:ladder":3,"minecraft:chest":7,"immersive_armors:wooden_helmet":1,"minecraft:lead":2,"minecraft:crafting_table":1,"immersive_armors:wooden_leggings":1,"immersive_armors:wooden_boots":1,"minecraft:shield":1,"minecraft:stick":8,"minecraft:wooden_axe":9,"luminousworld:baobab_plank":100},"minecraft:killed":{"specialmobs:skeletoncreeper":1,"luminousworld:pheonix":1,"takesapillage:clay_golem":1,"specialmobs:zombie":3,"luminousworld:savannah_zombie":3,"specialmobs:waterspider":1,"specialmobs:spitfireskeleton":1,"minecraft:pillager":2,"luminousworld:savannah_skeleton":4,"specialmobs:minicreeper":1,"specialmobs:giantzombie":1,"specialmobs:spider":1,"minecraft:villager":1,"luminousworld:baby_pheonix":2},"minecraft:mined":{"minecraft:white_bed":1,"minecraft:oak_sapling":2,"minecraft:spruce_trapdoor":1,"minecraft:acacia_log":54,"luminousworld:bao_bob_wood":2,"minecraft:grass_block":2,"minecraft:potted_bamboo":2,"luminousworld:savanna_grass_2":4,"minecraft:hay_block":15,"minecraft:carrots":52,"minecraft:potatoes":20,"minecraft:dirt_path":1,"minecraft:smithing_table":1,"luminousworld:savannah_soil":4,"minecraft:acacia_leaves":28,"minecraft:crafting_table":2,"luminousworld:savannah_grass_1":1,"minecraft:chest":6,"minecraft:campfire":4,"minecraft:sugar_cane":2,"minecraft:acacia_sapling":1,"luminousworld:bao_bab_sapling":1,"minecraft:wheat":119,"luminousworld:bao_bob_log":1423,"minecraft:grass":2,"minecraft:oak_log":28,"minecraft:beetroots":12,"minecraft:dirt":9,"luminousworld:elephant_grass":2,"luminousworld:savannah_grass_4":2,"minecraft:mossy_stone_bricks":1,"minecraft:oak_leaves":3,"luminousworld:savannah_ground":5},"minecraft:picked_up":{"minecraft:wooden_axe":7,"minecraft:charcoal":8,"luminousworld:groundpebbles_1":6,"minecraft:crafting_table":3,"minecraft:wheat":96,"minecraft:chicken":4,"minecraft:clay_ball":4,"minecraft:flower_pot":2,"minecraft:smithing_table":1,"luminousworld:soawwhytb":2,"luminousworld:bao_bob_wood":587,"minecraft:armor_stand":6,"minecraft:experience_bottle":3,"minecraft:beetroot":11,"minecraft:gold_nugget":9,"minecraft:beef":2,"minecraft:poppy":1,"minecraft:iron_nugget":15,"minecraft:sugar_cane":4,"minecraft:chest":11,"minecraft:spruce_trapdoor":2,"minecraft:egg":1,"luminousworld:bao_bab_sapling":57,"minecraft:golden_helmet":4,"minecraft:stick":51,"minecraft:torch":4,"minecraft:acacia_log":117,"minecraft:fire_charge":2,"luminousworld:savannah_soil":582,"minecraft:carrot":164,"luminousworld:baobab_plank":66,"minecraft:rotten_flesh":22,"minecraft:beetroot_seeds":31,"minecraft:hay_block":15,"luminousworld:tall_deadbush":9,"minecraft:mutton":4,"minecraft:cod":15,"minecraft:cobblestone":3,"luminousworld:savannah_ground":102,"minecraft:feather":1,"minecraft:golden_leggings":4,"minecraft:potato":119,"minecraft:oak_log":47,"minecraft:gunpowder":1,"minecraft:lapis_lazuli":1,"minecraft:dirt":12,"minecraft:white_banner":1,"minecraft:lantern":2,"minecraft:bone":5,"grim_and_bleak:humanflesh":4,"minecraft:apple":18,"minecraft:wheat_seeds":270,"minecraft:iron_ingot":5,"luminousworld:elephant_grass":13,"minecraft:mossy_stone_bricks":1,"minecraft:rabbit":4,"minecraft:bamboo":2,"minecraft:iron_sword":1,"minecraft:acacia_sapling":31,"minecraft:pig_spawn_egg":1,"minecraft:white_bed":2,"minecraft:stone_axe":1,"minecraft:bone_meal":1,"minecraft:golden_apple":2,"minecraft:bread":7,"minecraft:emerald":4,"minecraft:oak_sapling":17,"luminousworld:bao_bob_log":2343},"minecraft:used":{"create:framed_glass":94,"minecraft:flint_and_steel":12,"minecraft:ladder":8,"minecraft:chest":20,"minecraft:shield":1,"minecraft:iron_sword":1,"luminousworld:bao_bob_log":915,"minecraft:stone_hoe":313,"minecraft:oak_door":2,"minecraft:torch":129,"minecraft:dirt":180,"minecraft:acacia_sapling":3,"luminousworld:baobab_door":1,"minecraft:milk_bucket":3,"luminousworld:baobab_stairs":100,"minecraft:wooden_axe":72,"minecraft:villager_spawn_egg":1,"minecraft:grass_block":811,"minecraft:lantern":10,"minecraft:iron_axe":37,"luminousworld:baobab_slab":241,"minecraft:chicken_spawn_egg":2,"luminousworld:baobabfence":169,"luminousworld:savannah_soil":481,"minecraft:furnace":1,"minecraft:oak_sapling":10,"minecraft:potato":1,"immersive_armors:wooden_helmet":1,"luminousworld:baobab_fence_gate":8,"minecraft:water_bucket":11,"minecraft:cow_spawn_egg":3,"minecraft:dirt_path":9,"minecraft:stone_pickaxe":1,"minecraft:andesite_slab":1,"minecraft:sheep_spawn_egg":4,"minecraft:sugar_cane":4,"luminousworld:baobab_plank":1097,"luminousworld:bao_bab_sapling":34,"minecraft:tnt":14,"minecraft:crafting_table":3,"minecraft:campfire":5,"minecraft:white_bed":10,"minecraft:sponge":1,"luminousworld:bao_bob_wood":13,"minecraft:bread":6,"minecraft:pig_spawn_egg":2,"minecraft:oak_pressure_plate":3,"minecraft:polished_andesite_slab":4,"minecraft:stone_axe":14,"immersive_armors:wooden_boots":1,"minecraft:smithing_table":1,"minecraft:bucket":2,"immersive_armors:wooden_leggings":1,"minecraft:bone_meal":167,"minecraft:splash_potion":3},"minecraft:broken":{"minecraft:stone_axe":1,"minecraft:wooden_axe":7}},"DataVersion":3465}