{"stats":{"minecraft:killed":{"specialmobs:skeletoncreeper":1,"naturalist:snail":2,"minecraft:chicken":3,"minecraft:sheep":1,"minecraft:pillager":2,"luminousworld:savannah_skeleton":16,"specialmobs:giantzombie":1,"specialmobs:spider":1,"luminousworld:baby_pheonix":2,"luminousworld:pheonix":1,"takesapillage:clay_golem":1,"specialmobs:zombie":5,"luminousworld:savannah_zombie":17,"specialmobs:waterspider":1,"specialmobs:spitfireskeleton":1,"specialmobs:minicreeper":1,"minecraft:villager":1},"minecraft:mined":{"minecraft:white_bed":1,"minecraft:oak_sapling":2,"minecraft:cherry_log":303,"minecraft:cobblestone_stairs":2,"minecraft:spruce_trapdoor":1,"minecraft:potted_dead_bush":1,"minecraft:granite":11,"minecraft:stone_brick_wall":1,"minecraft:acacia_log":106,"luminousworld:bao_bob_wood":2,"minecraft:grass_block":2,"luminousworld:baobab_plank":12,"luminousworld:savanna_grass_2":7,"minecraft:raw_iron_block":3,"minecraft:iron_ore":14,"minecraft:fire":1,"minecraft:dirt_path":1,"luminousworld:baobab_stairs":1,"minecraft:iron_block":2,"minecraft:poppy":6,"minecraft:chest":8,"minecraft:sugar_cane":8,"minecraft:oak_planks":7,"minecraft:wall_torch":1,"minecraft:birch_sapling":2,"minecraft:seagrass":1,"minecraft:acacia_sapling":4,"luminousworld:bao_bab_sapling":5,"minecraft:birch_log":21,"minecraft:wheat":119,"luminousworld:bao_bob_log":1575,"minecraft:grass":26,"minecraft:oak_log":205,"minecraft:beetroots":12,"minecraft:dirt":21,"luminousworld:savannah_grass_4":4,"minecraft:oak_leaves":6,"luminousworld:savannah_ground":27,"graveyard:acacia_coffin":1,"minecraft:cherry_sapling":1,"minecraft:shulker_box":1,"luminousworld:grassvariant_2":4,"travelersbackpack:white_sleeping_bag":1,"minecraft:potted_bamboo":2,"minecraft:hay_block":15,"minecraft:deepslate_brick_slab":1,"minecraft:carrots":54,"minecraft:chiseled_deepslate":1,"minecraft:peony":5,"minecraft:bookshelf":4,"minecraft:potatoes":21,"minecraft:deepslate_iron_ore":1,"minecraft:smithing_table":1,"luminousworld:savannah_soil":8,"minecraft:acacia_leaves":28,"minecraft:dandelion":5,"minecraft:crafting_table":3,"minecraft:cornflower":1,"luminousworld:savannah_grass_1":5,"aether:golden_oak_log":28,"minecraft:andesite_slab":2,"minecraft:campfire":5,"luminousworld:auburnlog":25,"minecraft:copper_ore":3,"luminousworld:whiteoaklog":85,"minecraft:potted_azure_bluet":1,"luminousworld:elephant_grass":5,"minecraft:mossy_stone_bricks":1},"minecraft:picked_up":{"minecraft:wooden_axe":8,"minecraft:chiseled_deepslate":1,"minecraft:wheat":96,"minecraft:flower_pot":4,"minecraft:smithing_table":1,"minecraft:raw_copper":17,"minecraft:armor_stand":29,"minecraft:experience_bottle":7,"mca:blueprint":1,"minecraft:beetroot":11,"aether:skyroot_stick":14,"minecraft:gold_nugget":9,"minecraft:iron_pickaxe":1,"minecraft:iron_boots":4,"luminousworld:bao_bab_sapling":66,"minecraft:golden_helmet":11,"minecraft:stick":259,"luminousworld:auburnlog":23,"minecraft:acacia_log":185,"minecraft:torch":66,"minecraft:spruce_stairs":1,"luminousworld:savannah_soil":586,"minecraft:cherry_log":348,"luminousworld:baobab_stairs":1,"create:polished_cut_granite_wall":1,"minecraft:rotten_flesh":52,"minecraft:blue_dye":1,"minecraft:iron_block":2,"create:crafting_blueprint":3,"luminousworld:tall_deadbush":9,"minecraft:cod":15,"minecraft:cobblestone":3,"minecraft:birch_log":21,"minecraft:leather_chestplate":9,"luminousworld:savannah_ground":124,"minecraft:feather":4,"minecraft:golden_leggings":10,"minecraft:potato":124,"minecraft:lapis_lazuli":1,"minecraft:cherry_door":1,"minecraft:dirt":25,"minecraft:lantern":5,"minecraft:leather_boots":5,"minecraft:bone":12,"minecraft:acacia_planks":1,"minecraft:bow":2,"minecraft:orange_tulip":5,"minecraft:wheat_seeds":273,"minecraft:deepslate_brick_slab":1,"luminousworld:elephant_grass":17,"minecraft:rabbit":4,"minecraft:mossy_stone_bricks":1,"minecraft:bamboo":2,"minecraft:oak_planks":7,"aether:golden_oak_sapling":18,"minecraft:pig_spawn_egg":1,"minecraft:shulker_box":1,"travelersbackpack:white_sleeping_bag":1,"minecraft:lever":1,"minecraft:granite":10,"minecraft:bone_meal":1,"minecraft:golden_apple":2,"luminousworld:auburn_sapling":8,"minecraft:spruce_sign":5,"minecraft:bread":12,"minecraft:emerald":5,"minecraft:oak_sapling":87,"luminousworld:bao_bob_log":2467,"minecraft:andesite_slab":2,"minecraft:charcoal":10,"luminousworld:groundpebbles_1":7,"minecraft:crafting_table":5,"graveyard:acacia_coffin":1,"minecraft:azure_bluet":1,"minecraft:chicken":8,"minecraft:clay_ball":4,"minecraft:leather_leggings":9,"luminousworld:soawwhytb":2,"minecraft:wooden_pickaxe":1,"minecraft:stone_brick_wall":10,"luminousworld:bao_bob_wood":615,"minecraft:shield":1,"aether:leather_gloves":3,"minecraft:cornflower":1,"minecraft:item_frame":4,"minecraft:beef":2,"minecraft:oak_boat":1,"immersive_armors:wooden_leggings":1,"minecraft:poppy":7,"minecraft:iron_nugget":15,"minecraft:sugar_cane":25,"minecraft:chest":17,"minecraft:birch_sapling":26,"minecraft:spruce_trapdoor":2,"minecraft:egg":18,"minecraft:raw_iron":15,"minecraft:oak_door":1,"create:golden_sheet":1,"minecraft:fire_charge":3,"minecraft:stone_button":1,"minecraft:carrot":171,"mca:book_blueprint":1,"luminousworld:baobab_plank":78,"luminousworld:white_oak_sapling":17,"aether:skyroot_log":28,"immersive_armors:wooden_helmet":1,"minecraft:arrow":8,"minecraft:beetroot_seeds":31,"minecraft:peony":5,"minecraft:shears":1,"minecraft:diamond_boots":1,"minecraft:hay_block":15,"minecraft:glow_berries":1,"minecraft:mutton":9,"minecraft:white_wool":3,"minecraft:leather":2,"minecraft:oak_log":225,"minecraft:gunpowder":1,"minecraft:cobblestone_stairs":2,"minecraft:paper":3,"minecraft:white_banner":1,"grim_and_bleak:humanflesh":4,"minecraft:apple":23,"minecraft:iron_ingot":8,"minecraft:stone_pickaxe":1,"minecraft:iron_sword":5,"minecraft:acacia_sapling":60,"minecraft:book":14,"minecraft:dandelion":5,"minecraft:raw_iron_block":3,"minecraft:white_bed":2,"minecraft:leather_helmet":5,"luminousworld:whiteoaklog":85,"minecraft:slime_ball":2,"minecraft:stone_axe":1,"immersive_armors:wooden_chestplate":1,"minecraft:cherry_sapling":120},"minecraft:dropped":{"minecraft:spruce_sign":5,"minecraft:item_frame":2,"luminousworld:soawwhytb":1,"mca:blueprint":1,"minecraft:bone":3,"minecraft:stone_axe":1,"minecraft:pig_spawn_egg":1,"minecraft:rotten_flesh":10,"minecraft:azure_bluet":1,"minecraft:white_bed":1,"minecraft:leather_chestplate":3,"minecraft:leather_boots":1,"minecraft:leather_leggings":2,"minecraft:arrow":4,"minecraft:golden_apple":2,"minecraft:stick":12,"minecraft:wooden_axe":1,"minecraft:white_banner":1,"luminousworld:bao_bab_sapling":5,"minecraft:stone":1,"minecraft:flower_pot":1,"minecraft:spruce_trapdoor":1,"luminousworld:elephant_grass":4},"minecraft:used":{"minecraft:peony":5,"minecraft:cherry_sapling":27,"minecraft:ladder":8,"minecraft:chest":30,"minecraft:shield":47,"minecraft:stone":2,"minecraft:iron_sword":130,"luminousworld:savannah_ground":24,"minecraft:carrot":3,"minecraft:acacia_sapling":10,"luminousworld:baobab_door":1,"minecraft:milk_bucket":3,"minecraft:grass_block":847,"minecraft:villager_spawn_egg":1,"create:crafting_blueprint":4,"minecraft:lantern":16,"luminousworld:white_oak_sapling":17,"minecraft:birch_sapling":6,"minecraft:cherry_leaves":47,"minecraft:furnace":2,"minecraft:oak_sapling":34,"minecraft:egg":2,"minecraft:potato":1,"immersive_armors:wooden_helmet":1,"luminousworld:baobab_fence_gate":8,"minecraft:cow_spawn_egg":3,"minecraft:diamond_boots":1,"minecraft:stone_pickaxe":33,"minecraft:oak_planks":5,"minecraft:wooden_pickaxe":14,"minecraft:sugar_cane":4,"minecraft:glow_berries":2,"luminousworld:baobab_plank":1229,"luminousworld:bao_bab_sapling":41,"minecraft:sponge":1,"minecraft:acacia_door":1,"minecraft:bread":32,"minecraft:lectern":1,"minecraft:oak_pressure_plate":3,"minecraft:polished_andesite_slab":4,"luminousworld:auburn_sapling":2,"minecraft:smithing_table":1,"minecraft:birch_log":1,"minecraft:bone_meal":249,"create:framed_glass":250,"minecraft:flint_and_steel":12,"minecraft:armor_stand":7,"luminousworld:bao_bob_log":1000,"minecraft:stone_hoe":313,"minecraft:cooked_chicken":2,"minecraft:oak_door":4,"minecraft:torch":158,"minecraft:dirt":184,"minecraft:anvil":1,"minecraft:shulker_box":2,"minecraft:granite":18,"luminousworld:baobab_stairs":220,"minecraft:wooden_axe":101,"minecraft:iron_axe":37,"luminousworld:baobab_slab":256,"minecraft:chicken_spawn_egg":2,"luminousworld:baobabfence":213,"luminousworld:savannah_soil":608,"mca:staff_of_life":4,"minecraft:cooked_mutton":4,"minecraft:water_bucket":11,"minecraft:cobblestone_stairs":2,"minecraft:dirt_path":9,"minecraft:andesite_slab":1,"minecraft:sheep_spawn_egg":4,"minecraft:tnt":14,"minecraft:crafting_table":5,"minecraft:campfire":5,"minecraft:white_bed":10,"minecraft:cod":2,"luminousworld:bao_bob_wood":30,"minecraft:pig_spawn_egg":2,"travelersbackpack:white_sleeping_bag":2,"aether:golden_oak_sapling":1,"minecraft:golden_leggings":1,"minecraft:stone_axe":23,"immersive_armors:wooden_boots":1,"minecraft:cobblestone":54,"minecraft:purple_bed":2,"minecraft:bucket":2,"immersive_armors:wooden_leggings":2,"minecraft:splash_potion":3},"minecraft:crafted":{"minecraft:cooked_chicken":4,"minecraft:bookshelf":1,"minecraft:cooked_mutton":5,"immersive_armors:wooden_chestplate":2,"minecraft:glass":4,"create:crafting_blueprint":1,"minecraft:chest":7,"immersive_armors:wooden_helmet":2,"minecraft:cauldron":1,"minecraft:crafting_table":3,"minecraft:wooden_pickaxe":1,"immersive_armors:wooden_leggings":3,"minecraft:painting":1,"immersive_armors:wooden_boots":2,"minecraft:lectern":1,"minecraft:paper":12,"minecraft:shield":1,"minecraft:stick":8,"minecraft:acacia_door":3,"minecraft:shears":1,"minecraft:raw_iron":27,"mca:blueprint":1,"luminousworld:baobab_stairs":36,"minecraft:furnace":1,"mca:bouquet":4,"travelersbackpack:white_sleeping_bag":1,"minecraft:ladder":3,"luminousworld:baobab_slab":18,"minecraft:lead":2,"minecraft:air":0,"minecraft:blue_dye":1,"minecraft:oak_boat":1,"minecraft:wooden_axe":14,"minecraft:white_bed":1,"minecraft:acacia_planks":12,"minecraft:torch":4,"luminousworld:baobab_plank":480},"minecraft:custom":{"minecraft:animals_bred":20,"minecraft:interact_with_crafting_table":56,"minecraft:open_barrel":23,"minecraft:open_shulker_box":2,"minecraft:bell_ring":5,"minecraft:eat_cake_slice":7,"minecraft:leave_game":12,"minecraft:time_since_death":110556,"minecraft:sprint_one_cm":1230993,"minecraft:damage_blocked_by_shield":1366,"minecraft:drop":30,"minecraft:talked_to_villager":12,"minecraft:play_time":835425,"minecraft:deaths":2,"minecraft:jump":3031,"minecraft:walk_on_water_one_cm":17960,"minecraft:interact_with_furnace":41,"minecraft:sleep_in_bed":54,"minecraft:damage_dealt":13594,"minecraft:crouch_one_cm":20539,"minecraft:interact_with_smoker":1,"minecraft:interact_with_smithing_table":3,"minecraft:mob_kills":65,"minecraft:interact_with_anvil":4,"minecraft:climb_one_cm":65055,"minecraft:walk_one_cm":3034205,"minecraft:sneak_time":12598,"minecraft:walk_under_water_one_cm":5545,"minecraft:total_world_time":835425,"minecraft:time_since_rest":3300,"minecraft:damage_taken":1479,"minecraft:swim_one_cm":27334,"minecraft:fly_one_cm":1989642,"minecraft:open_chest":284,"minecraft:fall_one_cm":34176},"minecraft:broken":{"minecraft:stone_axe":2,"minecraft:wooden_axe":13}},"DataVersion":3465}