{"stats":{"minecraft:crafted":{"luminousworld:cooked_bass":2,"minecraft:crafting_table":2,"minecraft:iron_sword":1,"immersive_armors:wooden_leggings":1,"minecraft:furnace":1,"minecraft:cooked_salmon":7,"minecraft:stone_axe":1,"naturalist:cooked_bass":11,"immersive_armors:wooden_chestplate":1,"immersive_armors:wooden_boots":1,"minecraft:stick":12,"minecraft:iron_pickaxe":1,"minecraft:chest":1,"immersive_armors:wooden_helmet":1,"minecraft:torch":20,"minecraft:smoker":1,"luminousworld:palmplank":32},"minecraft:killed_by":{"specialmobs:zombie":1},"minecraft:used":{"minecraft:chest":1,"minecraft:iron_sword":95,"minecraft:cooked_salmon":5,"minecraft:salmon":3,"minecraft:torch":25,"minecraft:crafting_table":2,"naturalist:cooked_bass":11,"minecraft:smoker":1,"luminousworld:cooked_bass":2,"luminousworld:blueberry":1,"minecraft:bread":4,"minecraft:iron_pickaxe":104,"minecraft:birch_sapling":1,"immersive_armors:wooden_chestplate":1,"minecraft:stone_axe":1,"minecraft:sweet_berries":36,"immersive_armors:wooden_leggings":1,"luminousworld:palm_log":1,"immersive_armors:wooden_helmet":1},"minecraft:dropped":{"minecraft:iron_sword":1,"minecraft:stone_axe":1,"luminousworld:far_lands":1,"minecraft:torch":1},"minecraft:mined":{"minecraft:tuff":1,"luminousworld:yellowpetunias":1,"luminousworld:blueberrystage_0":1,"luminousworld:blueberrybush":1,"minecraft:jungle_slab":1,"minecraft:torch":5,"minecraft:grass_block":4,"gobber2:gobber2_lucky_block":2,"create:scoria":3,"luminousworld:decorative_brown_mushroom_1":1,"minecraft:copper_ore":7,"minecraft:wall_torch":4,"minecraft:birch_log":6,"minecraft:sweet_berry_bush":23,"minecraft:spruce_log":47,"minecraft:oak_log":10,"minecraft:coal_ore":31,"minecraft:dirt":4,"luminousworld:grassvariant_3":2,"luminousworld:palm_log":10,"minecraft:stone":59,"minecraft:fern":1},"minecraft:picked_up":{"minecraft:birch_log":12,"luminousworld:palmplank":10,"minecraft:salmon":14,"minecraft:tuff":1,"minecraft:oak_log":20,"luminousworld:tree_ant_trophy":1,"minecraft:gunpowder":2,"minecraft:dirt":20,"minecraft:string":2,"minecraft:raw_copper":23,"minecraft:cooked_salmon":5,"naturalist:bass":11,"minecraft:bone":5,"luminousworld:palm_log":9,"gobber2:gobber2_gooey_beef":2,"immersive_armors:wooden_leggings":1,"minecraft:iron_sword":2,"minecraft:birch_sapling":1,"luminousworld:bass_item":2,"minecraft:stick":23,"minecraft:sweet_berries":27,"minecraft:torch":23,"minecraft:spruce_sapling":8,"minecraft:grass_block":2,"minecraft:spruce_log":68,"minecraft:jungle_slab":1,"minecraft:spider_eye":1,"luminousworld:decorative_brown_mushroom_1":2,"immersive_armors:wooden_helmet":1,"minecraft:arrow":1,"minecraft:stone_axe":2,"create:scoria":3,"luminousworld:yellowpetunias":1,"immersive_armors:wooden_chestplate":1,"luminousworld:blueberry":3,"minecraft:bone_meal":1,"minecraft:bread":4,"luminousworld:far_lands":3,"minecraft:oak_sapling":8,"immersive_armors:wooden_boots":1,"minecraft:coal":31,"minecraft:cobblestone":107,"minecraft:ender_pearl":1},"minecraft:custom":{"minecraft:mob_kills":41,"minecraft:interact_with_crafting_table":14,"minecraft:open_barrel":1,"minecraft:leave_game":5,"minecraft:time_since_death":24396,"minecraft:sleep_in_bed":2,"minecraft:climb_one_cm":1912,"minecraft:time_since_rest":1872,"minecraft:sprint_one_cm":215975,"minecraft:damage_taken":1408,"minecraft:walk_one_cm":218388,"minecraft:drop":4,"minecraft:damage_dealt":4351,"minecraft:swim_one_cm":56125,"minecraft:fly_one_cm":77536,"minecraft:open_chest":21,"minecraft:play_time":77676,"minecraft:crouch_one_cm":2174,"minecraft:deaths":1,"minecraft:sneak_time":2779,"minecraft:walk_under_water_one_cm":104318,"minecraft:jump":881,"minecraft:walk_on_water_one_cm":70302,"minecraft:total_world_time":77676,"minecraft:interact_with_smoker":20,"minecraft:fall_one_cm":19921},"minecraft:killed":{"minecraft:salmon":16,"specialmobs:watercavespider":1,"specialmobs:skeleton":2,"luminousworld:treant":2,"specialmobs:gatlingskeleton":2,"specialmobs:drowned":2,"naturalist:bass":13,"luminousworld:bass_fish":2,"specialmobs:flyingcavespider":1}},"DataVersion":3465}