{
  "__COMMENT1": "To apply this configuration to all newly generated worlds",
  "__COMMENT2": "please place this configuration file into your config directory",
  "__COMMENT3": "with the following name: cpm-server-default.json",
  "player_scaling": {
    "ac94e67b-f67a-442d-8357-8da4343a3fb2": {},
    "6ae95702-fd03-428c-b87b-5865b8f7a24e": {},
    "5e921be3-759f-49e0-9eee-b42c6cac3090": {}
  },
  "skins": {},
  "player_scaling_settings": {},
  "scaling_settings": {
    "motion": {},
    "mob_visibility": {},
    "defense": {},
    "attack_knockback": {},
    "flight_speed": {},
    "step_height": {},
    "knockback_resist": {},
    "reach": {},
    "health": {},
    "attack_speed": {},
    "attack_dmg": {}
  }
}