{
  "takesapillage:root": {
    "criteria": {
      "always": "2024-09-20 01:34:59 +0000"
    },
    "done": true
  },
  "grim_and_bleak:grim_and_bleak": {
    "criteria": {
      "grim_and_bleak_0": "2024-09-20 01:34:59 +0000"
    },
    "done": true
  },
  "minecraft:recipes/decorations/crafting_table": {
    "criteria": {
      "unlock_right_away": "2024-09-20 01:34:59 +0000",
      "has_the_recipe": "2024-09-20 01:56:46 +0000"
    },
    "done": true
  },
  "minecraft:adventure/adventuring_time": {
    "criteria": {
      "minecraft:cherry_grove": "2024-09-21 02:15:52 +0000",
      "minecraft:sunflower_plains": "2024-09-21 02:03:53 +0000",
      "minecraft:birch_forest": "2024-09-20 02:16:10 +0000",
      "minecraft:beach": "2024-09-20 02:07:14 +0000",
      "minecraft:river": "2024-09-20 02:16:33 +0000",
      "minecraft:forest": "2024-09-20 02:08:19 +0000",
      "minecraft:ocean": "2024-09-20 02:36:50 +0000",
      "minecraft:old_growth_birch_forest": "2024-09-20 02:16:59 +0000",
      "minecraft:meadow": "2024-09-20 02:34:10 +0000",
      "minecraft:savanna": "2024-09-20 01:35:00 +0000",
      "minecraft:plains": "2024-09-20 01:54:01 +0000"
    },
    "done": false
  },
  "mutantmonsters:root": {
    "criteria": {
      "killed_by_something": "2024-09-20 01:47:09 +0000",
      "killed_something": "2024-09-20 02:01:45 +0000"
    },
    "done": true
  },
  "minecraft:adventure/root": {
    "criteria": {
      "killed_by_something": "2024-09-20 01:47:09 +0000",
      "killed_something": "2024-09-20 02:01:45 +0000"
    },
    "done": true
  },
  "mca:root": {
    "criteria": {
      "village_plains": "2024-09-20 01:51:49 +0000"
    },
    "done": false
  },
  "minecraft:adventure/sleep_in_bed": {
    "criteria": {
      "slept_in_bed": "2024-09-20 01:52:31 +0000"
    },
    "done": true
  },
  "endofherobrine:story/root": {
    "criteria": {
      "requirement": "2024-09-20 01:55:26 +0000"
    },
    "done": true
  },
  "create:root": {
    "criteria": {
      "0": "2024-09-20 01:55:27 +0000"
    },
    "done": true
  },
  "naturalist:recipes/food/cooked_egg": {
    "criteria": {
      "has_eggs": "2024-09-20 01:55:27 +0000"
    },
    "done": false
  },
  "minecraft:recipes/transportation/carrot_on_a_stick": {
    "criteria": {
      "has_carrot": "2024-09-20 01:55:27 +0000"
    },
    "done": false
  },
  "minecraft:recipes/decorations/ladder": {
    "criteria": {
      "has_stick": "2024-09-20 01:56:18 +0000"
    },
    "done": false
  },
  "minecraft:recipes/tools/wooden_axe": {
    "criteria": {
      "has_stick": "2024-09-20 01:56:18 +0000",
      "has_the_recipe": "2024-09-20 01:59:26 +0000"
    },
    "done": true
  },
  "minecraft:recipes/decorations/campfire": {
    "criteria": {
      "has_coal": "2024-09-20 02:59:48 +0000",
      "has_stick": "2024-09-20 01:56:18 +0000"
    },
    "done": false
  },
  "minecraft:recipes/tools/wooden_hoe": {
    "criteria": {
      "has_stick": "2024-09-20 01:56:18 +0000"
    },
    "done": false
  },
  "minecraft:recipes/misc/charcoal": {
    "criteria": {
      "has_log": "2024-09-20 01:56:18 +0000"
    },
    "done": false
  },
  "minecraft:recipes/tools/wooden_shovel": {
    "criteria": {
      "has_stick": "2024-09-20 01:56:18 +0000"
    },
    "done": false
  },
  "minecraft:recipes/combat/wooden_sword": {
    "criteria": {
      "has_stick": "2024-09-20 01:56:18 +0000"
    },
    "done": false
  },
  "minecraft:recipes/building_blocks/oak_planks": {
    "criteria": {
      "has_logs": "2024-09-20 01:56:18 +0000",
      "has_the_recipe": "2024-09-20 01:56:44 +0000"
    },
    "done": true
  },
  "minecraft:recipes/building_blocks/oak_wood": {
    "criteria": {
      "has_log": "2024-09-20 01:56:18 +0000"
    },
    "done": false
  },
  "mca:recipes/misc/family_tree": {
    "criteria": {
      "has_item": "2024-09-20 01:56:18 +0000"
    },
    "done": true
  },
  "immersive_armors:recipes/misc/wooden": {
    "criteria": {
      "has_item": "2024-09-20 01:56:18 +0000"
    },
    "done": true
  },
  "minecraft:recipes/tools/wooden_pickaxe": {
    "criteria": {
      "has_stick": "2024-09-20 01:56:18 +0000",
      "has_the_recipe": "2024-09-20 01:56:59 +0000"
    },
    "done": true
  },
  "minecraft:husbandry/root": {
    "criteria": {
      "consumed_item": "2024-09-20 01:56:40 +0000"
    },
    "done": true
  },
  "minecraft:husbandry/balanced_diet": {
    "criteria": {
      "apple": "2024-09-20 01:56:40 +0000",
      "mutton": "2024-09-20 02:02:28 +0000",
      "glow_berries": "2024-09-20 02:18:02 +0000",
      "carrot": "2024-09-20 02:00:53 +0000"
    },
    "done": false
  },
  "create:recipes/misc/crafting/appliances/crafting_blueprint": {
    "criteria": {
      "has_item": "2024-09-20 01:56:46 +0000"
    },
    "done": false
  },
  "travelersbackpack:recipes/misc/crafting_upgrade": {
    "criteria": {
      "has_crafting_table": "2024-09-20 01:56:46 +0000"
    },
    "done": false
  },
  "aquamirae:adventure/root": {
    "criteria": {
      "crafting_table": "2024-09-20 01:56:46 +0000"
    },
    "done": true
  },
  "minecraft:story/root": {
    "criteria": {
      "crafting_table": "2024-09-20 01:56:46 +0000"
    },
    "done": true
  },
  "buildersdelight:recipes/misc/oak_slab_2": {
    "criteria": {
      "has_planks": "2024-09-20 01:56:57 +0000"
    },
    "done": false
  },
  "buildersdelight:recipes/misc/oak_slab_1": {
    "criteria": {
      "has_planks": "2024-09-20 01:56:57 +0000"
    },
    "done": false
  },
  "minecraft:recipes/decorations/oak_sign": {
    "criteria": {
      "has_planks": "2024-09-20 01:56:57 +0000"
    },
    "done": false
  },
  "buildersdelight:recipes/misc/oak_slab_7": {
    "criteria": {
      "has_planks": "2024-09-20 01:56:57 +0000"
    },
    "done": false
  },
  "buildersdelight:recipes/misc/oak_slab_4": {
    "criteria": {
      "has_planks": "2024-09-20 01:56:57 +0000"
    },
    "done": false
  },
  "buildersdelight:recipes/misc/oak_slab_3": {
    "criteria": {
      "has_planks": "2024-09-20 01:56:57 +0000"
    },
    "done": false
  },
  "buildersdelight:recipes/misc/oak_slab_6": {
    "criteria": {
      "has_planks": "2024-09-20 01:56:57 +0000"
    },
    "done": false
  },
  "buildersdelight:recipes/misc/oak_slab_5": {
    "criteria": {
      "has_planks": "2024-09-20 01:56:57 +0000"
    },
    "done": false
  },
  "minecraft:recipes/misc/stick": {
    "criteria": {
      "has_the_recipe": "2024-09-21 02:10:05 +0000",
      "has_planks": "2024-09-20 01:56:57 +0000"
    },
    "done": true
  },
  "buildersdelight:recipes/misc/oak_stairs_1": {
    "criteria": {
      "has_planks": "2024-09-20 01:56:57 +0000"
    },
    "done": false
  },
  "buildersdelight:recipes/misc/oak_stairs_2": {
    "criteria": {
      "has_planks": "2024-09-20 01:56:57 +0000"
    },
    "done": false
  },
  "buildersdelight:recipes/misc/oak_stairs_5": {
    "criteria": {
      "has_planks": "2024-09-20 01:56:57 +0000"
    },
    "done": false
  },
  "buildersdelight:recipes/misc/oak_stairs_6": {
    "criteria": {
      "has_planks": "2024-09-20 01:56:57 +0000"
    },
    "done": false
  },
  "buildersdelight:recipes/misc/oak_stairs_3": {
    "criteria": {
      "has_planks": "2024-09-20 01:56:57 +0000"
    },
    "done": false
  },
  "buildersdelight:recipes/misc/oak_stairs_4": {
    "criteria": {
      "has_planks": "2024-09-20 01:56:57 +0000"
    },
    "done": false
  },
  "buildersdelight:recipes/misc/oak_stairs_7": {
    "criteria": {
      "has_planks": "2024-09-20 01:56:57 +0000"
    },
    "done": false
  },
  "minecraft:recipes/building_blocks/oak_slab": {
    "criteria": {
      "has_planks": "2024-09-20 01:56:57 +0000"
    },
    "done": false
  },
  "minecraft:recipes/redstone/oak_fence_gate": {
    "criteria": {
      "has_planks": "2024-09-20 01:56:57 +0000"
    },
    "done": false
  },
  "minecraft:recipes/redstone/oak_door": {
    "criteria": {
      "has_planks": "2024-09-20 01:56:57 +0000"
    },
    "done": false
  },
  "minecraft:recipes/decorations/barrel": {
    "criteria": {
      "has_planks": "2024-09-20 01:56:57 +0000"
    },
    "done": false
  },
  "minecraft:recipes/redstone/oak_trapdoor": {
    "criteria": {
      "has_planks": "2024-09-20 01:56:57 +0000"
    },
    "done": false
  },
  "minecraft:recipes/building_blocks/oak_stairs": {
    "criteria": {
      "has_planks": "2024-09-20 01:56:57 +0000"
    },
    "done": false
  },
  "minecraft:recipes/decorations/oak_fence": {
    "criteria": {
      "has_planks": "2024-09-20 01:56:57 +0000"
    },
    "done": false
  },
  "minecraft:recipes/redstone/oak_button": {
    "criteria": {
      "has_planks": "2024-09-20 01:56:57 +0000"
    },
    "done": false
  },
  "minecraft:recipes/redstone/oak_pressure_plate": {
    "criteria": {
      "has_planks": "2024-09-20 01:56:57 +0000"
    },
    "done": false
  },
  "create:recipes/building_blocks/oak_window": {
    "criteria": {
      "has_ingredient": "2024-09-20 01:56:57 +0000"
    },
    "done": false
  },
  "aether:recipes/tools/wooden_pickaxe_repairing": {
    "criteria": {
      "has_wooden_pickaxe": "2024-09-20 01:57:00 +0000"
    },
    "done": false
  },
  "minecraft:recipes/building_blocks/stone_brick_stairs": {
    "criteria": {
      "has_stone_bricks": "2024-09-20 01:57:08 +0000"
    },
    "done": false
  },
  "minecraft:recipes/building_blocks/stone_brick_slab": {
    "criteria": {
      "has_stone_bricks": "2024-09-20 01:57:08 +0000"
    },
    "done": false
  },
  "minecraft:recipes/building_blocks/chiseled_stone_bricks_from_stone_bricks_stonecutting": {
    "criteria": {
      "has_stone_bricks": "2024-09-20 01:57:08 +0000"
    },
    "done": false
  },
  "minecraft:recipes/decorations/stone_brick_wall": {
    "criteria": {
      "has_stone_bricks": "2024-09-20 01:57:08 +0000"
    },
    "done": false
  },
  "minecraft:recipes/building_blocks/cracked_stone_bricks": {
    "criteria": {
      "has_stone_bricks": "2024-09-20 01:57:08 +0000"
    },
    "done": false
  },
  "minecraft:recipes/building_blocks/stone_brick_stairs_from_stone_bricks_stonecutting": {
    "criteria": {
      "has_stone_bricks": "2024-09-20 01:57:08 +0000"
    },
    "done": false
  },
  "minecraft:recipes/building_blocks/chiseled_stone_bricks": {
    "criteria": {
      "has_tag": "2024-09-20 01:57:08 +0000"
    },
    "done": false
  },
  "minecraft:recipes/decorations/stone_brick_wall_from_stone_bricks_stonecutting": {
    "criteria": {
      "has_stone_bricks": "2024-09-20 01:57:08 +0000"
    },
    "done": false
  },
  "minecraft:recipes/building_blocks/stone_brick_slab_from_stone_bricks_stonecutting": {
    "criteria": {
      "has_stone_bricks": "2024-09-20 01:57:08 +0000"
    },
    "done": false
  },
  "minecraft:recipes/misc/magenta_dye_from_lilac": {
    "criteria": {
      "has_lilac": "2024-09-20 01:57:18 +0000"
    },
    "done": false
  },
  "deeperdarker:recipes/transportation/echo_boat": {
    "criteria": {
      "in_water": "2024-09-20 01:57:43 +0000"
    },
    "done": false
  },
  "aether:recipes/transportation/skyroot_boat": {
    "criteria": {
      "in_water": "2024-09-20 01:57:43 +0000"
    },
    "done": false
  },
  "deeperdarker:recipes/transportation/bloom_boat": {
    "criteria": {
      "in_water": "2024-09-20 01:57:43 +0000"
    },
    "done": false
  },
  "minecraft:recipes/transportation/cherry_boat": {
    "criteria": {
      "in_water": "2024-09-20 01:57:43 +0000"
    },
    "done": false
  },
  "minecraft:recipes/transportation/bamboo_raft": {
    "criteria": {
      "in_water": "2024-09-20 01:57:43 +0000"
    },
    "done": false
  },
  "minecraft:recipes/transportation/acacia_boat": {
    "criteria": {
      "in_water": "2024-09-20 01:57:43 +0000"
    },
    "done": false
  },
  "minecraft:recipes/transportation/jungle_boat": {
    "criteria": {
      "in_water": "2024-09-20 01:57:43 +0000"
    },
    "done": false
  },
  "twilightforest:recipes/transportation/twilight_oak_boat": {
    "criteria": {
      "in_water": "2024-09-20 01:57:43 +0000"
    },
    "done": false
  },
  "twilightforest:recipes/transportation/time_boat": {
    "criteria": {
      "in_water": "2024-09-20 01:57:43 +0000"
    },
    "done": false
  },
  "twilightforest:recipes/transportation/mining_boat": {
    "criteria": {
      "in_water": "2024-09-20 01:57:43 +0000"
    },
    "done": false
  },
  "twilightforest:recipes/transportation/mangrove_boat": {
    "criteria": {
      "in_water": "2024-09-20 01:57:43 +0000"
    },
    "done": false
  },
  "twilightforest:recipes/transportation/transformation_boat": {
    "criteria": {
      "in_water": "2024-09-20 01:57:43 +0000"
    },
    "done": false
  },
  "minecraft:recipes/transportation/spruce_boat": {
    "criteria": {
      "in_water": "2024-09-20 01:57:43 +0000"
    },
    "done": false
  },
  "minecraft:recipes/transportation/birch_boat": {
    "criteria": {
      "in_water": "2024-09-20 01:57:43 +0000"
    },
    "done": false
  },
  "minecraft:recipes/transportation/oak_boat": {
    "criteria": {
      "in_water": "2024-09-20 01:57:43 +0000"
    },
    "done": false
  },
  "minecraft:recipes/transportation/mangrove_boat": {
    "criteria": {
      "in_water": "2024-09-20 01:57:43 +0000"
    },
    "done": false
  },
  "twilightforest:recipes/transportation/canopy_boat": {
    "criteria": {
      "in_water": "2024-09-20 01:57:43 +0000"
    },
    "done": false
  },
  "twilightforest:recipes/transportation/dark_boat": {
    "criteria": {
      "in_water": "2024-09-20 01:57:43 +0000"
    },
    "done": false
  },
  "twilightforest:recipes/transportation/sorting_boat": {
    "criteria": {
      "in_water": "2024-09-20 01:57:43 +0000"
    },
    "done": false
  },
  "minecraft:recipes/transportation/dark_oak_boat": {
    "criteria": {
      "in_water": "2024-09-20 01:57:43 +0000"
    },
    "done": false
  },
  "minecraft:recipes/building_blocks/emerald_block": {
    "criteria": {
      "has_emerald": "2024-09-20 01:57:53 +0000"
    },
    "done": false
  },
  "travelersbackpack:recipes/misc/emerald": {
    "criteria": {
      "has_emerald": "2024-09-20 01:57:53 +0000"
    },
    "done": false
  },
  "buildersdelight:root": {
    "criteria": {
      "has_iron_ingot": "2024-09-20 01:57:57 +0000"
    },
    "done": true
  },
  "aether:recipes/combat/iron_pendant": {
    "criteria": {
      "has_iron_ingot": "2024-09-20 01:57:57 +0000"
    },
    "done": false
  },
  "travelersbackpack:recipes/misc/backpack_tank": {
    "criteria": {
      "has_iron": "2024-09-20 01:57:57 +0000"
    },
    "done": false
  },
  "minecraft:recipes/combat/iron_helmet": {
    "criteria": {
      "has_iron_ingot": "2024-09-20 01:57:57 +0000"
    },
    "done": false
  },
  "minecraft:recipes/decorations/chest": {
    "criteria": {
      "has_lots_of_items": "2024-09-20 01:57:57 +0000"
    },
    "done": false
  },
  "minecraft:recipes/tools/shears": {
    "criteria": {
      "has_iron_ingot": "2024-09-20 01:57:57 +0000"
    },
    "done": false
  },
  "minecraft:recipes/building_blocks/iron_block": {
    "criteria": {
      "has_iron_ingot": "2024-09-20 01:57:57 +0000"
    },
    "done": false
  },
  "create:recipes/misc/crafting/materials/andesite_alloy": {
    "criteria": {
      "has_item": "2024-09-20 01:57:57 +0000"
    },
    "done": false
  },
  "minecraft:recipes/redstone/hopper": {
    "criteria": {
      "has_iron_ingot": "2024-09-20 01:57:57 +0000"
    },
    "done": false
  },
  "travelersbackpack:recipes/misc/iron": {
    "criteria": {
      "has_iron_ingot": "2024-09-20 01:57:57 +0000"
    },
    "done": false
  },
  "aether:recipes/combat/iron_gloves": {
    "criteria": {
      "has_iron": "2024-09-20 01:57:57 +0000"
    },
    "done": false
  },
  "mca:recipes/misc/comb": {
    "criteria": {
      "has_item": "2024-09-20 01:57:57 +0000"
    },
    "done": true
  },
  "minecraft:recipes/combat/iron_boots": {
    "criteria": {
      "has_iron_ingot": "2024-09-20 01:57:57 +0000"
    },
    "done": false
  },
  "minecraft:recipes/decorations/lantern": {
    "criteria": {
      "has_iron_ingot": "2024-09-20 01:57:57 +0000"
    },
    "done": false
  },
  "minecraft:recipes/tools/iron_shovel": {
    "criteria": {
      "has_iron_ingot": "2024-09-20 01:57:57 +0000"
    },
    "done": false
  },
  "minecraft:recipes/redstone/iron_trapdoor": {
    "criteria": {
      "has_iron_ingot": "2024-09-20 01:57:57 +0000"
    },
    "done": false
  },
  "minecraft:recipes/combat/crossbow": {
    "criteria": {
      "has_string": "2024-09-20 02:38:13 +0000",
      "has_iron_ingot": "2024-09-20 01:57:57 +0000"
    },
    "done": false
  },
  "minecraft:recipes/redstone/heavy_weighted_pressure_plate": {
    "criteria": {
      "has_iron_ingot": "2024-09-20 01:57:57 +0000"
    },
    "done": false
  },
  "minecraft:recipes/combat/iron_leggings": {
    "criteria": {
      "has_iron_ingot": "2024-09-20 01:57:57 +0000"
    },
    "done": false
  },
  "minecraft:recipes/combat/iron_chestplate": {
    "criteria": {
      "has_iron_ingot": "2024-09-20 01:57:57 +0000"
    },
    "done": false
  },
  "minecraft:recipes/misc/iron_nugget": {
    "criteria": {
      "has_iron_ingot": "2024-09-20 01:57:57 +0000"
    },
    "done": false
  },
  "minecraft:recipes/misc/bucket": {
    "criteria": {
      "has_iron_ingot": "2024-09-20 01:57:57 +0000"
    },
    "done": false
  },
  "minecraft:recipes/transportation/minecart": {
    "criteria": {
      "has_iron_ingot": "2024-09-20 01:57:57 +0000"
    },
    "done": false
  },
  "minecraft:recipes/tools/iron_hoe": {
    "criteria": {
      "has_iron_ingot": "2024-09-20 01:57:57 +0000"
    },
    "done": false
  },
  "minecraft:recipes/decorations/glow_item_frame": {
    "criteria": {
      "has_item_frame": "2024-09-20 01:57:57 +0000"
    },
    "done": false
  },
  "minecraft:story/smelt_iron": {
    "criteria": {
      "iron": "2024-09-20 01:57:57 +0000"
    },
    "done": true
  },
  "minecraft:recipes/decorations/chain": {
    "criteria": {
      "has_iron_ingot": "2024-09-20 01:57:57 +0000"
    },
    "done": false
  },
  "minecraft:recipes/decorations/smithing_table": {
    "criteria": {
      "has_iron_ingot": "2024-09-20 01:57:57 +0000"
    },
    "done": false
  },
  "mca:recipes/misc/needle_and_thread": {
    "criteria": {
      "has_item": "2024-09-20 01:57:57 +0000"
    },
    "done": true
  },
  "create:recipes/misc/crafting/kinetics/empty_blaze_burner": {
    "criteria": {
      "has_item": "2024-09-20 01:57:57 +0000"
    },
    "done": false
  },
  "mca:recipes/misc/whistle": {
    "criteria": {
      "has_item": "2024-09-20 01:57:57 +0000"
    },
    "done": true
  },
  "minecraft:recipes/combat/iron_sword": {
    "criteria": {
      "has_iron_ingot": "2024-09-20 01:57:57 +0000"
    },
    "done": false
  },
  "minecraft:recipes/tools/iron_pickaxe": {
    "criteria": {
      "has_the_recipe": "2024-09-21 02:10:12 +0000",
      "has_iron_ingot": "2024-09-20 01:57:57 +0000"
    },
    "done": true
  },
  "minecraft:recipes/combat/shield": {
    "criteria": {
      "has_iron_ingot": "2024-09-20 01:57:57 +0000"
    },
    "done": false
  },
  "minecraft:recipes/decorations/iron_bars": {
    "criteria": {
      "has_iron_ingot": "2024-09-20 01:57:57 +0000"
    },
    "done": false
  },
  "travelersbackpack:recipes/misc/iron_tier_upgrade": {
    "criteria": {
      "has_iron_ingot": "2024-09-20 01:57:57 +0000"
    },
    "done": false
  },
  "aether:recipes/decorations/skyroot_smithing_table": {
    "criteria": {
      "has_iron_ingot": "2024-09-20 01:57:57 +0000"
    },
    "done": false
  },
  "travelersbackpack:recipes/misc/hose_nozzle": {
    "criteria": {
      "has_iron": "2024-09-20 01:57:57 +0000"
    },
    "done": false
  },
  "aether:recipes/combat/skyroot_iron_vanilla_shield": {
    "criteria": {
      "has_iron_ingot": "2024-09-20 01:57:57 +0000"
    },
    "done": false
  },
  "aether:recipes/decorations/skyroot_chest": {
    "criteria": {
      "has_lots_of_items": "2024-09-20 01:57:57 +0000"
    },
    "done": false
  },
  "aether:recipes/combat/iron_ring": {
    "criteria": {
      "has_iron_ingot": "2024-09-20 01:57:57 +0000"
    },
    "done": false
  },
  "minecraft:recipes/tools/iron_axe": {
    "criteria": {
      "has_iron_ingot": "2024-09-20 01:57:57 +0000"
    },
    "done": false
  },
  "create:recipes/building_blocks/industrial_iron_block_from_ingots_iron_stonecutting": {
    "criteria": {
      "has_ingots_iron": "2024-09-20 01:57:57 +0000"
    },
    "done": false
  },
  "minecraft:recipes/redstone/iron_door": {
    "criteria": {
      "has_iron_ingot": "2024-09-20 01:57:57 +0000"
    },
    "done": false
  },
  "aether:recipes/tools/wooden_axe_repairing": {
    "criteria": {
      "has_wooden_axe": "2024-09-20 01:59:27 +0000"
    },
    "done": false
  },
  "endofherobrine:story/exorcist": {
    "criteria": {
      "endofherobrine:sheep": "2024-09-20 02:01:45 +0000"
    },
    "done": false
  },
  "minecraft:recipes/food/cooked_mutton_from_smoking": {
    "criteria": {
      "has_mutton": "2024-09-20 02:01:46 +0000"
    },
    "done": false
  },
  "minecraft:recipes/food/cooked_mutton": {
    "criteria": {
      "has_mutton": "2024-09-20 02:01:46 +0000"
    },
    "done": false
  },
  "minecraft:recipes/food/cooked_mutton_from_campfire_cooking": {
    "criteria": {
      "has_mutton": "2024-09-20 02:01:46 +0000"
    },
    "done": false
  },
  "aether:recipes/combat/iron_sword_repairing": {
    "criteria": {
      "has_iron_sword": "2024-09-20 02:04:56 +0000"
    },
    "done": false
  },
  "minecraft:recipes/misc/iron_nugget_from_smelting": {
    "criteria": {
      "has_iron_pickaxe": "2024-09-21 02:10:13 +0000",
      "has_iron_sword": "2024-09-20 02:04:56 +0000"
    },
    "done": false
  },
  "minecraft:recipes/misc/iron_nugget_from_blasting": {
    "criteria": {
      "has_iron_pickaxe": "2024-09-21 02:10:13 +0000",
      "has_iron_sword": "2024-09-20 02:04:56 +0000"
    },
    "done": false
  },
  "naturalist:recipes/naturalist/glow_goop": {
    "criteria": {
      "has_glow_berries": "2024-09-20 02:14:39 +0000"
    },
    "done": false
  },
  "naturalist:recipes/food/cooked_bass": {
    "criteria": {
      "has_bass": "2024-09-20 02:16:33 +0000"
    },
    "done": false
  },
  "minecraft:adventure/kill_all_mobs": {
    "criteria": {
      "minecraft:skeleton": "2024-09-20 02:18:14 +0000",
      "minecraft:spider": "2024-09-21 02:04:09 +0000",
      "minecraft:husk": "2024-09-20 02:33:25 +0000",
      "minecraft:cave_spider": "2024-09-20 02:18:53 +0000",
      "minecraft:stray": "2024-09-20 02:18:14 +0000",
      "minecraft:enderman": "2024-09-21 02:32:42 +0000",
      "minecraft:zombie": "2024-09-20 02:33:25 +0000"
    },
    "done": false
  },
  "minecraft:adventure/kill_a_mob": {
    "criteria": {
      "specialmobs:waterspider": "2024-09-21 02:04:09 +0000",
      "specialmobs:cavespider": "2024-09-20 02:18:53 +0000",
      "specialmobs:giantzombie": "2024-09-20 02:33:25 +0000",
      "minecraft:creeper": "2024-09-20 02:18:14 +0000",
      "specialmobs:gatlingskeleton": "2024-09-21 02:10:22 +0000",
      "specialmobs:fishingzombie": "2024-09-20 02:37:24 +0000",
      "specialmobs:bruteskeleton": "2024-09-20 02:38:06 +0000",
      "specialmobs:webcavespider": "2024-09-21 02:17:15 +0000",
      "specialmobs:watercavespider": "2024-09-21 02:05:26 +0000",
      "specialmobs:enderman": "2024-09-21 02:32:42 +0000",
      "specialmobs:zombie": "2024-09-20 02:38:24 +0000",
      "specialmobs:skeleton": "2024-09-20 02:18:14 +0000"
    },
    "done": false
  },
  "travelersbackpack:recipes/misc/skeleton": {
    "criteria": {
      "has_arrow": "2024-09-20 02:18:15 +0000"
    },
    "done": false
  },
  "minecraft:recipes/food/cooked_porkchop": {
    "criteria": {
      "has_porkchop": "2024-09-20 02:34:04 +0000"
    },
    "done": false
  },
  "minecraft:recipes/food/cooked_porkchop_from_smoking": {
    "criteria": {
      "has_porkchop": "2024-09-20 02:34:04 +0000"
    },
    "done": false
  },
  "travelersbackpack:recipes/misc/pig": {
    "criteria": {
      "has_porkchop": "2024-09-20 02:34:04 +0000"
    },
    "done": false
  },
  "minecraft:recipes/food/cooked_porkchop_from_campfire_cooking": {
    "criteria": {
      "has_porkchop": "2024-09-20 02:34:04 +0000"
    },
    "done": false
  },
  "minecraft:recipes/food/cooked_cod_from_smoking": {
    "criteria": {
      "has_cod": "2024-09-20 02:36:49 +0000"
    },
    "done": false
  },
  "travelersbackpack:recipes/misc/ocelot": {
    "criteria": {
      "has_cod": "2024-09-20 02:36:49 +0000"
    },
    "done": false
  },
  "minecraft:recipes/food/cooked_cod_from_campfire_cooking": {
    "criteria": {
      "has_cod": "2024-09-20 02:36:49 +0000"
    },
    "done": false
  },
  "minecraft:recipes/food/cooked_cod": {
    "criteria": {
      "has_cod": "2024-09-20 02:36:49 +0000"
    },
    "done": false
  },
  "endofherobrine:recipes/decorations/cursed_head": {
    "criteria": {
      "has_item": "2024-09-20 02:37:21 +0000"
    },
    "done": false
  },
  "minecraft:recipes/misc/bone_meal": {
    "criteria": {
      "has_bone": "2024-09-20 02:38:06 +0000"
    },
    "done": false
  },
  "travelersbackpack:recipes/misc/wolf": {
    "criteria": {
      "has_bone": "2024-09-20 02:38:06 +0000"
    },
    "done": false
  },
  "immersive_armors:recipes/misc/bone": {
    "criteria": {
      "has_item": "2024-09-20 02:38:06 +0000"
    },
    "done": true
  },
  "aether:recipes/decorations/skyroot_loom": {
    "criteria": {
      "has_string": "2024-09-20 02:38:13 +0000"
    },
    "done": false
  },
  "minecraft:recipes/redstone/tripwire_hook": {
    "criteria": {
      "has_string": "2024-09-20 02:38:13 +0000"
    },
    "done": false
  },
  "minecraft:recipes/decorations/candle": {
    "criteria": {
      "has_string": "2024-09-20 02:38:13 +0000"
    },
    "done": false
  },
  "aether:recipes/redstone/skyroot_tripwire_hook": {
    "criteria": {
      "has_string": "2024-09-20 02:38:13 +0000"
    },
    "done": false
  },
  "minecraft:recipes/combat/bow": {
    "criteria": {
      "has_string": "2024-09-20 02:38:13 +0000"
    },
    "done": false
  },
  "minecraft:recipes/tools/fishing_rod": {
    "criteria": {
      "has_string": "2024-09-20 02:38:13 +0000"
    },
    "done": false
  },
  "travelersbackpack:recipes/misc/spider": {
    "criteria": {
      "has_string": "2024-09-20 02:38:13 +0000"
    },
    "done": false
  },
  "minecraft:recipes/building_blocks/white_wool_from_string": {
    "criteria": {
      "has_string": "2024-09-20 02:38:13 +0000"
    },
    "done": false
  },
  "minecraft:recipes/decorations/loom": {
    "criteria": {
      "has_string": "2024-09-20 02:38:13 +0000"
    },
    "done": false
  },
  "minecraft:recipes/misc/bone_meal_from_bone_block": {
    "criteria": {
      "has_bone_block": "2024-09-20 02:38:35 +0000"
    },
    "done": false
  },
  "minecraft:recipes/misc/white_dye": {
    "criteria": {
      "has_bone_meal": "2024-09-20 02:38:36 +0000"
    },
    "done": false
  },
  "create:recipes/misc/crafting/appliances/tree_fertilizer": {
    "criteria": {
      "has_item": "2024-09-20 02:38:36 +0000"
    },
    "done": false
  },
  "minecraft:recipes/building_blocks/bone_block": {
    "criteria": {
      "has_bone_meal": "2024-09-20 02:38:36 +0000"
    },
    "done": false
  },
  "graveyard:graveyard/root": {
    "criteria": {
      "grave_03": "2024-09-20 02:58:17 +0000"
    },
    "done": false
  },
  "aether:recipes/combat/leather_gloves_repairing": {
    "criteria": {
      "has_leather_gloves": "2024-09-20 02:58:29 +0000"
    },
    "done": false
  },
  "create:recipes/misc/crafting/kinetics/steam_whistle": {
    "criteria": {
      "has_item": "2024-09-20 02:58:31 +0000"
    },
    "done": false
  },
  "create:recipes/misc/crafting/appliances/copper_backtank": {
    "criteria": {
      "has_item": "2024-09-20 02:58:31 +0000"
    },
    "done": false
  },
  "create:copper": {
    "criteria": {
      "0": "2024-09-20 02:58:31 +0000"
    },
    "done": true
  },
  "create:recipes/misc/crafting/kinetics/steam_engine": {
    "criteria": {
      "has_item": "2024-09-20 02:58:31 +0000"
    },
    "done": false
  },
  "minecraft:recipes/redstone/lightning_rod": {
    "criteria": {
      "has_copper_ingot": "2024-09-20 02:58:31 +0000"
    },
    "done": false
  },
  "create:recipes/building_blocks/copper_tiles_from_ingots_copper_stonecutting": {
    "criteria": {
      "has_ingots_copper": "2024-09-20 02:58:31 +0000"
    },
    "done": false
  },
  "create:recipes/misc/crafting/appliances/copper_diving_helmet": {
    "criteria": {
      "has_item": "2024-09-20 02:58:31 +0000"
    },
    "done": false
  },
  "create:recipes/misc/crafting/kinetics/fluid_pipe_vertical": {
    "criteria": {
      "has_item": "2024-09-20 02:58:31 +0000"
    },
    "done": false
  },
  "hamsters:recipes/hamster_wheel": {
    "criteria": {
      "has_copper_ingot": "2024-09-20 02:58:31 +0000"
    },
    "done": false
  },
  "create:recipes/misc/crafting/kinetics/mechanical_pump": {
    "criteria": {
      "has_item": "2024-09-20 02:58:31 +0000"
    },
    "done": false
  },
  "minecraft:recipes/building_blocks/copper_block": {
    "criteria": {
      "has_copper_ingot": "2024-09-20 02:58:31 +0000"
    },
    "done": false
  },
  "minecraft:recipes/tools/brush": {
    "criteria": {
      "has_copper_ingot": "2024-09-20 02:58:31 +0000"
    },
    "done": false
  },
  "create:recipes/misc/crafting/appliances/copper_diving_boots": {
    "criteria": {
      "has_item": "2024-09-20 02:58:31 +0000"
    },
    "done": false
  },
  "create:recipes/misc/crafting/kinetics/copper_valve_handle": {
    "criteria": {
      "has_item": "2024-09-20 02:58:31 +0000"
    },
    "done": false
  },
  "create:recipes/misc/crafting/kinetics/smart_fluid_pipe": {
    "criteria": {
      "has_item": "2024-09-20 02:58:31 +0000"
    },
    "done": false
  },
  "create:recipes/misc/crafting/kinetics/copper_valve_handle_from_others": {
    "criteria": {
      "has_item": "2024-09-20 02:58:31 +0000"
    },
    "done": false
  },
  "create:recipes/decorations/copper_bars_from_ingots_copper_stonecutting": {
    "criteria": {
      "has_ingots_copper": "2024-09-20 02:58:31 +0000"
    },
    "done": false
  },
  "create:recipes/misc/crafting/materials/copper_nugget": {
    "criteria": {
      "has_item": "2024-09-20 02:58:31 +0000"
    },
    "done": false
  },
  "create:recipes/building_blocks/copper_shingles_from_ingots_copper_stonecutting": {
    "criteria": {
      "has_ingots_copper": "2024-09-20 02:58:31 +0000"
    },
    "done": false
  },
  "create:recipes/misc/crafting/kinetics/fluid_pipe": {
    "criteria": {
      "has_item": "2024-09-20 02:58:31 +0000"
    },
    "done": false
  },
  "create:recipes/misc/crafting/kinetics/fluid_valve": {
    "criteria": {
      "has_item": "2024-09-20 02:58:31 +0000"
    },
    "done": false
  },
  "create:recipes/decorations/copper_ladder_from_ingots_copper_stonecutting": {
    "criteria": {
      "has_ingots_copper": "2024-09-20 02:58:31 +0000"
    },
    "done": false
  },
  "create:recipes/decorations/copper_scaffolding_from_ingots_copper_stonecutting": {
    "criteria": {
      "has_ingots_copper": "2024-09-20 02:58:31 +0000"
    },
    "done": false
  },
  "create:recipes/misc/crafting/kinetics/hose_pulley": {
    "criteria": {
      "has_item": "2024-09-20 02:58:31 +0000"
    },
    "done": false
  },
  "travelersbackpack:recipes/misc/coal": {
    "criteria": {
      "has_coal": "2024-09-20 02:59:48 +0000"
    },
    "done": false
  },
  "minecraft:recipes/building_blocks/coal_block": {
    "criteria": {
      "has_coal": "2024-09-20 02:59:48 +0000"
    },
    "done": false
  },
  "minecraft:story/mine_stone": {
    "criteria": {
      "get_stone": "2024-09-20 03:00:46 +0000"
    },
    "done": true
  },
  "minecraft:recipes/decorations/furnace": {
    "criteria": {
      "has_cobblestone": "2024-09-20 03:00:46 +0000",
      "has_the_recipe": "2024-09-21 02:31:10 +0000"
    },
    "done": true
  },
  "minecraft:recipes/building_blocks/cobblestone_slab_from_cobblestone_stonecutting": {
    "criteria": {
      "has_cobblestone": "2024-09-20 03:00:46 +0000"
    },
    "done": false
  },
  "minecraft:recipes/building_blocks/stone": {
    "criteria": {
      "has_cobblestone": "2024-09-20 03:00:46 +0000"
    },
    "done": false
  },
  "minecraft:recipes/tools/stone_pickaxe": {
    "criteria": {
      "has_cobblestone": "2024-09-20 03:00:46 +0000",
      "has_the_recipe": "2024-09-20 03:13:41 +0000"
    },
    "done": true
  },
  "minecraft:recipes/building_blocks/cobblestone_slab": {
    "criteria": {
      "has_cobblestone": "2024-09-20 03:00:46 +0000"
    },
    "done": false
  },
  "mca:recipes/building_blocks/headstones": {
    "criteria": {
      "has_ingredients": "2024-09-20 03:00:46 +0000"
    },
    "done": false
  },
  "minecraft:recipes/decorations/cobblestone_wall_from_cobblestone_stonecutting": {
    "criteria": {
      "has_cobblestone": "2024-09-20 03:00:46 +0000"
    },
    "done": false
  },
  "minecraft:recipes/building_blocks/cobblestone_stairs": {
    "criteria": {
      "has_cobblestone": "2024-09-20 03:00:46 +0000"
    },
    "done": false
  },
  "minecraft:recipes/tools/stone_shovel": {
    "criteria": {
      "has_cobblestone": "2024-09-20 03:00:46 +0000"
    },
    "done": false
  },
  "minecraft:recipes/redstone/lever": {
    "criteria": {
      "has_cobblestone": "2024-09-20 03:00:46 +0000"
    },
    "done": false
  },
  "minecraft:recipes/combat/stone_sword": {
    "criteria": {
      "has_cobblestone": "2024-09-20 03:00:46 +0000"
    },
    "done": false
  },
  "minecraft:recipes/decorations/cobblestone_wall": {
    "criteria": {
      "has_cobblestone": "2024-09-20 03:00:46 +0000"
    },
    "done": false
  },
  "minecraft:recipes/tools/stone_axe": {
    "criteria": {
      "has_cobblestone": "2024-09-20 03:00:46 +0000",
      "has_the_recipe": "2024-09-20 03:13:48 +0000"
    },
    "done": true
  },
  "minecraft:recipes/building_blocks/cobblestone_stairs_from_cobblestone_stonecutting": {
    "criteria": {
      "has_cobblestone": "2024-09-20 03:00:46 +0000"
    },
    "done": false
  },
  "minecraft:recipes/tools/stone_hoe": {
    "criteria": {
      "has_cobblestone": "2024-09-20 03:00:46 +0000"
    },
    "done": false
  },
  "aether:recipes/tools/stone_pickaxe_repairing": {
    "criteria": {
      "has_stone_pickaxe": "2024-09-20 03:13:42 +0000"
    },
    "done": false
  },
  "minecraft:recipes/decorations/torch": {
    "criteria": {
      "has_stone_pickaxe": "2024-09-20 03:13:42 +0000",
      "has_the_recipe": "2024-09-21 02:05:06 +0000"
    },
    "done": true
  },
  "minecraft:story/upgrade_tools": {
    "criteria": {
      "stone_pickaxe": "2024-09-20 03:13:42 +0000"
    },
    "done": true
  },
  "aether:recipes/tools/stone_axe_repairing": {
    "criteria": {
      "has_stone_axe": "2024-09-20 03:13:49 +0000"
    },
    "done": false
  },
  "minecraft:recipes/building_blocks/polished_deepslate": {
    "criteria": {
      "has_cobbled_deepslate": "2024-09-21 02:09:06 +0000"
    },
    "done": false
  },
  "create:recipes/building_blocks/cut_tuff_from_stone_types_tuff_stonecutting": {
    "criteria": {
      "has_stone_types_tuff": "2024-09-21 02:08:42 +0000"
    },
    "done": false
  },
  "minecraft:recipes/building_blocks/deepslate_tile_stairs_from_cobbled_deepslate_stonecutting": {
    "criteria": {
      "has_cobbled_deepslate": "2024-09-21 02:09:06 +0000"
    },
    "done": false
  },
  "aether:recipes/decorations/skyroot_bed": {
    "criteria": {
      "has_wool": "2024-09-21 01:59:40 +0000"
    },
    "done": false
  },
  "buildersdelight:recipes/misc/birch_frame_7": {
    "criteria": {
      "has_wool": "2024-09-21 01:59:40 +0000"
    },
    "done": false
  },
  "buildersdelight:recipes/misc/birch_frame_8": {
    "criteria": {
      "has_wool": "2024-09-21 01:59:40 +0000"
    },
    "done": false
  },
  "buildersdelight:recipes/misc/birch_frame_1": {
    "criteria": {
      "has_wool": "2024-09-21 01:59:40 +0000"
    },
    "done": false
  },
  "buildersdelight:recipes/misc/birch_frame_2": {
    "criteria": {
      "has_wool": "2024-09-21 01:59:40 +0000"
    },
    "done": false
  },
  "buildersdelight:recipes/misc/birch_frame_5": {
    "criteria": {
      "has_wool": "2024-09-21 01:59:40 +0000"
    },
    "done": false
  },
  "buildersdelight:recipes/misc/birch_frame_6": {
    "criteria": {
      "has_wool": "2024-09-21 01:59:40 +0000"
    },
    "done": false
  },
  "buildersdelight:recipes/misc/birch_frame_3": {
    "criteria": {
      "has_wool": "2024-09-21 01:59:40 +0000"
    },
    "done": false
  },
  "buildersdelight:recipes/misc/birch_frame_4": {
    "criteria": {
      "has_wool": "2024-09-21 01:59:40 +0000"
    },
    "done": false
  },
  "buildersdelight:recipes/misc/dark_oak_frame_2": {
    "criteria": {
      "has_wool": "2024-09-21 01:59:40 +0000"
    },
    "done": false
  },
  "buildersdelight:recipes/misc/dark_oak_frame_1": {
    "criteria": {
      "has_wool": "2024-09-21 01:59:40 +0000"
    },
    "done": false
  },
  "buildersdelight:recipes/misc/dark_oak_frame_4": {
    "criteria": {
      "has_wool": "2024-09-21 01:59:40 +0000"
    },
    "done": false
  },
  "buildersdelight:recipes/misc/dark_oak_frame_3": {
    "criteria": {
      "has_wool": "2024-09-21 01:59:40 +0000"
    },
    "done": false
  },
  "buildersdelight:recipes/misc/dark_oak_frame_6": {
    "criteria": {
      "has_wool": "2024-09-21 01:59:40 +0000"
    },
    "done": false
  },
  "buildersdelight:recipes/misc/dark_oak_frame_5": {
    "criteria": {
      "has_wool": "2024-09-21 01:59:40 +0000"
    },
    "done": false
  },
  "buildersdelight:recipes/misc/dark_oak_frame_8": {
    "criteria": {
      "has_wool": "2024-09-21 01:59:40 +0000"
    },
    "done": false
  },
  "buildersdelight:recipes/misc/dark_oak_frame_7": {
    "criteria": {
      "has_wool": "2024-09-21 01:59:40 +0000"
    },
    "done": false
  },
  "minecraft:recipes/building_blocks/raw_iron_block": {
    "criteria": {
      "has_raw_iron": "2024-09-21 02:16:22 +0000"
    },
    "done": false
  },
  "create:recipes/building_blocks/polished_cut_tuff_from_stone_types_tuff_stonecutting": {
    "criteria": {
      "has_stone_types_tuff": "2024-09-21 02:08:42 +0000"
    },
    "done": false
  },
  "minecraft:recipes/combat/diamond_sword": {
    "criteria": {
      "has_diamond": "2024-09-21 02:10:00 +0000"
    },
    "done": false
  },
  "minecraft:recipes/decorations/jukebox": {
    "criteria": {
      "has_diamond": "2024-09-21 02:10:00 +0000"
    },
    "done": false
  },
  "minecraft:recipes/combat/diamond_chestplate": {
    "criteria": {
      "has_diamond": "2024-09-21 02:10:00 +0000"
    },
    "done": false
  },
  "create:recipes/building_blocks/polished_cut_tuff_slab_from_stone_types_tuff_stonecutting": {
    "criteria": {
      "has_stone_types_tuff": "2024-09-21 02:08:42 +0000"
    },
    "done": false
  },
  "create:recipes/building_blocks/crafting/kinetics/blue_seat": {
    "criteria": {
      "has_wool": "2024-09-21 01:59:40 +0000"
    },
    "done": false
  },
  "create:recipes/building_blocks/crafting/kinetics/magenta_seat": {
    "criteria": {
      "has_wool": "2024-09-21 01:59:40 +0000"
    },
    "done": false
  },
  "minecraft:recipes/building_blocks/cobbled_deepslate_slab": {
    "criteria": {
      "has_cobbled_deepslate": "2024-09-21 02:09:06 +0000"
    },
    "done": false
  },
  "alexscaves:alexscaves/root": {
    "criteria": {
      "underground_cabin": "2024-09-21 02:25:11 +0000"
    },
    "done": true
  },
  "buildersdelight:recipes/misc/cherry_frame_1": {
    "criteria": {
      "has_wool": "2024-09-21 01:59:40 +0000"
    },
    "done": false
  },
  "buildersdelight:recipes/misc/cherry_frame_2": {
    "criteria": {
      "has_wool": "2024-09-21 01:59:40 +0000"
    },
    "done": false
  },
  "buildersdelight:recipes/misc/cherry_frame_3": {
    "criteria": {
      "has_wool": "2024-09-21 01:59:40 +0000"
    },
    "done": false
  },
  "buildersdelight:recipes/misc/cherry_frame_4": {
    "criteria": {
      "has_wool": "2024-09-21 01:59:40 +0000"
    },
    "done": false
  },
  "buildersdelight:recipes/misc/cherry_frame_5": {
    "criteria": {
      "has_wool": "2024-09-21 01:59:40 +0000"
    },
    "done": false
  },
  "buildersdelight:recipes/misc/cherry_frame_6": {
    "criteria": {
      "has_wool": "2024-09-21 01:59:40 +0000"
    },
    "done": false
  },
  "buildersdelight:recipes/misc/cherry_frame_7": {
    "criteria": {
      "has_wool": "2024-09-21 01:59:40 +0000"
    },
    "done": false
  },
  "buildersdelight:recipes/misc/cherry_frame_8": {
    "criteria": {
      "has_wool": "2024-09-21 01:59:40 +0000"
    },
    "done": false
  },
  "minecraft:recipes/tools/diamond_pickaxe": {
    "criteria": {
      "has_diamond": "2024-09-21 02:10:00 +0000"
    },
    "done": false
  },
  "create:recipes/building_blocks/crafting/kinetics/light_blue_seat": {
    "criteria": {
      "has_wool": "2024-09-21 01:59:40 +0000"
    },
    "done": false
  },
  "create:recipes/building_blocks/polished_cut_tuff_stairs_from_stone_types_tuff_stonecutting": {
    "criteria": {
      "has_stone_types_tuff": "2024-09-21 02:08:42 +0000"
    },
    "done": false
  },
  "buildersdelight:recipes/misc/bamboo_frame_8": {
    "criteria": {
      "has_wool": "2024-09-21 01:59:40 +0000"
    },
    "done": false
  },
  "buildersdelight:recipes/misc/bamboo_frame_7": {
    "criteria": {
      "has_wool": "2024-09-21 01:59:40 +0000"
    },
    "done": false
  },
  "buildersdelight:recipes/misc/bamboo_frame_6": {
    "criteria": {
      "has_wool": "2024-09-21 01:59:40 +0000"
    },
    "done": false
  },
  "buildersdelight:recipes/misc/bamboo_frame_5": {
    "criteria": {
      "has_wool": "2024-09-21 01:59:40 +0000"
    },
    "done": false
  },
  "buildersdelight:recipes/misc/bamboo_frame_4": {
    "criteria": {
      "has_wool": "2024-09-21 01:59:40 +0000"
    },
    "done": false
  },
  "buildersdelight:recipes/misc/bamboo_frame_3": {
    "criteria": {
      "has_wool": "2024-09-21 01:59:40 +0000"
    },
    "done": false
  },
  "buildersdelight:recipes/misc/bamboo_frame_2": {
    "criteria": {
      "has_wool": "2024-09-21 01:59:40 +0000"
    },
    "done": false
  },
  "buildersdelight:recipes/misc/bamboo_frame_1": {
    "criteria": {
      "has_wool": "2024-09-21 01:59:40 +0000"
    },
    "done": false
  },
  "create:recipes/building_blocks/cut_tuff_stairs_from_stone_types_tuff_stonecutting": {
    "criteria": {
      "has_stone_types_tuff": "2024-09-21 02:08:42 +0000"
    },
    "done": false
  },
  "create:recipes/building_blocks/tuff_from_stone_types_tuff_stonecutting": {
    "criteria": {
      "has_stone_types_tuff": "2024-09-21 02:08:42 +0000"
    },
    "done": false
  },
  "minecraft:recipes/tools/diamond_hoe": {
    "criteria": {
      "has_diamond": "2024-09-21 02:10:00 +0000"
    },
    "done": false
  },
  "minecraft:recipes/tools/diamond_shovel": {
    "criteria": {
      "has_diamond": "2024-09-21 02:10:00 +0000"
    },
    "done": false
  },
  "minecraft:recipes/building_blocks/polished_deepslate_stairs_from_cobbled_deepslate_stonecutting": {
    "criteria": {
      "has_cobbled_deepslate": "2024-09-21 02:09:06 +0000"
    },
    "done": false
  },
  "create:recipes/building_blocks/small_tuff_brick_slab_from_stone_types_tuff_stonecutting": {
    "criteria": {
      "has_stone_types_tuff": "2024-09-21 02:08:42 +0000"
    },
    "done": false
  },
  "travelersbackpack:recipes/misc/diamond_tier_upgrade": {
    "criteria": {
      "has_diamond": "2024-09-21 02:10:00 +0000"
    },
    "done": false
  },
  "minecraft:recipes/decorations/deepslate_brick_wall_from_cobbled_deepslate_stonecutting": {
    "criteria": {
      "has_cobbled_deepslate": "2024-09-21 02:09:06 +0000"
    },
    "done": false
  },
  "minecraft:recipes/building_blocks/polished_deepslate_from_cobbled_deepslate_stonecutting": {
    "criteria": {
      "has_cobbled_deepslate": "2024-09-21 02:09:06 +0000"
    },
    "done": false
  },
  "create:recipes/building_blocks/polished_cut_tuff_wall_from_stone_types_tuff_stonecutting": {
    "criteria": {
      "has_stone_types_tuff": "2024-09-21 02:08:42 +0000"
    },
    "done": false
  },
  "minecraft:recipes/building_blocks/cobbled_deepslate_slab_from_cobbled_deepslate_stonecutting": {
    "criteria": {
      "has_cobbled_deepslate": "2024-09-21 02:09:06 +0000"
    },
    "done": false
  },
  "minecraft:recipes/building_blocks/deepslate_tile_slab_from_cobbled_deepslate_stonecutting": {
    "criteria": {
      "has_cobbled_deepslate": "2024-09-21 02:09:06 +0000"
    },
    "done": false
  },
  "travelersbackpack:recipes/misc/sheep": {
    "criteria": {
      "has_white_wool": "2024-09-21 01:59:40 +0000"
    },
    "done": false
  },
  "minecraft:recipes/food/cooked_salmon_from_campfire_cooking": {
    "criteria": {
      "has_salmon": "2024-09-21 02:10:18 +0000"
    },
    "done": false
  },
  "minecraft:recipes/combat/diamond_helmet": {
    "criteria": {
      "has_diamond": "2024-09-21 02:10:00 +0000"
    },
    "done": false
  },
  "create:recipes/building_blocks/cut_tuff_brick_slab_from_stone_types_tuff_stonecutting": {
    "criteria": {
      "has_stone_types_tuff": "2024-09-21 02:08:42 +0000"
    },
    "done": false
  },
  "aether:recipes/combat/diamond_gloves": {
    "criteria": {
      "has_diamond": "2024-09-21 02:10:00 +0000"
    },
    "done": false
  },
  "travelersbackpack:recipes/misc/diamond": {
    "criteria": {
      "has_diamond": "2024-09-21 02:10:00 +0000"
    },
    "done": false
  },
  "minecraft:recipes/decorations/deepslate_tile_wall_from_cobbled_deepslate_stonecutting": {
    "criteria": {
      "has_cobbled_deepslate": "2024-09-21 02:09:06 +0000"
    },
    "done": false
  },
  "minecraft:recipes/misc/iron_ingot_from_blasting_raw_iron": {
    "criteria": {
      "has_raw_iron": "2024-09-21 02:16:22 +0000"
    },
    "done": false
  },
  "create:recipes/building_blocks/crafting/kinetics/green_seat": {
    "criteria": {
      "has_wool": "2024-09-21 01:59:40 +0000"
    },
    "done": false
  },
  "aether:recipes/combat/white_cape": {
    "criteria": {
      "has_white_wool": "2024-09-21 01:59:40 +0000"
    },
    "done": false
  },
  "minecraft:recipes/building_blocks/diamond_block": {
    "criteria": {
      "has_diamond": "2024-09-21 02:10:00 +0000"
    },
    "done": false
  },
  "create:recipes/building_blocks/crafting/kinetics/purple_seat": {
    "criteria": {
      "has_wool": "2024-09-21 01:59:40 +0000"
    },
    "done": false
  },
  "minecraft:recipes/decorations/white_bed": {
    "criteria": {
      "has_white_wool": "2024-09-21 01:59:40 +0000"
    },
    "done": false
  },
  "naturalist:recipes/food/cooked_venison": {
    "criteria": {
      "has_venison": "2024-09-21 01:56:17 +0000"
    },
    "done": false
  },
  "minecraft:story/mine_diamond": {
    "criteria": {
      "diamond": "2024-09-21 02:10:00 +0000"
    },
    "done": true
  },
  "buildersdelight:recipes/misc/acacia_frame_2": {
    "criteria": {
      "has_wool": "2024-09-21 01:59:40 +0000"
    },
    "done": false
  },
  "buildersdelight:recipes/misc/acacia_frame_1": {
    "criteria": {
      "has_wool": "2024-09-21 01:59:40 +0000"
    },
    "done": false
  },
  "buildersdelight:recipes/misc/acacia_frame_4": {
    "criteria": {
      "has_wool": "2024-09-21 01:59:40 +0000"
    },
    "done": false
  },
  "buildersdelight:recipes/misc/acacia_frame_3": {
    "criteria": {
      "has_wool": "2024-09-21 01:59:40 +0000"
    },
    "done": false
  },
  "buildersdelight:recipes/misc/acacia_frame_6": {
    "criteria": {
      "has_wool": "2024-09-21 01:59:40 +0000"
    },
    "done": false
  },
  "buildersdelight:recipes/misc/acacia_frame_5": {
    "criteria": {
      "has_wool": "2024-09-21 01:59:40 +0000"
    },
    "done": false
  },
  "buildersdelight:recipes/misc/acacia_frame_8": {
    "criteria": {
      "has_wool": "2024-09-21 01:59:40 +0000"
    },
    "done": false
  },
  "buildersdelight:recipes/misc/acacia_frame_7": {
    "criteria": {
      "has_wool": "2024-09-21 01:59:40 +0000"
    },
    "done": false
  },
  "aether:recipes/tools/iron_pickaxe_repairing": {
    "criteria": {
      "has_iron_pickaxe": "2024-09-21 02:10:13 +0000"
    },
    "done": false
  },
  "create:recipes/building_blocks/small_tuff_brick_stairs_from_stone_types_tuff_stonecutting": {
    "criteria": {
      "has_stone_types_tuff": "2024-09-21 02:08:42 +0000"
    },
    "done": false
  },
  "minecraft:recipes/combat/diamond_leggings": {
    "criteria": {
      "has_diamond": "2024-09-21 02:10:00 +0000"
    },
    "done": false
  },
  "buildersdelight:recipes/misc/crimson_frame_8": {
    "criteria": {
      "has_wool": "2024-09-21 01:59:40 +0000"
    },
    "done": false
  },
  "buildersdelight:recipes/misc/crimson_frame_4": {
    "criteria": {
      "has_wool": "2024-09-21 01:59:40 +0000"
    },
    "done": false
  },
  "buildersdelight:recipes/misc/crimson_frame_5": {
    "criteria": {
      "has_wool": "2024-09-21 01:59:40 +0000"
    },
    "done": false
  },
  "buildersdelight:recipes/misc/crimson_frame_6": {
    "criteria": {
      "has_wool": "2024-09-21 01:59:40 +0000"
    },
    "done": false
  },
  "buildersdelight:recipes/misc/crimson_frame_7": {
    "criteria": {
      "has_wool": "2024-09-21 01:59:40 +0000"
    },
    "done": false
  },
  "buildersdelight:recipes/misc/crimson_frame_1": {
    "criteria": {
      "has_wool": "2024-09-21 01:59:40 +0000"
    },
    "done": false
  },
  "buildersdelight:recipes/misc/crimson_frame_2": {
    "criteria": {
      "has_wool": "2024-09-21 01:59:40 +0000"
    },
    "done": false
  },
  "buildersdelight:recipes/misc/crimson_frame_3": {
    "criteria": {
      "has_wool": "2024-09-21 01:59:40 +0000"
    },
    "done": false
  },
  "create:recipes/building_blocks/small_tuff_bricks_from_stone_types_tuff_stonecutting": {
    "criteria": {
      "has_stone_types_tuff": "2024-09-21 02:08:42 +0000"
    },
    "done": false
  },
  "minecraft:story/iron_tools": {
    "criteria": {
      "iron_pickaxe": "2024-09-21 02:10:13 +0000"
    },
    "done": true
  },
  "minecraft:recipes/building_blocks/deepslate_brick_stairs_from_cobbled_deepslate_stonecutting": {
    "criteria": {
      "has_cobbled_deepslate": "2024-09-21 02:09:06 +0000"
    },
    "done": false
  },
  "create:recipes/building_blocks/crafting/kinetics/brown_seat": {
    "criteria": {
      "has_wool": "2024-09-21 01:59:40 +0000"
    },
    "done": false
  },
  "buildersdelight:recipes/misc/mangrove_frame_8": {
    "criteria": {
      "has_wool": "2024-09-21 01:59:40 +0000"
    },
    "done": false
  },
  "buildersdelight:recipes/misc/mangrove_frame_6": {
    "criteria": {
      "has_wool": "2024-09-21 01:59:40 +0000"
    },
    "done": false
  },
  "buildersdelight:recipes/misc/mangrove_frame_7": {
    "criteria": {
      "has_wool": "2024-09-21 01:59:40 +0000"
    },
    "done": false
  },
  "buildersdelight:recipes/misc/mangrove_frame_4": {
    "criteria": {
      "has_wool": "2024-09-21 01:59:40 +0000"
    },
    "done": false
  },
  "buildersdelight:recipes/misc/mangrove_frame_5": {
    "criteria": {
      "has_wool": "2024-09-21 01:59:40 +0000"
    },
    "done": false
  },
  "buildersdelight:recipes/misc/mangrove_frame_2": {
    "criteria": {
      "has_wool": "2024-09-21 01:59:40 +0000"
    },
    "done": false
  },
  "buildersdelight:recipes/misc/mangrove_frame_3": {
    "criteria": {
      "has_wool": "2024-09-21 01:59:40 +0000"
    },
    "done": false
  },
  "buildersdelight:recipes/misc/mangrove_frame_1": {
    "criteria": {
      "has_wool": "2024-09-21 01:59:40 +0000"
    },
    "done": false
  },
  "create:recipes/building_blocks/crafting/kinetics/gray_seat": {
    "criteria": {
      "has_wool": "2024-09-21 01:59:40 +0000"
    },
    "done": false
  },
  "aether:recipes/decorations/skyroot_jukebox": {
    "criteria": {
      "has_diamond": "2024-09-21 02:10:00 +0000"
    },
    "done": false
  },
  "minecraft:recipes/decorations/painting": {
    "criteria": {
      "has_wool": "2024-09-21 01:59:40 +0000"
    },
    "done": false
  },
  "create:recipes/building_blocks/crafting/kinetics/red_seat": {
    "criteria": {
      "has_wool": "2024-09-21 01:59:40 +0000"
    },
    "done": false
  },
  "create:recipes/building_blocks/crafting/kinetics/light_gray_seat": {
    "criteria": {
      "has_wool": "2024-09-21 01:59:40 +0000"
    },
    "done": false
  },
  "minecraft:recipes/food/cooked_salmon": {
    "criteria": {
      "has_salmon": "2024-09-21 02:10:18 +0000"
    },
    "done": false
  },
  "create:recipes/building_blocks/crafting/kinetics/orange_seat": {
    "criteria": {
      "has_wool": "2024-09-21 01:59:40 +0000"
    },
    "done": false
  },
  "minecraft:recipes/decorations/smoker": {
    "criteria": {
      "has_furnace": "2024-09-21 02:31:11 +0000"
    },
    "done": false
  },
  "minecraft:recipes/building_blocks/chiseled_deepslate_from_cobbled_deepslate_stonecutting": {
    "criteria": {
      "has_cobbled_deepslate": "2024-09-21 02:09:06 +0000"
    },
    "done": false
  },
  "create:recipes/building_blocks/layered_tuff_from_stone_types_tuff_stonecutting": {
    "criteria": {
      "has_stone_types_tuff": "2024-09-21 02:08:42 +0000"
    },
    "done": false
  },
  "minecraft:recipes/decorations/cobbled_deepslate_wall_from_cobbled_deepslate_stonecutting": {
    "criteria": {
      "has_cobbled_deepslate": "2024-09-21 02:09:06 +0000"
    },
    "done": false
  },
  "create:recipes/building_blocks/cut_tuff_brick_stairs_from_stone_types_tuff_stonecutting": {
    "criteria": {
      "has_stone_types_tuff": "2024-09-21 02:08:42 +0000"
    },
    "done": false
  },
  "buildersdelight:recipes/misc/spruce_frame_1": {
    "criteria": {
      "has_wool": "2024-09-21 01:59:40 +0000"
    },
    "done": false
  },
  "buildersdelight:recipes/misc/spruce_frame_2": {
    "criteria": {
      "has_wool": "2024-09-21 01:59:40 +0000"
    },
    "done": false
  },
  "buildersdelight:recipes/misc/spruce_frame_5": {
    "criteria": {
      "has_wool": "2024-09-21 01:59:40 +0000"
    },
    "done": false
  },
  "buildersdelight:recipes/misc/spruce_frame_6": {
    "criteria": {
      "has_wool": "2024-09-21 01:59:40 +0000"
    },
    "done": false
  },
  "buildersdelight:recipes/misc/spruce_frame_3": {
    "criteria": {
      "has_wool": "2024-09-21 01:59:40 +0000"
    },
    "done": false
  },
  "buildersdelight:recipes/misc/spruce_frame_4": {
    "criteria": {
      "has_wool": "2024-09-21 01:59:40 +0000"
    },
    "done": false
  },
  "buildersdelight:recipes/misc/spruce_frame_7": {
    "criteria": {
      "has_wool": "2024-09-21 01:59:40 +0000"
    },
    "done": false
  },
  "buildersdelight:recipes/misc/spruce_frame_8": {
    "criteria": {
      "has_wool": "2024-09-21 01:59:40 +0000"
    },
    "done": false
  },
  "create:recipes/building_blocks/tuff_pillar_from_stone_types_tuff_stonecutting": {
    "criteria": {
      "has_stone_types_tuff": "2024-09-21 02:08:42 +0000"
    },
    "done": false
  },
  "minecraft:recipes/decorations/cobbled_deepslate_wall": {
    "criteria": {
      "has_cobbled_deepslate": "2024-09-21 02:09:06 +0000"
    },
    "done": false
  },
  "minecraft:recipes/decorations/polished_deepslate_wall_from_cobbled_deepslate_stonecutting": {
    "criteria": {
      "has_cobbled_deepslate": "2024-09-21 02:09:06 +0000"
    },
    "done": false
  },
  "travelersbackpack:recipes/decorations/white_sleeping_bag": {
    "criteria": {
      "has_white_wool": "2024-09-21 01:59:40 +0000"
    },
    "done": false
  },
  "buildersdelight:recipes/misc/oak_frame_6": {
    "criteria": {
      "has_wool": "2024-09-21 01:59:40 +0000"
    },
    "done": false
  },
  "buildersdelight:recipes/misc/oak_frame_7": {
    "criteria": {
      "has_wool": "2024-09-21 01:59:40 +0000"
    },
    "done": false
  },
  "buildersdelight:recipes/misc/oak_frame_8": {
    "criteria": {
      "has_wool": "2024-09-21 01:59:40 +0000"
    },
    "done": false
  },
  "buildersdelight:recipes/misc/jungle_frame_2": {
    "criteria": {
      "has_wool": "2024-09-21 01:59:40 +0000"
    },
    "done": false
  },
  "buildersdelight:recipes/misc/oak_frame_2": {
    "criteria": {
      "has_wool": "2024-09-21 01:59:40 +0000"
    },
    "done": false
  },
  "buildersdelight:recipes/misc/jungle_frame_3": {
    "criteria": {
      "has_wool": "2024-09-21 01:59:40 +0000"
    },
    "done": false
  },
  "buildersdelight:recipes/misc/oak_frame_3": {
    "criteria": {
      "has_wool": "2024-09-21 01:59:40 +0000"
    },
    "done": false
  },
  "buildersdelight:recipes/misc/oak_frame_4": {
    "criteria": {
      "has_wool": "2024-09-21 01:59:40 +0000"
    },
    "done": false
  },
  "buildersdelight:recipes/misc/jungle_frame_1": {
    "criteria": {
      "has_wool": "2024-09-21 01:59:40 +0000"
    },
    "done": false
  },
  "buildersdelight:recipes/misc/oak_frame_5": {
    "criteria": {
      "has_wool": "2024-09-21 01:59:40 +0000"
    },
    "done": false
  },
  "buildersdelight:recipes/misc/jungle_frame_6": {
    "criteria": {
      "has_wool": "2024-09-21 01:59:40 +0000"
    },
    "done": false
  },
  "buildersdelight:recipes/misc/jungle_frame_7": {
    "criteria": {
      "has_wool": "2024-09-21 01:59:40 +0000"
    },
    "done": false
  },
  "buildersdelight:recipes/misc/jungle_frame_4": {
    "criteria": {
      "has_wool": "2024-09-21 01:59:40 +0000"
    },
    "done": false
  },
  "buildersdelight:recipes/misc/jungle_frame_5": {
    "criteria": {
      "has_wool": "2024-09-21 01:59:40 +0000"
    },
    "done": false
  },
  "buildersdelight:recipes/misc/oak_frame_1": {
    "criteria": {
      "has_wool": "2024-09-21 01:59:40 +0000"
    },
    "done": false
  },
  "buildersdelight:recipes/misc/warped_frame_1": {
    "criteria": {
      "has_wool": "2024-09-21 01:59:40 +0000"
    },
    "done": false
  },
  "buildersdelight:recipes/misc/warped_frame_5": {
    "criteria": {
      "has_wool": "2024-09-21 01:59:40 +0000"
    },
    "done": false
  },
  "buildersdelight:recipes/misc/warped_frame_4": {
    "criteria": {
      "has_wool": "2024-09-21 01:59:40 +0000"
    },
    "done": false
  },
  "buildersdelight:recipes/misc/warped_frame_3": {
    "criteria": {
      "has_wool": "2024-09-21 01:59:40 +0000"
    },
    "done": false
  },
  "buildersdelight:recipes/misc/warped_frame_2": {
    "criteria": {
      "has_wool": "2024-09-21 01:59:40 +0000"
    },
    "done": false
  },
  "buildersdelight:recipes/misc/warped_frame_8": {
    "criteria": {
      "has_wool": "2024-09-21 01:59:40 +0000"
    },
    "done": false
  },
  "buildersdelight:recipes/misc/warped_frame_7": {
    "criteria": {
      "has_wool": "2024-09-21 01:59:40 +0000"
    },
    "done": false
  },
  "buildersdelight:recipes/misc/warped_frame_6": {
    "criteria": {
      "has_wool": "2024-09-21 01:59:40 +0000"
    },
    "done": false
  },
  "buildersdelight:recipes/misc/jungle_frame_8": {
    "criteria": {
      "has_wool": "2024-09-21 01:59:40 +0000"
    },
    "done": false
  },
  "create:recipes/building_blocks/crafting/kinetics/cyan_seat": {
    "criteria": {
      "has_wool": "2024-09-21 01:59:40 +0000"
    },
    "done": false
  },
  "minecraft:recipes/building_blocks/cobbled_deepslate_stairs_from_cobbled_deepslate_stonecutting": {
    "criteria": {
      "has_cobbled_deepslate": "2024-09-21 02:09:06 +0000"
    },
    "done": false
  },
  "minecraft:recipes/building_blocks/deepslate": {
    "criteria": {
      "has_cobbled_deepslate": "2024-09-21 02:09:06 +0000"
    },
    "done": false
  },
  "minecraft:recipes/decorations/white_carpet": {
    "criteria": {
      "has_white_wool": "2024-09-21 01:59:40 +0000"
    },
    "done": false
  },
  "create:recipes/building_blocks/cut_tuff_brick_wall_from_stone_types_tuff_stonecutting": {
    "criteria": {
      "has_stone_types_tuff": "2024-09-21 02:08:42 +0000"
    },
    "done": false
  },
  "minecraft:recipes/combat/diamond_boots": {
    "criteria": {
      "has_diamond": "2024-09-21 02:10:00 +0000"
    },
    "done": false
  },
  "minecraft:recipes/building_blocks/polished_deepslate_slab_from_cobbled_deepslate_stonecutting": {
    "criteria": {
      "has_cobbled_deepslate": "2024-09-21 02:09:06 +0000"
    },
    "done": false
  },
  "create:recipes/building_blocks/crafting/kinetics/pink_seat": {
    "criteria": {
      "has_wool": "2024-09-21 01:59:40 +0000"
    },
    "done": false
  },
  "minecraft:recipes/food/cooked_salmon_from_smoking": {
    "criteria": {
      "has_salmon": "2024-09-21 02:10:18 +0000"
    },
    "done": false
  },
  "create:recipes/building_blocks/crafting/kinetics/black_seat": {
    "criteria": {
      "has_wool": "2024-09-21 01:59:40 +0000"
    },
    "done": false
  },
  "minecraft:recipes/brewing/fermented_spider_eye": {
    "criteria": {
      "has_spider_eye": "2024-09-21 02:05:27 +0000"
    },
    "done": false
  },
  "minecraft:recipes/misc/iron_ingot_from_smelting_raw_iron": {
    "criteria": {
      "has_raw_iron": "2024-09-21 02:16:22 +0000"
    },
    "done": false
  },
  "minecraft:recipes/building_blocks/deepslate_brick_slab_from_cobbled_deepslate_stonecutting": {
    "criteria": {
      "has_cobbled_deepslate": "2024-09-21 02:09:06 +0000"
    },
    "done": false
  },
  "immersive_armors:recipes/misc/robe": {
    "criteria": {
      "has_item": "2024-09-21 01:59:40 +0000"
    },
    "done": true
  },
  "minecraft:recipes/decorations/white_banner": {
    "criteria": {
      "has_white_wool": "2024-09-21 01:59:40 +0000"
    },
    "done": false
  },
  "minecraft:recipes/building_blocks/cobbled_deepslate_stairs": {
    "criteria": {
      "has_cobbled_deepslate": "2024-09-21 02:09:06 +0000"
    },
    "done": false
  },
  "create:recipes/building_blocks/cut_tuff_slab_from_stone_types_tuff_stonecutting": {
    "criteria": {
      "has_stone_types_tuff": "2024-09-21 02:08:42 +0000"
    },
    "done": false
  },
  "create:recipes/building_blocks/small_tuff_brick_wall_from_stone_types_tuff_stonecutting": {
    "criteria": {
      "has_stone_types_tuff": "2024-09-21 02:08:42 +0000"
    },
    "done": false
  },
  "create:recipes/building_blocks/crafting/kinetics/white_seat": {
    "criteria": {
      "has_wool": "2024-09-21 01:59:40 +0000"
    },
    "done": false
  },
  "minecraft:recipes/building_blocks/deepslate_bricks_from_cobbled_deepslate_stonecutting": {
    "criteria": {
      "has_cobbled_deepslate": "2024-09-21 02:09:06 +0000"
    },
    "done": false
  },
  "create:recipes/building_blocks/crafting/kinetics/lime_seat": {
    "criteria": {
      "has_wool": "2024-09-21 01:59:40 +0000"
    },
    "done": false
  },
  "minecraft:recipes/building_blocks/deepslate_tiles_from_cobbled_deepslate_stonecutting": {
    "criteria": {
      "has_cobbled_deepslate": "2024-09-21 02:09:06 +0000"
    },
    "done": false
  },
  "create:recipes/building_blocks/cut_tuff_bricks_from_stone_types_tuff_stonecutting": {
    "criteria": {
      "has_stone_types_tuff": "2024-09-21 02:08:42 +0000"
    },
    "done": false
  },
  "minecraft:recipes/tools/diamond_axe": {
    "criteria": {
      "has_diamond": "2024-09-21 02:10:00 +0000"
    },
    "done": false
  },
  "create:recipes/building_blocks/crafting/kinetics/yellow_seat": {
    "criteria": {
      "has_wool": "2024-09-21 01:59:40 +0000"
    },
    "done": false
  },
  "create:recipes/building_blocks/cut_tuff_wall_from_stone_types_tuff_stonecutting": {
    "criteria": {
      "has_stone_types_tuff": "2024-09-21 02:08:42 +0000"
    },
    "done": false
  },
  "DataVersion": 3465
}