{
  "takesapillage:root": {
    "criteria": {
      "always": "2024-09-20 01:34:59 +0000"
    },
    "done": true
  },
  "grim_and_bleak:grim_and_bleak": {
    "criteria": {
      "grim_and_bleak_0": "2024-09-20 01:34:59 +0000"
    },
    "done": true
  },
  "minecraft:recipes/decorations/crafting_table": {
    "criteria": {
      "unlock_right_away": "2024-09-20 01:34:59 +0000"
    },
    "done": false
  },
  "minecraft:adventure/adventuring_time": {
    "criteria": {
      "minecraft:savanna": "2024-09-20 01:35:00 +0000"
    },
    "done": false
  },
  "DataVersion": 3465
}