{
  "takesapillage:root": {
    "criteria": {
      "always": "2024-09-19 23:57:27 +0000"
    },
    "done": true
  },
  "grim_and_bleak:grim_and_bleak": {
    "criteria": {
      "grim_and_bleak_0": "2024-09-19 23:57:27 +0000"
    },
    "done": true
  },
  "minecraft:recipes/decorations/crafting_table": {
    "criteria": {
      "unlock_right_away": "2024-09-19 23:57:27 +0000",
      "has_the_recipe": "2024-09-20 00:04:31 +0000"
    },
    "done": true
  },
  "minecraft:adventure/adventuring_time": {
    "criteria": {
      "minecraft:taiga": "2024-09-19 23:58:37 +0000",
      "minecraft:birch_forest": "2024-09-20 01:37:00 +0000",
      "minecraft:beach": "2024-09-20 01:34:53 +0000",
      "minecraft:river": "2024-09-20 00:57:34 +0000",
      "minecraft:forest": "2024-09-20 00:03:18 +0000",
      "minecraft:meadow": "2024-09-20 00:15:33 +0000",
      "minecraft:savanna": "2024-09-19 23:57:28 +0000",
      "minecraft:plains": "2024-09-20 00:02:09 +0000"
    },
    "done": false
  },
  "endofherobrine:story/root": {
    "criteria": {
      "requirement": "2024-09-19 23:58:36 +0000"
    },
    "done": true
  },
  "mca:root": {
    "criteria": {
      "village_taiga": "2024-09-19 23:58:40 +0000",
      "village_plains": "2024-09-20 00:02:34 +0000"
    },
    "done": false
  },
  "deeperdarker:recipes/transportation/echo_boat": {
    "criteria": {
      "in_water": "2024-09-19 23:58:42 +0000"
    },
    "done": false
  },
  "aether:recipes/transportation/skyroot_boat": {
    "criteria": {
      "in_water": "2024-09-19 23:58:42 +0000"
    },
    "done": false
  },
  "deeperdarker:recipes/transportation/bloom_boat": {
    "criteria": {
      "in_water": "2024-09-19 23:58:42 +0000"
    },
    "done": false
  },
  "minecraft:recipes/transportation/cherry_boat": {
    "criteria": {
      "in_water": "2024-09-19 23:58:42 +0000"
    },
    "done": false
  },
  "minecraft:recipes/transportation/bamboo_raft": {
    "criteria": {
      "in_water": "2024-09-19 23:58:42 +0000"
    },
    "done": false
  },
  "minecraft:recipes/transportation/acacia_boat": {
    "criteria": {
      "in_water": "2024-09-19 23:58:42 +0000"
    },
    "done": false
  },
  "minecraft:recipes/transportation/jungle_boat": {
    "criteria": {
      "in_water": "2024-09-19 23:58:42 +0000"
    },
    "done": false
  },
  "twilightforest:recipes/transportation/twilight_oak_boat": {
    "criteria": {
      "in_water": "2024-09-19 23:58:42 +0000"
    },
    "done": false
  },
  "twilightforest:recipes/transportation/time_boat": {
    "criteria": {
      "in_water": "2024-09-19 23:58:42 +0000"
    },
    "done": false
  },
  "twilightforest:recipes/transportation/mining_boat": {
    "criteria": {
      "in_water": "2024-09-19 23:58:42 +0000"
    },
    "done": false
  },
  "twilightforest:recipes/transportation/mangrove_boat": {
    "criteria": {
      "in_water": "2024-09-19 23:58:42 +0000"
    },
    "done": false
  },
  "twilightforest:recipes/transportation/transformation_boat": {
    "criteria": {
      "in_water": "2024-09-19 23:58:42 +0000"
    },
    "done": false
  },
  "minecraft:recipes/transportation/spruce_boat": {
    "criteria": {
      "in_water": "2024-09-19 23:58:42 +0000"
    },
    "done": false
  },
  "minecraft:recipes/transportation/birch_boat": {
    "criteria": {
      "in_water": "2024-09-19 23:58:42 +0000"
    },
    "done": false
  },
  "minecraft:recipes/transportation/oak_boat": {
    "criteria": {
      "in_water": "2024-09-19 23:58:42 +0000"
    },
    "done": false
  },
  "minecraft:recipes/transportation/mangrove_boat": {
    "criteria": {
      "in_water": "2024-09-19 23:58:42 +0000"
    },
    "done": false
  },
  "twilightforest:recipes/transportation/canopy_boat": {
    "criteria": {
      "in_water": "2024-09-19 23:58:42 +0000"
    },
    "done": false
  },
  "twilightforest:recipes/transportation/dark_boat": {
    "criteria": {
      "in_water": "2024-09-19 23:58:42 +0000"
    },
    "done": false
  },
  "twilightforest:recipes/transportation/sorting_boat": {
    "criteria": {
      "in_water": "2024-09-19 23:58:42 +0000"
    },
    "done": false
  },
  "minecraft:recipes/transportation/dark_oak_boat": {
    "criteria": {
      "in_water": "2024-09-19 23:58:42 +0000"
    },
    "done": false
  },
  "create:root": {
    "criteria": {
      "0": "2024-09-20 00:00:11 +0000"
    },
    "done": true
  },
  "naturalist:recipes/food/cooked_egg": {
    "criteria": {
      "has_eggs": "2024-09-20 00:00:11 +0000"
    },
    "done": false
  },
  "minecraft:recipes/decorations/ladder": {
    "criteria": {
      "has_stick": "2024-09-20 00:00:52 +0000"
    },
    "done": false
  },
  "minecraft:recipes/tools/wooden_axe": {
    "criteria": {
      "has_stick": "2024-09-20 00:00:52 +0000",
      "has_the_recipe": "2024-09-20 00:17:47 +0000"
    },
    "done": true
  },
  "minecraft:recipes/decorations/campfire": {
    "criteria": {
      "has_coal": "2024-09-20 00:12:37 +0000",
      "has_stick": "2024-09-20 00:00:52 +0000"
    },
    "done": false
  },
  "minecraft:recipes/tools/wooden_hoe": {
    "criteria": {
      "has_stick": "2024-09-20 00:00:52 +0000"
    },
    "done": false
  },
  "minecraft:recipes/tools/wooden_shovel": {
    "criteria": {
      "has_stick": "2024-09-20 00:00:52 +0000",
      "has_the_recipe": "2024-09-20 02:01:53 +0000"
    },
    "done": true
  },
  "minecraft:recipes/combat/wooden_sword": {
    "criteria": {
      "has_stick": "2024-09-20 00:00:52 +0000"
    },
    "done": false
  },
  "minecraft:recipes/tools/wooden_pickaxe": {
    "criteria": {
      "has_stick": "2024-09-20 00:00:52 +0000",
      "has_the_recipe": "2024-09-20 00:05:02 +0000"
    },
    "done": true
  },
  "minecraft:recipes/misc/charcoal": {
    "criteria": {
      "has_log": "2024-09-20 00:01:10 +0000"
    },
    "done": false
  },
  "minecraft:recipes/building_blocks/oak_planks": {
    "criteria": {
      "has_logs": "2024-09-20 00:01:10 +0000",
      "has_the_recipe": "2024-09-20 00:15:15 +0000"
    },
    "done": true
  },
  "minecraft:recipes/building_blocks/oak_wood": {
    "criteria": {
      "has_log": "2024-09-20 00:01:10 +0000"
    },
    "done": false
  },
  "immersive_armors:recipes/misc/wooden": {
    "criteria": {
      "has_item": "2024-09-20 00:01:10 +0000"
    },
    "done": true
  },
  "mca:recipes/misc/family_tree": {
    "criteria": {
      "has_item": "2024-09-20 00:01:16 +0000"
    },
    "done": true
  },
  "minecraft:recipes/decorations/chest": {
    "criteria": {
      "has_lots_of_items": "2024-09-20 00:03:45 +0000"
    },
    "done": false
  },
  "minecraft:recipes/misc/stick": {
    "criteria": {
      "has_the_recipe": "2024-09-20 00:15:18 +0000",
      "has_planks": "2024-09-20 00:03:45 +0000"
    },
    "done": true
  },
  "minecraft:recipes/decorations/barrel": {
    "criteria": {
      "has_wood_slab": "2024-09-20 02:00:11 +0000",
      "has_planks": "2024-09-20 00:03:45 +0000"
    },
    "done": false
  },
  "aether:recipes/decorations/skyroot_chest": {
    "criteria": {
      "has_lots_of_items": "2024-09-20 00:03:45 +0000"
    },
    "done": false
  },
  "create:recipes/misc/crafting/appliances/crafting_blueprint": {
    "criteria": {
      "has_item": "2024-09-20 00:04:32 +0000"
    },
    "done": false
  },
  "travelersbackpack:recipes/misc/crafting_upgrade": {
    "criteria": {
      "has_crafting_table": "2024-09-20 00:04:32 +0000"
    },
    "done": false
  },
  "aquamirae:adventure/root": {
    "criteria": {
      "crafting_table": "2024-09-20 00:04:32 +0000"
    },
    "done": true
  },
  "minecraft:story/root": {
    "criteria": {
      "crafting_table": "2024-09-20 00:04:32 +0000"
    },
    "done": true
  },
  "aether:recipes/tools/wooden_pickaxe_repairing": {
    "criteria": {
      "has_wooden_pickaxe": "2024-09-20 00:05:03 +0000"
    },
    "done": false
  },
  "create:recipes/building_blocks/small_calcite_brick_wall_from_stone_types_calcite_stonecutting": {
    "criteria": {
      "has_stone_types_calcite": "2024-09-20 00:05:05 +0000"
    },
    "done": false
  },
  "create:recipes/building_blocks/polished_cut_calcite_stairs_from_stone_types_calcite_stonecutting": {
    "criteria": {
      "has_stone_types_calcite": "2024-09-20 00:05:05 +0000"
    },
    "done": false
  },
  "create:recipes/building_blocks/small_calcite_brick_stairs_from_stone_types_calcite_stonecutting": {
    "criteria": {
      "has_stone_types_calcite": "2024-09-20 00:05:05 +0000"
    },
    "done": false
  },
  "create:recipes/building_blocks/cut_calcite_bricks_from_stone_types_calcite_stonecutting": {
    "criteria": {
      "has_stone_types_calcite": "2024-09-20 00:05:05 +0000"
    },
    "done": false
  },
  "create:recipes/building_blocks/layered_calcite_from_stone_types_calcite_stonecutting": {
    "criteria": {
      "has_stone_types_calcite": "2024-09-20 00:05:05 +0000"
    },
    "done": false
  },
  "create:recipes/building_blocks/cut_calcite_wall_from_stone_types_calcite_stonecutting": {
    "criteria": {
      "has_stone_types_calcite": "2024-09-20 00:05:05 +0000"
    },
    "done": false
  },
  "create:recipes/building_blocks/calcite_pillar_from_stone_types_calcite_stonecutting": {
    "criteria": {
      "has_stone_types_calcite": "2024-09-20 00:05:05 +0000"
    },
    "done": false
  },
  "create:recipes/building_blocks/polished_cut_calcite_from_stone_types_calcite_stonecutting": {
    "criteria": {
      "has_stone_types_calcite": "2024-09-20 00:05:05 +0000"
    },
    "done": false
  },
  "create:recipes/building_blocks/cut_calcite_slab_from_stone_types_calcite_stonecutting": {
    "criteria": {
      "has_stone_types_calcite": "2024-09-20 00:05:05 +0000"
    },
    "done": false
  },
  "create:recipes/building_blocks/small_calcite_brick_slab_from_stone_types_calcite_stonecutting": {
    "criteria": {
      "has_stone_types_calcite": "2024-09-20 00:05:05 +0000"
    },
    "done": false
  },
  "create:recipes/building_blocks/cut_calcite_brick_slab_from_stone_types_calcite_stonecutting": {
    "criteria": {
      "has_stone_types_calcite": "2024-09-20 00:05:05 +0000"
    },
    "done": false
  },
  "create:recipes/building_blocks/polished_cut_calcite_wall_from_stone_types_calcite_stonecutting": {
    "criteria": {
      "has_stone_types_calcite": "2024-09-20 00:05:05 +0000"
    },
    "done": false
  },
  "create:recipes/building_blocks/polished_cut_calcite_slab_from_stone_types_calcite_stonecutting": {
    "criteria": {
      "has_stone_types_calcite": "2024-09-20 00:05:05 +0000"
    },
    "done": false
  },
  "create:recipes/building_blocks/cut_calcite_from_stone_types_calcite_stonecutting": {
    "criteria": {
      "has_stone_types_calcite": "2024-09-20 00:05:05 +0000"
    },
    "done": false
  },
  "create:recipes/building_blocks/calcite_from_stone_types_calcite_stonecutting": {
    "criteria": {
      "has_stone_types_calcite": "2024-09-20 00:05:05 +0000"
    },
    "done": false
  },
  "create:recipes/building_blocks/cut_calcite_brick_stairs_from_stone_types_calcite_stonecutting": {
    "criteria": {
      "has_stone_types_calcite": "2024-09-20 00:05:05 +0000"
    },
    "done": false
  },
  "create:recipes/building_blocks/cut_calcite_stairs_from_stone_types_calcite_stonecutting": {
    "criteria": {
      "has_stone_types_calcite": "2024-09-20 00:05:05 +0000"
    },
    "done": false
  },
  "create:recipes/building_blocks/small_calcite_bricks_from_stone_types_calcite_stonecutting": {
    "criteria": {
      "has_stone_types_calcite": "2024-09-20 00:05:05 +0000"
    },
    "done": false
  },
  "create:recipes/building_blocks/cut_calcite_brick_wall_from_stone_types_calcite_stonecutting": {
    "criteria": {
      "has_stone_types_calcite": "2024-09-20 00:05:05 +0000"
    },
    "done": false
  },
  "minecraft:story/mine_stone": {
    "criteria": {
      "get_stone": "2024-09-20 00:05:16 +0000"
    },
    "done": true
  },
  "minecraft:recipes/decorations/furnace": {
    "criteria": {
      "has_cobblestone": "2024-09-20 00:05:16 +0000",
      "has_the_recipe": "2024-09-20 00:38:26 +0000"
    },
    "done": true
  },
  "minecraft:recipes/building_blocks/cobblestone_slab_from_cobblestone_stonecutting": {
    "criteria": {
      "has_cobblestone": "2024-09-20 00:05:16 +0000"
    },
    "done": false
  },
  "minecraft:recipes/building_blocks/stone": {
    "criteria": {
      "has_cobblestone": "2024-09-20 00:05:16 +0000"
    },
    "done": false
  },
  "minecraft:recipes/tools/stone_pickaxe": {
    "criteria": {
      "has_cobblestone": "2024-09-20 00:05:16 +0000"
    },
    "done": false
  },
  "minecraft:recipes/building_blocks/cobblestone_slab": {
    "criteria": {
      "has_cobblestone": "2024-09-20 00:05:16 +0000"
    },
    "done": false
  },
  "mca:recipes/building_blocks/headstones": {
    "criteria": {
      "has_ingredients": "2024-09-20 00:05:16 +0000"
    },
    "done": false
  },
  "minecraft:recipes/decorations/cobblestone_wall_from_cobblestone_stonecutting": {
    "criteria": {
      "has_cobblestone": "2024-09-20 00:05:16 +0000"
    },
    "done": false
  },
  "minecraft:recipes/building_blocks/cobblestone_stairs": {
    "criteria": {
      "has_cobblestone": "2024-09-20 00:05:16 +0000"
    },
    "done": false
  },
  "minecraft:recipes/tools/stone_shovel": {
    "criteria": {
      "has_cobblestone": "2024-09-20 00:05:16 +0000"
    },
    "done": false
  },
  "minecraft:recipes/redstone/lever": {
    "criteria": {
      "has_cobblestone": "2024-09-20 00:05:16 +0000"
    },
    "done": false
  },
  "minecraft:recipes/combat/stone_sword": {
    "criteria": {
      "has_cobblestone": "2024-09-20 00:05:16 +0000",
      "has_the_recipe": "2024-09-20 00:15:22 +0000"
    },
    "done": true
  },
  "minecraft:recipes/decorations/cobblestone_wall": {
    "criteria": {
      "has_cobblestone": "2024-09-20 00:05:16 +0000"
    },
    "done": false
  },
  "minecraft:recipes/tools/stone_axe": {
    "criteria": {
      "has_cobblestone": "2024-09-20 00:05:16 +0000",
      "has_the_recipe": "2024-09-20 00:18:15 +0000"
    },
    "done": true
  },
  "minecraft:recipes/building_blocks/cobblestone_stairs_from_cobblestone_stonecutting": {
    "criteria": {
      "has_cobblestone": "2024-09-20 00:05:16 +0000"
    },
    "done": false
  },
  "minecraft:recipes/tools/stone_hoe": {
    "criteria": {
      "has_cobblestone": "2024-09-20 00:05:16 +0000"
    },
    "done": false
  },
  "naturalist:recipes/naturalist/glow_goop": {
    "criteria": {
      "has_glow_berries": "2024-09-20 00:05:21 +0000"
    },
    "done": false
  },
  "minecraft:recipes/tools/spyglass": {
    "criteria": {
      "has_amethyst_shard": "2024-09-20 00:06:28 +0000"
    },
    "done": false
  },
  "minecraft:recipes/redstone/calibrated_sculk_sensor": {
    "criteria": {
      "has_amethyst_shard": "2024-09-20 00:06:28 +0000"
    },
    "done": false
  },
  "minecraft:recipes/building_blocks/tinted_glass": {
    "criteria": {
      "has_amethyst_shard": "2024-09-20 00:06:28 +0000"
    },
    "done": false
  },
  "minecraft:recipes/building_blocks/amethyst_block": {
    "criteria": {
      "has_amethyst_shard": "2024-09-20 00:06:28 +0000"
    },
    "done": false
  },
  "minecraft:recipes/building_blocks/mossy_cobblestone_from_moss_block": {
    "criteria": {
      "has_moss_block": "2024-09-20 00:06:29 +0000"
    },
    "done": false
  },
  "minecraft:recipes/decorations/moss_carpet": {
    "criteria": {
      "has_moss_block": "2024-09-20 00:06:29 +0000"
    },
    "done": false
  },
  "minecraft:recipes/building_blocks/mossy_stone_bricks_from_moss_block": {
    "criteria": {
      "has_moss_block": "2024-09-20 00:06:29 +0000"
    },
    "done": false
  },
  "minecraft:recipes/combat/leather_helmet": {
    "criteria": {
      "has_leather": "2024-09-20 00:06:33 +0000"
    },
    "done": false
  },
  "minecraft:recipes/combat/leather_chestplate": {
    "criteria": {
      "has_leather": "2024-09-20 00:06:33 +0000"
    },
    "done": false
  },
  "aether:recipes/tools/aether_saddle": {
    "criteria": {
      "has_leather": "2024-09-20 00:06:33 +0000"
    },
    "done": false
  },
  "minecraft:recipes/misc/leather_horse_armor": {
    "criteria": {
      "has_leather": "2024-09-20 00:06:33 +0000"
    },
    "done": false
  },
  "travelersbackpack:recipes/misc/horse": {
    "criteria": {
      "has_leather": "2024-09-20 00:06:33 +0000"
    },
    "done": false
  },
  "minecraft:recipes/decorations/item_frame": {
    "criteria": {
      "has_leather": "2024-09-20 00:06:33 +0000"
    },
    "done": false
  },
  "minecraft:recipes/combat/leather_boots": {
    "criteria": {
      "has_leather": "2024-09-20 00:06:33 +0000"
    },
    "done": false
  },
  "aether:recipes/combat/leather_gloves": {
    "criteria": {
      "has_leather": "2024-09-20 00:06:33 +0000"
    },
    "done": false
  },
  "minecraft:recipes/combat/leather_leggings": {
    "criteria": {
      "has_leather": "2024-09-20 00:06:33 +0000"
    },
    "done": false
  },
  "mca:recipes/misc/blueprint": {
    "criteria": {
      "has_item": "2024-09-20 00:06:34 +0000"
    },
    "done": true
  },
  "aether:recipes/decorations/skyroot_cartography_table": {
    "criteria": {
      "has_paper": "2024-09-20 00:06:34 +0000"
    },
    "done": false
  },
  "minecraft:recipes/misc/book": {
    "criteria": {
      "has_paper": "2024-09-20 00:06:34 +0000"
    },
    "done": false
  },
  "mca:recipes/misc/books": {
    "criteria": {
      "has_item": "2024-09-20 00:06:34 +0000"
    },
    "done": true
  },
  "create:recipes/misc/crafting/schematics/schematic_and_quill": {
    "criteria": {
      "has_item": "2024-09-20 00:06:34 +0000"
    },
    "done": false
  },
  "create:recipes/misc/crafting/schematics/empty_schematic": {
    "criteria": {
      "has_item": "2024-09-20 00:06:34 +0000"
    },
    "done": false
  },
  "create:recipes/misc/crafting/materials/sand_paper": {
    "criteria": {
      "has_item": "2024-09-20 00:06:34 +0000"
    },
    "done": false
  },
  "create:recipes/misc/crafting/materials/red_sand_paper": {
    "criteria": {
      "has_item": "2024-09-20 00:06:34 +0000"
    },
    "done": false
  },
  "minecraft:recipes/decorations/cartography_table": {
    "criteria": {
      "has_paper": "2024-09-20 00:06:34 +0000"
    },
    "done": false
  },
  "minecraft:adventure/sleep_in_bed": {
    "criteria": {
      "slept_in_bed": "2024-09-20 00:07:42 +0000"
    },
    "done": true
  },
  "minecraft:recipes/redstone/target": {
    "criteria": {
      "has_hay_block": "2024-09-20 00:11:54 +0000"
    },
    "done": false
  },
  "minecraft:recipes/misc/wheat": {
    "criteria": {
      "has_hay_block": "2024-09-20 00:11:54 +0000",
      "has_the_recipe": "2024-09-20 00:15:51 +0000"
    },
    "done": true
  },
  "minecraft:recipes/food/baked_potato_from_campfire_cooking": {
    "criteria": {
      "has_potato": "2024-09-20 00:11:56 +0000"
    },
    "done": false
  },
  "minecraft:recipes/food/baked_potato": {
    "criteria": {
      "has_potato": "2024-09-20 00:11:56 +0000"
    },
    "done": false
  },
  "minecraft:recipes/food/baked_potato_from_smoking": {
    "criteria": {
      "has_potato": "2024-09-20 00:11:56 +0000"
    },
    "done": false
  },
  "minecraft:recipes/building_blocks/emerald_block": {
    "criteria": {
      "has_emerald": "2024-09-20 00:12:00 +0000"
    },
    "done": false
  },
  "travelersbackpack:recipes/misc/emerald": {
    "criteria": {
      "has_emerald": "2024-09-20 00:12:00 +0000"
    },
    "done": false
  },
  "create:recipes/misc/crafting/kinetics/fluid_tank": {
    "criteria": {
      "has_item": "2024-09-20 00:12:20 +0000"
    },
    "done": false
  },
  "create:recipes/misc/crafting/kinetics/item_vault": {
    "criteria": {
      "has_item": "2024-09-20 00:12:20 +0000"
    },
    "done": false
  },
  "travelersbackpack:recipes/misc/standard": {
    "criteria": {
      "has_chest": "2024-09-20 00:12:31 +0000"
    },
    "done": false
  },
  "travelersbackpack:recipes/misc/blank_upgrade": {
    "criteria": {
      "has_chest": "2024-09-20 00:12:31 +0000"
    },
    "done": false
  },
  "mca:recipes/misc/bouquet": {
    "criteria": {
      "has_item": "2024-09-20 00:12:33 +0000"
    },
    "done": true
  },
  "minecraft:recipes/misc/magenta_dye_from_allium": {
    "criteria": {
      "has_allium": "2024-09-20 00:12:33 +0000"
    },
    "done": false
  },
  "minecraft:recipes/misc/lime_dye_from_smelting": {
    "criteria": {
      "has_sea_pickle": "2024-09-20 00:12:33 +0000"
    },
    "done": false
  },
  "travelersbackpack:recipes/misc/coal": {
    "criteria": {
      "has_coal": "2024-09-20 00:12:37 +0000"
    },
    "done": false
  },
  "minecraft:husbandry/root": {
    "criteria": {
      "consumed_item": "2024-09-20 00:12:42 +0000"
    },
    "done": true
  },
  "minecraft:husbandry/balanced_diet": {
    "criteria": {
      "bread": "2024-09-20 00:12:42 +0000",
      "carrot": "2024-09-20 00:44:50 +0000"
    },
    "done": false
  },
  "aether:recipes/tools/iron_pickaxe_repairing": {
    "criteria": {
      "has_iron_pickaxe": "2024-09-20 00:14:45 +0000"
    },
    "done": false
  },
  "minecraft:recipes/misc/iron_nugget_from_smelting": {
    "criteria": {
      "has_iron_pickaxe": "2024-09-20 00:14:45 +0000"
    },
    "done": false
  },
  "minecraft:story/iron_tools": {
    "criteria": {
      "iron_pickaxe": "2024-09-20 00:14:45 +0000"
    },
    "done": true
  },
  "minecraft:recipes/misc/iron_nugget_from_blasting": {
    "criteria": {
      "has_iron_pickaxe": "2024-09-20 00:14:45 +0000"
    },
    "done": false
  },
  "buildersdelight:recipes/misc/oak_slab_2": {
    "criteria": {
      "has_planks": "2024-09-20 00:15:19 +0000"
    },
    "done": false
  },
  "buildersdelight:recipes/misc/oak_slab_1": {
    "criteria": {
      "has_planks": "2024-09-20 00:15:19 +0000"
    },
    "done": false
  },
  "minecraft:recipes/decorations/oak_sign": {
    "criteria": {
      "has_planks": "2024-09-20 00:15:19 +0000"
    },
    "done": false
  },
  "buildersdelight:recipes/misc/oak_slab_7": {
    "criteria": {
      "has_planks": "2024-09-20 00:15:19 +0000"
    },
    "done": false
  },
  "buildersdelight:recipes/misc/oak_slab_4": {
    "criteria": {
      "has_planks": "2024-09-20 00:15:19 +0000"
    },
    "done": false
  },
  "buildersdelight:recipes/misc/oak_slab_3": {
    "criteria": {
      "has_planks": "2024-09-20 00:15:19 +0000"
    },
    "done": false
  },
  "buildersdelight:recipes/misc/oak_slab_6": {
    "criteria": {
      "has_planks": "2024-09-20 00:15:19 +0000"
    },
    "done": false
  },
  "buildersdelight:recipes/misc/oak_slab_5": {
    "criteria": {
      "has_planks": "2024-09-20 00:15:19 +0000"
    },
    "done": false
  },
  "buildersdelight:recipes/misc/oak_stairs_1": {
    "criteria": {
      "has_planks": "2024-09-20 00:15:19 +0000"
    },
    "done": false
  },
  "buildersdelight:recipes/misc/oak_stairs_2": {
    "criteria": {
      "has_planks": "2024-09-20 00:15:19 +0000"
    },
    "done": false
  },
  "buildersdelight:recipes/misc/oak_stairs_5": {
    "criteria": {
      "has_planks": "2024-09-20 00:15:19 +0000"
    },
    "done": false
  },
  "buildersdelight:recipes/misc/oak_stairs_6": {
    "criteria": {
      "has_planks": "2024-09-20 00:15:19 +0000"
    },
    "done": false
  },
  "buildersdelight:recipes/misc/oak_stairs_3": {
    "criteria": {
      "has_planks": "2024-09-20 00:15:19 +0000"
    },
    "done": false
  },
  "buildersdelight:recipes/misc/oak_stairs_4": {
    "criteria": {
      "has_planks": "2024-09-20 00:15:19 +0000"
    },
    "done": false
  },
  "buildersdelight:recipes/misc/oak_stairs_7": {
    "criteria": {
      "has_planks": "2024-09-20 00:15:19 +0000"
    },
    "done": false
  },
  "minecraft:recipes/building_blocks/oak_slab": {
    "criteria": {
      "has_the_recipe": "2024-09-20 02:07:50 +0000",
      "has_planks": "2024-09-20 00:15:19 +0000"
    },
    "done": true
  },
  "minecraft:recipes/redstone/oak_fence_gate": {
    "criteria": {
      "has_planks": "2024-09-20 00:15:19 +0000"
    },
    "done": false
  },
  "minecraft:recipes/redstone/oak_door": {
    "criteria": {
      "has_planks": "2024-09-20 00:15:19 +0000"
    },
    "done": false
  },
  "minecraft:recipes/redstone/oak_trapdoor": {
    "criteria": {
      "has_planks": "2024-09-20 00:15:19 +0000"
    },
    "done": false
  },
  "minecraft:recipes/building_blocks/oak_stairs": {
    "criteria": {
      "has_planks": "2024-09-20 00:15:19 +0000"
    },
    "done": false
  },
  "minecraft:recipes/decorations/oak_fence": {
    "criteria": {
      "has_planks": "2024-09-20 00:15:19 +0000"
    },
    "done": false
  },
  "minecraft:recipes/redstone/oak_button": {
    "criteria": {
      "has_planks": "2024-09-20 00:15:19 +0000"
    },
    "done": false
  },
  "minecraft:recipes/redstone/oak_pressure_plate": {
    "criteria": {
      "has_planks": "2024-09-20 00:15:19 +0000"
    },
    "done": false
  },
  "create:recipes/building_blocks/oak_window": {
    "criteria": {
      "has_ingredient": "2024-09-20 00:15:19 +0000"
    },
    "done": false
  },
  "aether:recipes/combat/stone_sword_repairing": {
    "criteria": {
      "has_stone_sword": "2024-09-20 00:15:23 +0000"
    },
    "done": false
  },
  "minecraft:recipes/food/bread": {
    "criteria": {
      "has_wheat": "2024-09-20 00:15:53 +0000",
      "has_the_recipe": "2024-09-20 00:16:28 +0000"
    },
    "done": true
  },
  "minecraft:recipes/building_blocks/hay_block": {
    "criteria": {
      "has_wheat": "2024-09-20 00:15:53 +0000"
    },
    "done": false
  },
  "travelersbackpack:recipes/misc/hay": {
    "criteria": {
      "has_wheat": "2024-09-20 00:15:53 +0000"
    },
    "done": false
  },
  "minecraft:recipes/combat/bow": {
    "criteria": {
      "has_string": "2024-09-20 00:24:12 +0000",
      "has_the_recipe": "2024-09-20 00:16:54 +0000"
    },
    "done": true
  },
  "aether:recipes/combat/bow_repairing": {
    "criteria": {
      "has_bow": "2024-09-20 00:16:55 +0000"
    },
    "done": false
  },
  "minecraft:recipes/redstone/dispenser": {
    "criteria": {
      "has_bow": "2024-09-20 00:16:55 +0000"
    },
    "done": false
  },
  "aether:recipes/combat/shield_repairing": {
    "criteria": {
      "has_shield": "2024-09-20 00:17:09 +0000"
    },
    "done": false
  },
  "aether:recipes/tools/wooden_axe_repairing": {
    "criteria": {
      "has_wooden_axe": "2024-09-20 00:17:48 +0000"
    },
    "done": false
  },
  "aether:recipes/tools/stone_axe_repairing": {
    "criteria": {
      "has_stone_axe": "2024-09-20 00:18:15 +0000"
    },
    "done": false
  },
  "mutantmonsters:root": {
    "criteria": {
      "killed_something": "2024-09-20 00:20:24 +0000"
    },
    "done": false
  },
  "minecraft:adventure/kill_all_mobs": {
    "criteria": {
      "minecraft:pillager": "2024-09-20 00:20:24 +0000",
      "minecraft:husk": "2024-09-20 00:44:46 +0000",
      "minecraft:cave_spider": "2024-09-20 00:40:19 +0000",
      "minecraft:zombie": "2024-09-20 00:44:46 +0000"
    },
    "done": false
  },
  "minecraft:adventure/root": {
    "criteria": {
      "killed_something": "2024-09-20 00:20:24 +0000"
    },
    "done": false
  },
  "minecraft:adventure/kill_a_mob": {
    "criteria": {
      "specialmobs:cavespider": "2024-09-20 00:40:19 +0000",
      "minecraft:creeper": "2024-09-20 00:40:19 +0000",
      "specialmobs:fishingzombie": "2024-09-20 03:01:06 +0000",
      "minecraft:pillager": "2024-09-20 00:20:24 +0000",
      "specialmobs:zombie": "2024-09-20 00:44:46 +0000",
      "specialmobs:flyingcavespider": "2024-09-20 03:24:29 +0000"
    },
    "done": false
  },
  "minecraft:adventure/voluntary_exile": {
    "criteria": {
      "voluntary_exile": "2024-09-20 00:20:48 +0000"
    },
    "done": true
  },
  "endofherobrine:recipes/decorations/cursed_head": {
    "criteria": {
      "has_item": "2024-09-20 00:23:35 +0000"
    },
    "done": false
  },
  "minecraft:recipes/building_blocks/coal_block": {
    "criteria": {
      "has_coal": "2024-09-20 00:24:01 +0000"
    },
    "done": false
  },
  "aether:recipes/decorations/skyroot_loom": {
    "criteria": {
      "has_string": "2024-09-20 00:24:12 +0000"
    },
    "done": false
  },
  "minecraft:recipes/redstone/tripwire_hook": {
    "criteria": {
      "has_string": "2024-09-20 00:24:12 +0000"
    },
    "done": false
  },
  "minecraft:recipes/decorations/candle": {
    "criteria": {
      "has_string": "2024-09-20 00:24:12 +0000"
    },
    "done": false
  },
  "aether:recipes/redstone/skyroot_tripwire_hook": {
    "criteria": {
      "has_string": "2024-09-20 00:24:12 +0000"
    },
    "done": false
  },
  "minecraft:recipes/combat/crossbow": {
    "criteria": {
      "has_string": "2024-09-20 00:24:12 +0000",
      "has_iron_ingot": "2024-09-20 00:39:11 +0000"
    },
    "done": false
  },
  "minecraft:recipes/tools/fishing_rod": {
    "criteria": {
      "has_string": "2024-09-20 00:24:12 +0000"
    },
    "done": false
  },
  "travelersbackpack:recipes/misc/spider": {
    "criteria": {
      "has_string": "2024-09-20 00:24:12 +0000"
    },
    "done": false
  },
  "mca:recipes/misc/needle_and_thread": {
    "criteria": {
      "has_item": "2024-09-20 00:24:12 +0000"
    },
    "done": true
  },
  "minecraft:recipes/building_blocks/white_wool_from_string": {
    "criteria": {
      "has_string": "2024-09-20 00:24:12 +0000"
    },
    "done": false
  },
  "minecraft:recipes/decorations/loom": {
    "criteria": {
      "has_string": "2024-09-20 00:24:12 +0000"
    },
    "done": false
  },
  "minecraft:recipes/building_blocks/raw_iron_block": {
    "criteria": {
      "has_raw_iron": "2024-09-20 00:24:42 +0000"
    },
    "done": false
  },
  "minecraft:recipes/misc/iron_ingot_from_blasting_raw_iron": {
    "criteria": {
      "has_raw_iron": "2024-09-20 00:24:42 +0000"
    },
    "done": false
  },
  "minecraft:recipes/misc/iron_ingot_from_smelting_raw_iron": {
    "criteria": {
      "has_raw_iron": "2024-09-20 00:24:42 +0000",
      "has_the_recipe": "2024-09-20 00:39:11 +0000"
    },
    "done": true
  },
  "minecraft:recipes/building_blocks/lapis_block": {
    "criteria": {
      "has_lapis_lazuli": "2024-09-20 00:26:57 +0000"
    },
    "done": false
  },
  "minecraft:recipes/misc/blue_dye": {
    "criteria": {
      "has_lapis_lazuli": "2024-09-20 00:26:57 +0000"
    },
    "done": false
  },
  "travelersbackpack:recipes/misc/lapis": {
    "criteria": {
      "has_lapis_lazuli": "2024-09-20 00:26:57 +0000"
    },
    "done": false
  },
  "minecraft:recipes/misc/copper_ingot_from_blasting_raw_copper": {
    "criteria": {
      "has_raw_copper": "2024-09-20 00:26:59 +0000"
    },
    "done": false
  },
  "minecraft:recipes/building_blocks/raw_copper_block": {
    "criteria": {
      "has_raw_copper": "2024-09-20 00:26:59 +0000"
    },
    "done": false
  },
  "minecraft:recipes/misc/copper_ingot_from_smelting_raw_copper": {
    "criteria": {
      "has_raw_copper": "2024-09-20 00:26:59 +0000"
    },
    "done": false
  },
  "create:recipes/building_blocks/polished_cut_andesite_stairs_from_stone_types_andesite_stonecutting": {
    "criteria": {
      "has_stone_types_andesite": "2024-09-20 00:27:00 +0000"
    },
    "done": false
  },
  "create:recipes/building_blocks/cut_andesite_slab_from_stone_types_andesite_stonecutting": {
    "criteria": {
      "has_stone_types_andesite": "2024-09-20 00:27:00 +0000"
    },
    "done": false
  },
  "create:recipes/building_blocks/small_andesite_brick_slab_from_stone_types_andesite_stonecutting": {
    "criteria": {
      "has_stone_types_andesite": "2024-09-20 00:27:00 +0000"
    },
    "done": false
  },
  "minecraft:recipes/building_blocks/andesite_stairs": {
    "criteria": {
      "has_andesite": "2024-09-20 00:27:00 +0000"
    },
    "done": false
  },
  "create:recipes/building_blocks/small_andesite_brick_stairs_from_stone_types_andesite_stonecutting": {
    "criteria": {
      "has_stone_types_andesite": "2024-09-20 00:27:00 +0000"
    },
    "done": false
  },
  "create:recipes/building_blocks/cut_andesite_bricks_from_stone_types_andesite_stonecutting": {
    "criteria": {
      "has_stone_types_andesite": "2024-09-20 00:27:00 +0000"
    },
    "done": false
  },
  "create:recipes/building_blocks/small_andesite_bricks_from_stone_types_andesite_stonecutting": {
    "criteria": {
      "has_stone_types_andesite": "2024-09-20 00:27:00 +0000"
    },
    "done": false
  },
  "minecraft:recipes/building_blocks/polished_andesite_from_andesite_stonecutting": {
    "criteria": {
      "has_andesite": "2024-09-20 00:27:00 +0000"
    },
    "done": false
  },
  "create:recipes/building_blocks/polished_cut_andesite_from_stone_types_andesite_stonecutting": {
    "criteria": {
      "has_stone_types_andesite": "2024-09-20 00:27:00 +0000"
    },
    "done": false
  },
  "create:recipes/building_blocks/cut_andesite_wall_from_stone_types_andesite_stonecutting": {
    "criteria": {
      "has_stone_types_andesite": "2024-09-20 00:27:00 +0000"
    },
    "done": false
  },
  "create:recipes/building_blocks/small_andesite_brick_wall_from_stone_types_andesite_stonecutting": {
    "criteria": {
      "has_stone_types_andesite": "2024-09-20 00:27:00 +0000"
    },
    "done": false
  },
  "minecraft:recipes/building_blocks/polished_andesite_stairs_from_andesite_stonecutting": {
    "criteria": {
      "has_andesite": "2024-09-20 00:27:00 +0000"
    },
    "done": false
  },
  "create:recipes/building_blocks/cut_andesite_brick_slab_from_stone_types_andesite_stonecutting": {
    "criteria": {
      "has_stone_types_andesite": "2024-09-20 00:27:00 +0000"
    },
    "done": false
  },
  "create:recipes/building_blocks/layered_andesite_from_stone_types_andesite_stonecutting": {
    "criteria": {
      "has_stone_types_andesite": "2024-09-20 00:27:00 +0000"
    },
    "done": false
  },
  "minecraft:recipes/decorations/andesite_wall_from_andesite_stonecutting": {
    "criteria": {
      "has_andesite": "2024-09-20 00:27:00 +0000"
    },
    "done": false
  },
  "create:recipes/building_blocks/andesite_from_stone_types_andesite_stonecutting": {
    "criteria": {
      "has_stone_types_andesite": "2024-09-20 00:27:00 +0000"
    },
    "done": false
  },
  "create:recipes/building_blocks/cut_andesite_from_stone_types_andesite_stonecutting": {
    "criteria": {
      "has_stone_types_andesite": "2024-09-20 00:27:00 +0000"
    },
    "done": false
  },
  "minecraft:recipes/building_blocks/polished_andesite_slab_from_andesite_stonecutting": {
    "criteria": {
      "has_andesite": "2024-09-20 00:27:00 +0000"
    },
    "done": false
  },
  "minecraft:recipes/building_blocks/andesite_slab_from_andesite_stonecutting": {
    "criteria": {
      "has_andesite": "2024-09-20 00:27:00 +0000"
    },
    "done": false
  },
  "create:recipes/building_blocks/polished_cut_andesite_slab_from_stone_types_andesite_stonecutting": {
    "criteria": {
      "has_stone_types_andesite": "2024-09-20 00:27:00 +0000"
    },
    "done": false
  },
  "minecraft:recipes/building_blocks/andesite_stairs_from_andesite_stonecutting": {
    "criteria": {
      "has_andesite": "2024-09-20 00:27:00 +0000"
    },
    "done": false
  },
  "create:recipes/building_blocks/cut_andesite_brick_wall_from_stone_types_andesite_stonecutting": {
    "criteria": {
      "has_stone_types_andesite": "2024-09-20 00:27:00 +0000"
    },
    "done": false
  },
  "create:recipes/building_blocks/andesite_pillar_from_stone_types_andesite_stonecutting": {
    "criteria": {
      "has_stone_types_andesite": "2024-09-20 00:27:00 +0000"
    },
    "done": false
  },
  "create:recipes/building_blocks/cut_andesite_stairs_from_stone_types_andesite_stonecutting": {
    "criteria": {
      "has_stone_types_andesite": "2024-09-20 00:27:00 +0000"
    },
    "done": false
  },
  "create:recipes/building_blocks/polished_cut_andesite_wall_from_stone_types_andesite_stonecutting": {
    "criteria": {
      "has_stone_types_andesite": "2024-09-20 00:27:00 +0000"
    },
    "done": false
  },
  "create:recipes/building_blocks/cut_andesite_brick_stairs_from_stone_types_andesite_stonecutting": {
    "criteria": {
      "has_stone_types_andesite": "2024-09-20 00:27:00 +0000"
    },
    "done": false
  },
  "minecraft:recipes/building_blocks/polished_andesite": {
    "criteria": {
      "has_andesite": "2024-09-20 00:27:00 +0000"
    },
    "done": false
  },
  "minecraft:recipes/decorations/andesite_wall": {
    "criteria": {
      "has_andesite": "2024-09-20 00:27:00 +0000"
    },
    "done": false
  },
  "minecraft:recipes/building_blocks/andesite_slab": {
    "criteria": {
      "has_andesite": "2024-09-20 00:27:00 +0000"
    },
    "done": false
  },
  "minecraft:recipes/building_blocks/red_concrete_powder": {
    "criteria": {
      "has_gravel": "2024-09-20 00:30:56 +0000"
    },
    "done": false
  },
  "minecraft:recipes/building_blocks/green_concrete_powder": {
    "criteria": {
      "has_gravel": "2024-09-20 00:30:56 +0000"
    },
    "done": false
  },
  "minecraft:recipes/building_blocks/blue_concrete_powder": {
    "criteria": {
      "has_gravel": "2024-09-20 00:30:56 +0000"
    },
    "done": false
  },
  "minecraft:recipes/building_blocks/lime_concrete_powder": {
    "criteria": {
      "has_gravel": "2024-09-20 00:30:56 +0000"
    },
    "done": false
  },
  "minecraft:recipes/building_blocks/orange_concrete_powder": {
    "criteria": {
      "has_gravel": "2024-09-20 00:30:56 +0000"
    },
    "done": false
  },
  "minecraft:recipes/building_blocks/magenta_concrete_powder": {
    "criteria": {
      "has_gravel": "2024-09-20 00:30:56 +0000"
    },
    "done": false
  },
  "minecraft:recipes/building_blocks/black_concrete_powder": {
    "criteria": {
      "has_gravel": "2024-09-20 00:30:56 +0000"
    },
    "done": false
  },
  "minecraft:recipes/building_blocks/purple_concrete_powder": {
    "criteria": {
      "has_gravel": "2024-09-20 00:30:56 +0000"
    },
    "done": false
  },
  "minecraft:recipes/building_blocks/cyan_concrete_powder": {
    "criteria": {
      "has_gravel": "2024-09-20 00:30:56 +0000"
    },
    "done": false
  },
  "minecraft:recipes/building_blocks/coarse_dirt": {
    "criteria": {
      "has_gravel": "2024-09-20 00:30:56 +0000"
    },
    "done": false
  },
  "minecraft:recipes/building_blocks/light_gray_concrete_powder": {
    "criteria": {
      "has_gravel": "2024-09-20 00:30:56 +0000"
    },
    "done": false
  },
  "minecraft:recipes/building_blocks/pink_concrete_powder": {
    "criteria": {
      "has_gravel": "2024-09-20 00:30:56 +0000"
    },
    "done": false
  },
  "minecraft:recipes/building_blocks/brown_concrete_powder": {
    "criteria": {
      "has_gravel": "2024-09-20 00:30:56 +0000"
    },
    "done": false
  },
  "minecraft:recipes/building_blocks/light_blue_concrete_powder": {
    "criteria": {
      "has_gravel": "2024-09-20 00:30:56 +0000"
    },
    "done": false
  },
  "minecraft:recipes/building_blocks/white_concrete_powder": {
    "criteria": {
      "has_gravel": "2024-09-20 00:30:56 +0000"
    },
    "done": false
  },
  "minecraft:recipes/building_blocks/yellow_concrete_powder": {
    "criteria": {
      "has_gravel": "2024-09-20 00:30:56 +0000"
    },
    "done": false
  },
  "minecraft:recipes/building_blocks/gray_concrete_powder": {
    "criteria": {
      "has_gravel": "2024-09-20 00:30:56 +0000"
    },
    "done": false
  },
  "minecraft:recipes/decorations/smoker": {
    "criteria": {
      "has_furnace": "2024-09-20 00:38:27 +0000"
    },
    "done": false
  },
  "buildersdelight:root": {
    "criteria": {
      "has_iron_ingot": "2024-09-20 00:39:11 +0000"
    },
    "done": true
  },
  "aether:recipes/combat/iron_pendant": {
    "criteria": {
      "has_iron_ingot": "2024-09-20 00:39:11 +0000"
    },
    "done": false
  },
  "travelersbackpack:recipes/misc/backpack_tank": {
    "criteria": {
      "has_iron": "2024-09-20 00:39:11 +0000"
    },
    "done": false
  },
  "minecraft:recipes/combat/iron_helmet": {
    "criteria": {
      "has_iron_ingot": "2024-09-20 00:39:11 +0000"
    },
    "done": false
  },
  "minecraft:recipes/tools/shears": {
    "criteria": {
      "has_iron_ingot": "2024-09-20 00:39:11 +0000"
    },
    "done": false
  },
  "minecraft:recipes/building_blocks/iron_block": {
    "criteria": {
      "has_iron_ingot": "2024-09-20 00:39:11 +0000"
    },
    "done": false
  },
  "create:recipes/misc/crafting/materials/andesite_alloy": {
    "criteria": {
      "has_item": "2024-09-20 00:39:11 +0000",
      "has_the_recipe": "2024-09-20 03:20:02 +0000"
    },
    "done": true
  },
  "minecraft:recipes/redstone/hopper": {
    "criteria": {
      "has_iron_ingot": "2024-09-20 00:39:11 +0000"
    },
    "done": false
  },
  "travelersbackpack:recipes/misc/iron": {
    "criteria": {
      "has_iron_ingot": "2024-09-20 00:39:11 +0000"
    },
    "done": false
  },
  "aether:recipes/combat/iron_gloves": {
    "criteria": {
      "has_iron": "2024-09-20 00:39:11 +0000"
    },
    "done": false
  },
  "mca:recipes/misc/comb": {
    "criteria": {
      "has_item": "2024-09-20 00:39:11 +0000"
    },
    "done": true
  },
  "minecraft:recipes/combat/iron_boots": {
    "criteria": {
      "has_iron_ingot": "2024-09-20 00:39:11 +0000"
    },
    "done": false
  },
  "minecraft:recipes/decorations/lantern": {
    "criteria": {
      "has_iron_nugget": "2024-09-20 03:19:45 +0000",
      "has_iron_ingot": "2024-09-20 00:39:11 +0000"
    },
    "done": false
  },
  "minecraft:recipes/tools/iron_shovel": {
    "criteria": {
      "has_iron_ingot": "2024-09-20 00:39:11 +0000"
    },
    "done": false
  },
  "minecraft:recipes/redstone/iron_trapdoor": {
    "criteria": {
      "has_iron_ingot": "2024-09-20 00:39:11 +0000"
    },
    "done": false
  },
  "minecraft:recipes/redstone/heavy_weighted_pressure_plate": {
    "criteria": {
      "has_iron_ingot": "2024-09-20 00:39:11 +0000"
    },
    "done": false
  },
  "minecraft:recipes/combat/iron_leggings": {
    "criteria": {
      "has_iron_ingot": "2024-09-20 00:39:11 +0000"
    },
    "done": false
  },
  "minecraft:recipes/combat/iron_chestplate": {
    "criteria": {
      "has_iron_ingot": "2024-09-20 00:39:11 +0000"
    },
    "done": false
  },
  "minecraft:recipes/misc/iron_nugget": {
    "criteria": {
      "has_the_recipe": "2024-09-20 03:19:44 +0000",
      "has_iron_ingot": "2024-09-20 00:39:11 +0000"
    },
    "done": true
  },
  "minecraft:recipes/misc/bucket": {
    "criteria": {
      "has_the_recipe": "2024-09-20 03:02:15 +0000",
      "has_iron_ingot": "2024-09-20 00:39:11 +0000"
    },
    "done": true
  },
  "minecraft:recipes/transportation/minecart": {
    "criteria": {
      "has_iron_ingot": "2024-09-20 00:39:11 +0000"
    },
    "done": false
  },
  "minecraft:recipes/tools/iron_hoe": {
    "criteria": {
      "has_iron_ingot": "2024-09-20 00:39:11 +0000"
    },
    "done": false
  },
  "minecraft:story/smelt_iron": {
    "criteria": {
      "iron": "2024-09-20 00:39:11 +0000"
    },
    "done": true
  },
  "minecraft:recipes/decorations/chain": {
    "criteria": {
      "has_iron_nugget": "2024-09-20 03:19:45 +0000",
      "has_iron_ingot": "2024-09-20 00:39:11 +0000"
    },
    "done": false
  },
  "minecraft:recipes/decorations/smithing_table": {
    "criteria": {
      "has_iron_ingot": "2024-09-20 00:39:11 +0000"
    },
    "done": false
  },
  "create:recipes/misc/crafting/kinetics/empty_blaze_burner": {
    "criteria": {
      "has_item": "2024-09-20 00:39:11 +0000"
    },
    "done": false
  },
  "mca:recipes/misc/whistle": {
    "criteria": {
      "has_item": "2024-09-20 00:39:11 +0000"
    },
    "done": true
  },
  "minecraft:recipes/combat/iron_sword": {
    "criteria": {
      "has_iron_ingot": "2024-09-20 00:39:11 +0000"
    },
    "done": false
  },
  "minecraft:recipes/tools/iron_pickaxe": {
    "criteria": {
      "has_the_recipe": "2024-09-20 00:39:18 +0000",
      "has_iron_ingot": "2024-09-20 00:39:11 +0000"
    },
    "done": true
  },
  "minecraft:recipes/combat/shield": {
    "criteria": {
      "has_iron_ingot": "2024-09-20 00:39:11 +0000"
    },
    "done": false
  },
  "minecraft:recipes/decorations/iron_bars": {
    "criteria": {
      "has_iron_ingot": "2024-09-20 00:39:11 +0000"
    },
    "done": false
  },
  "travelersbackpack:recipes/misc/iron_tier_upgrade": {
    "criteria": {
      "has_iron_ingot": "2024-09-20 00:39:11 +0000"
    },
    "done": false
  },
  "aether:recipes/decorations/skyroot_smithing_table": {
    "criteria": {
      "has_iron_ingot": "2024-09-20 00:39:11 +0000"
    },
    "done": false
  },
  "travelersbackpack:recipes/misc/hose_nozzle": {
    "criteria": {
      "has_iron": "2024-09-20 00:39:11 +0000"
    },
    "done": false
  },
  "aether:recipes/combat/skyroot_iron_vanilla_shield": {
    "criteria": {
      "has_iron_ingot": "2024-09-20 00:39:11 +0000"
    },
    "done": false
  },
  "aether:recipes/combat/iron_ring": {
    "criteria": {
      "has_iron_ingot": "2024-09-20 00:39:11 +0000"
    },
    "done": false
  },
  "minecraft:recipes/tools/iron_axe": {
    "criteria": {
      "has_iron_ingot": "2024-09-20 00:39:11 +0000"
    },
    "done": false
  },
  "create:recipes/building_blocks/industrial_iron_block_from_ingots_iron_stonecutting": {
    "criteria": {
      "has_ingots_iron": "2024-09-20 00:39:11 +0000"
    },
    "done": false
  },
  "minecraft:recipes/redstone/iron_door": {
    "criteria": {
      "has_iron_ingot": "2024-09-20 00:39:11 +0000"
    },
    "done": false
  },
  "minecraft:recipes/transportation/carrot_on_a_stick": {
    "criteria": {
      "has_carrot": "2024-09-20 00:44:46 +0000"
    },
    "done": false
  },
  "minecraft:recipes/decorations/torch": {
    "criteria": {
      "has_the_recipe": "2024-09-20 00:47:37 +0000"
    },
    "done": false
  },
  "minecraft:recipes/building_blocks/polished_deepslate": {
    "criteria": {
      "has_cobbled_deepslate": "2024-09-20 00:48:35 +0000"
    },
    "done": false
  },
  "minecraft:recipes/building_blocks/deepslate_tile_stairs_from_cobbled_deepslate_stonecutting": {
    "criteria": {
      "has_cobbled_deepslate": "2024-09-20 00:48:35 +0000"
    },
    "done": false
  },
  "minecraft:recipes/building_blocks/cobbled_deepslate_slab": {
    "criteria": {
      "has_cobbled_deepslate": "2024-09-20 00:48:35 +0000"
    },
    "done": false
  },
  "minecraft:recipes/building_blocks/polished_deepslate_stairs_from_cobbled_deepslate_stonecutting": {
    "criteria": {
      "has_cobbled_deepslate": "2024-09-20 00:48:35 +0000"
    },
    "done": false
  },
  "minecraft:recipes/decorations/deepslate_brick_wall_from_cobbled_deepslate_stonecutting": {
    "criteria": {
      "has_cobbled_deepslate": "2024-09-20 00:48:35 +0000"
    },
    "done": false
  },
  "minecraft:recipes/building_blocks/polished_deepslate_from_cobbled_deepslate_stonecutting": {
    "criteria": {
      "has_cobbled_deepslate": "2024-09-20 00:48:35 +0000"
    },
    "done": false
  },
  "minecraft:recipes/building_blocks/cobbled_deepslate_slab_from_cobbled_deepslate_stonecutting": {
    "criteria": {
      "has_cobbled_deepslate": "2024-09-20 00:48:35 +0000"
    },
    "done": false
  },
  "minecraft:recipes/building_blocks/deepslate_tile_slab_from_cobbled_deepslate_stonecutting": {
    "criteria": {
      "has_cobbled_deepslate": "2024-09-20 00:48:35 +0000"
    },
    "done": false
  },
  "minecraft:recipes/decorations/deepslate_tile_wall_from_cobbled_deepslate_stonecutting": {
    "criteria": {
      "has_cobbled_deepslate": "2024-09-20 00:48:35 +0000"
    },
    "done": false
  },
  "minecraft:recipes/building_blocks/deepslate_brick_stairs_from_cobbled_deepslate_stonecutting": {
    "criteria": {
      "has_cobbled_deepslate": "2024-09-20 00:48:35 +0000"
    },
    "done": false
  },
  "minecraft:recipes/building_blocks/chiseled_deepslate_from_cobbled_deepslate_stonecutting": {
    "criteria": {
      "has_cobbled_deepslate": "2024-09-20 00:48:35 +0000"
    },
    "done": false
  },
  "minecraft:recipes/decorations/cobbled_deepslate_wall_from_cobbled_deepslate_stonecutting": {
    "criteria": {
      "has_cobbled_deepslate": "2024-09-20 00:48:35 +0000"
    },
    "done": false
  },
  "minecraft:recipes/decorations/cobbled_deepslate_wall": {
    "criteria": {
      "has_cobbled_deepslate": "2024-09-20 00:48:35 +0000"
    },
    "done": false
  },
  "minecraft:recipes/decorations/polished_deepslate_wall_from_cobbled_deepslate_stonecutting": {
    "criteria": {
      "has_cobbled_deepslate": "2024-09-20 00:48:35 +0000"
    },
    "done": false
  },
  "minecraft:recipes/building_blocks/cobbled_deepslate_stairs_from_cobbled_deepslate_stonecutting": {
    "criteria": {
      "has_cobbled_deepslate": "2024-09-20 00:48:35 +0000"
    },
    "done": false
  },
  "minecraft:recipes/building_blocks/deepslate": {
    "criteria": {
      "has_cobbled_deepslate": "2024-09-20 00:48:35 +0000"
    },
    "done": false
  },
  "minecraft:recipes/building_blocks/polished_deepslate_slab_from_cobbled_deepslate_stonecutting": {
    "criteria": {
      "has_cobbled_deepslate": "2024-09-20 00:48:35 +0000"
    },
    "done": false
  },
  "minecraft:recipes/building_blocks/deepslate_brick_slab_from_cobbled_deepslate_stonecutting": {
    "criteria": {
      "has_cobbled_deepslate": "2024-09-20 00:48:35 +0000"
    },
    "done": false
  },
  "minecraft:recipes/building_blocks/cobbled_deepslate_stairs": {
    "criteria": {
      "has_cobbled_deepslate": "2024-09-20 00:48:35 +0000"
    },
    "done": false
  },
  "minecraft:recipes/building_blocks/deepslate_bricks_from_cobbled_deepslate_stonecutting": {
    "criteria": {
      "has_cobbled_deepslate": "2024-09-20 00:48:35 +0000"
    },
    "done": false
  },
  "minecraft:recipes/building_blocks/deepslate_tiles_from_cobbled_deepslate_stonecutting": {
    "criteria": {
      "has_cobbled_deepslate": "2024-09-20 00:48:35 +0000"
    },
    "done": false
  },
  "minecraft:recipes/transportation/activator_rail": {
    "criteria": {
      "has_rail": "2024-09-20 00:50:14 +0000"
    },
    "done": false
  },
  "minecraft:recipes/transportation/powered_rail": {
    "criteria": {
      "has_rail": "2024-09-20 00:50:14 +0000"
    },
    "done": false
  },
  "minecraft:recipes/transportation/detector_rail": {
    "criteria": {
      "has_rail": "2024-09-20 00:50:14 +0000"
    },
    "done": false
  },
  "minecraft:recipes/building_blocks/polished_diorite": {
    "criteria": {
      "has_diorite": "2024-09-20 00:52:17 +0000"
    },
    "done": false
  },
  "create:recipes/building_blocks/cut_diorite_slab_from_stone_types_diorite_stonecutting": {
    "criteria": {
      "has_stone_types_diorite": "2024-09-20 00:52:17 +0000"
    },
    "done": false
  },
  "create:recipes/building_blocks/cut_diorite_brick_slab_from_stone_types_diorite_stonecutting": {
    "criteria": {
      "has_stone_types_diorite": "2024-09-20 00:52:17 +0000"
    },
    "done": false
  },
  "create:recipes/building_blocks/small_diorite_brick_slab_from_stone_types_diorite_stonecutting": {
    "criteria": {
      "has_stone_types_diorite": "2024-09-20 00:52:17 +0000"
    },
    "done": false
  },
  "minecraft:recipes/building_blocks/polished_diorite_stairs_from_diorite_stonecutting": {
    "criteria": {
      "has_diorite": "2024-09-20 00:52:17 +0000"
    },
    "done": false
  },
  "minecraft:recipes/building_blocks/diorite_stairs_from_diorite_stonecutting": {
    "criteria": {
      "has_diorite": "2024-09-20 00:52:17 +0000"
    },
    "done": false
  },
  "minecraft:recipes/building_blocks/andesite": {
    "criteria": {
      "has_stone": "2024-09-20 00:52:17 +0000"
    },
    "done": false
  },
  "create:recipes/building_blocks/diorite_from_stone_types_diorite_stonecutting": {
    "criteria": {
      "has_stone_types_diorite": "2024-09-20 00:52:17 +0000"
    },
    "done": false
  },
  "create:recipes/building_blocks/cut_diorite_brick_wall_from_stone_types_diorite_stonecutting": {
    "criteria": {
      "has_stone_types_diorite": "2024-09-20 00:52:17 +0000"
    },
    "done": false
  },
  "create:recipes/building_blocks/cut_diorite_brick_stairs_from_stone_types_diorite_stonecutting": {
    "criteria": {
      "has_stone_types_diorite": "2024-09-20 00:52:17 +0000"
    },
    "done": false
  },
  "minecraft:recipes/building_blocks/polished_diorite_slab_from_diorite_stonecutting": {
    "criteria": {
      "has_diorite": "2024-09-20 00:52:17 +0000"
    },
    "done": false
  },
  "create:recipes/building_blocks/cut_diorite_from_stone_types_diorite_stonecutting": {
    "criteria": {
      "has_stone_types_diorite": "2024-09-20 00:52:17 +0000"
    },
    "done": false
  },
  "create:recipes/building_blocks/cut_diorite_stairs_from_stone_types_diorite_stonecutting": {
    "criteria": {
      "has_stone_types_diorite": "2024-09-20 00:52:17 +0000"
    },
    "done": false
  },
  "create:recipes/building_blocks/small_diorite_bricks_from_stone_types_diorite_stonecutting": {
    "criteria": {
      "has_stone_types_diorite": "2024-09-20 00:52:17 +0000"
    },
    "done": false
  },
  "create:recipes/building_blocks/layered_diorite_from_stone_types_diorite_stonecutting": {
    "criteria": {
      "has_stone_types_diorite": "2024-09-20 00:52:17 +0000"
    },
    "done": false
  },
  "create:recipes/building_blocks/cut_diorite_wall_from_stone_types_diorite_stonecutting": {
    "criteria": {
      "has_stone_types_diorite": "2024-09-20 00:52:17 +0000"
    },
    "done": false
  },
  "create:recipes/building_blocks/small_diorite_brick_wall_from_stone_types_diorite_stonecutting": {
    "criteria": {
      "has_stone_types_diorite": "2024-09-20 00:52:17 +0000"
    },
    "done": false
  },
  "minecraft:recipes/building_blocks/diorite_slab": {
    "criteria": {
      "has_diorite": "2024-09-20 00:52:17 +0000"
    },
    "done": false
  },
  "create:recipes/building_blocks/cut_diorite_bricks_from_stone_types_diorite_stonecutting": {
    "criteria": {
      "has_stone_types_diorite": "2024-09-20 00:52:17 +0000"
    },
    "done": false
  },
  "create:recipes/building_blocks/diorite_pillar_from_stone_types_diorite_stonecutting": {
    "criteria": {
      "has_stone_types_diorite": "2024-09-20 00:52:17 +0000"
    },
    "done": false
  },
  "minecraft:recipes/decorations/diorite_wall": {
    "criteria": {
      "has_diorite": "2024-09-20 00:52:17 +0000"
    },
    "done": false
  },
  "create:recipes/building_blocks/polished_cut_diorite_wall_from_stone_types_diorite_stonecutting": {
    "criteria": {
      "has_stone_types_diorite": "2024-09-20 00:52:17 +0000"
    },
    "done": false
  },
  "create:recipes/building_blocks/small_diorite_brick_stairs_from_stone_types_diorite_stonecutting": {
    "criteria": {
      "has_stone_types_diorite": "2024-09-20 00:52:17 +0000"
    },
    "done": false
  },
  "minecraft:recipes/decorations/diorite_wall_from_diorite_stonecutting": {
    "criteria": {
      "has_diorite": "2024-09-20 00:52:17 +0000"
    },
    "done": false
  },
  "create:recipes/building_blocks/polished_cut_diorite_stairs_from_stone_types_diorite_stonecutting": {
    "criteria": {
      "has_stone_types_diorite": "2024-09-20 00:52:17 +0000"
    },
    "done": false
  },
  "create:recipes/building_blocks/polished_cut_diorite_from_stone_types_diorite_stonecutting": {
    "criteria": {
      "has_stone_types_diorite": "2024-09-20 00:52:17 +0000"
    },
    "done": false
  },
  "create:recipes/building_blocks/polished_cut_diorite_slab_from_stone_types_diorite_stonecutting": {
    "criteria": {
      "has_stone_types_diorite": "2024-09-20 00:52:17 +0000"
    },
    "done": false
  },
  "minecraft:recipes/building_blocks/polished_diorite_from_diorite_stonecutting": {
    "criteria": {
      "has_diorite": "2024-09-20 00:52:17 +0000"
    },
    "done": false
  },
  "minecraft:recipes/building_blocks/diorite_slab_from_diorite_stonecutting": {
    "criteria": {
      "has_diorite": "2024-09-20 00:52:17 +0000"
    },
    "done": false
  },
  "minecraft:recipes/building_blocks/diorite_stairs": {
    "criteria": {
      "has_diorite": "2024-09-20 00:52:17 +0000"
    },
    "done": false
  },
  "travelersbackpack:recipes/misc/skeleton": {
    "criteria": {
      "has_arrow": "2024-09-20 00:57:26 +0000"
    },
    "done": false
  },
  "minecraft:husbandry/plant_seed": {
    "criteria": {
      "wheat": "2024-09-20 00:58:41 +0000"
    },
    "done": false
  },
  "travelersbackpack:recipes/misc/cactus": {
    "criteria": {
      "has_cactus": "2024-09-20 01:22:19 +0000"
    },
    "done": false
  },
  "minecraft:recipes/misc/green_dye": {
    "criteria": {
      "has_cactus": "2024-09-20 01:22:19 +0000"
    },
    "done": false
  },
  "minecraft:recipes/building_blocks/waxed_weathered_cut_copper_slab": {
    "criteria": {
      "has_waxed_weathered_cut_copper": "2024-09-20 01:31:52 +0000"
    },
    "done": false
  },
  "minecraft:recipes/building_blocks/waxed_weathered_cut_copper_stairs": {
    "criteria": {
      "has_waxed_weathered_cut_copper": "2024-09-20 01:31:52 +0000"
    },
    "done": false
  },
  "minecraft:recipes/building_blocks/waxed_weathered_cut_copper_slab_from_waxed_weathered_cut_copper_stonecutting": {
    "criteria": {
      "has_waxed_weathered_cut_copper": "2024-09-20 01:31:52 +0000"
    },
    "done": false
  },
  "minecraft:recipes/building_blocks/waxed_weathered_cut_copper_stairs_from_waxed_weathered_cut_copper_stonecutting": {
    "criteria": {
      "has_waxed_weathered_cut_copper": "2024-09-20 01:31:52 +0000"
    },
    "done": false
  },
  "minecraft:recipes/misc/map": {
    "criteria": {
      "has_compass": "2024-09-20 01:32:02 +0000"
    },
    "done": false
  },
  "minecraft:husbandry/breed_an_animal": {
    "criteria": {
      "bred": "2024-09-20 01:41:36 +0000"
    },
    "done": true
  },
  "minecraft:husbandry/bred_all_animals": {
    "criteria": {
      "minecraft:cow": "2024-09-20 01:41:36 +0000"
    },
    "done": false
  },
  "aether:recipes/decorations/skyroot_barrel": {
    "criteria": {
      "has_slabs": "2024-09-20 02:00:11 +0000"
    },
    "done": false
  },
  "minecraft:recipes/decorations/composter": {
    "criteria": {
      "has_wood_slab": "2024-09-20 02:00:11 +0000"
    },
    "done": false
  },
  "aether:recipes/tools/wooden_shovel_repairing": {
    "criteria": {
      "has_wooden_shovel": "2024-09-20 02:01:53 +0000"
    },
    "done": false
  },
  "twilightforest:recipes/decorations/wood/oak_banister": {
    "criteria": {
      "has_item": "2024-09-20 02:07:51 +0000"
    },
    "done": false
  },
  "minecraft:recipes/misc/yellow_dye_from_dandelion": {
    "criteria": {
      "has_dandelion": "2024-09-20 02:12:33 +0000"
    },
    "done": false
  },
  "minecraft:recipes/misc/white_dye": {
    "criteria": {
      "has_bone_meal": "2024-09-20 02:13:04 +0000"
    },
    "done": false
  },
  "create:recipes/misc/crafting/appliances/tree_fertilizer": {
    "criteria": {
      "has_item": "2024-09-20 02:13:04 +0000"
    },
    "done": false
  },
  "minecraft:recipes/building_blocks/bone_block": {
    "criteria": {
      "has_bone_meal": "2024-09-20 02:13:04 +0000"
    },
    "done": false
  },
  "minecraft:recipes/misc/red_dye_from_poppy": {
    "criteria": {
      "has_poppy": "2024-09-20 02:55:16 +0000"
    },
    "done": false
  },
  "buildersdelight:iron_chisel": {
    "criteria": {
      "has_iron_chisel": "2024-09-20 02:58:07 +0000"
    },
    "done": true
  },
  "create:recipes/misc/smelting/zinc_ingot_from_raw_ore": {
    "criteria": {
      "has_item": "2024-09-20 03:01:30 +0000"
    },
    "done": false
  },
  "create:recipes/misc/blasting/zinc_ingot_from_raw_ore": {
    "criteria": {
      "has_item": "2024-09-20 03:01:30 +0000"
    },
    "done": false
  },
  "create:recipes/misc/crafting/materials/raw_zinc_block": {
    "criteria": {
      "has_item": "2024-09-20 03:01:30 +0000"
    },
    "done": false
  },
  "create:recipes/misc/crafting/kinetics/mechanical_saw": {
    "criteria": {
      "has_item": "2024-09-20 03:17:32 +0000"
    },
    "done": false
  },
  "create:recipes/misc/crafting/kinetics/chute": {
    "criteria": {
      "has_item": "2024-09-20 03:20:04 +0000"
    },
    "done": false
  },
  "create:recipes/misc/crafting/kinetics/wrench": {
    "criteria": {
      "has_item": "2024-09-20 03:20:04 +0000"
    },
    "done": false
  },
  "create:recipes/misc/crafting/kinetics/gantry_shaft": {
    "criteria": {
      "has_item": "2024-09-20 03:20:04 +0000"
    },
    "done": false
  },
  "create:recipes/misc/crafting/kinetics/mechanical_press": {
    "criteria": {
      "has_item": "2024-09-20 03:17:32 +0000"
    },
    "done": false
  },
  "create:recipes/misc/crafting/kinetics/rope_pulley": {
    "criteria": {
      "has_item": "2024-09-20 03:20:04 +0000"
    },
    "done": false
  },
  "create:recipes/misc/crafting/kinetics/andesite_door": {
    "criteria": {
      "has_item": "2024-09-20 03:17:32 +0000"
    },
    "done": false
  },
  "create:recipes/misc/crafting/kinetics/water_wheel": {
    "criteria": {
      "has_item": "2024-09-20 03:20:04 +0000",
      "has_the_recipe": "2024-09-20 03:22:53 +0000"
    },
    "done": true
  },
  "create:recipes/misc/crafting/kinetics/large_cogwheel_from_little": {
    "criteria": {
      "has_item": "2024-09-20 03:20:04 +0000"
    },
    "done": false
  },
  "create:recipes/misc/crafting/kinetics/portable_storage_interface": {
    "criteria": {
      "has_item": "2024-09-20 03:17:32 +0000"
    },
    "done": false
  },
  "create:recipes/misc/crafting/materials/andesite_alloy_block": {
    "criteria": {
      "has_item": "2024-09-20 03:20:04 +0000"
    },
    "done": false
  },
  "create:recipes/misc/crafting/kinetics/gearbox": {
    "criteria": {
      "has_item": "2024-09-20 03:45:07 +0000"
    },
    "done": false
  },
  "minecraft:recipes/building_blocks/cherry_planks": {
    "criteria": {
      "has_log": "2024-09-20 03:15:05 +0000"
    },
    "done": false
  },
  "create:recipes/misc/crafting/kinetics/wooden_bracket": {
    "criteria": {
      "has_item": "2024-09-20 03:20:04 +0000"
    },
    "done": false
  },
  "create:recipes/misc/crafting/kinetics/weighted_ejector": {
    "criteria": {
      "has_item": "2024-09-20 03:17:32 +0000"
    },
    "done": false
  },
  "create:recipes/misc/crafting/kinetics/large_water_wheel": {
    "criteria": {
      "has_item": "2024-09-20 03:22:53 +0000"
    },
    "done": false
  },
  "create:recipes/misc/crafting/kinetics/mechanical_plough": {
    "criteria": {
      "has_item": "2024-09-20 03:17:32 +0000"
    },
    "done": false
  },
  "create:recipes/misc/crafting/kinetics/belt_connector": {
    "criteria": {
      "has_item": "2024-09-20 03:20:04 +0000"
    },
    "done": false
  },
  "create:recipes/misc/crafting/kinetics/mechanical_harvester": {
    "criteria": {
      "has_item": "2024-09-20 03:17:32 +0000"
    },
    "done": false
  },
  "create:recipes/misc/crafting/curiosities/minecart_coupling": {
    "criteria": {
      "has_item": "2024-09-20 03:20:04 +0000"
    },
    "done": false
  },
  "create:recipes/misc/crafting/kinetics/clutch": {
    "criteria": {
      "has_item": "2024-09-20 03:17:32 +0000"
    },
    "done": false
  },
  "create:recipes/misc/crafting/kinetics/depot": {
    "criteria": {
      "has_item": "2024-09-20 03:17:32 +0000"
    },
    "done": false
  },
  "create:recipes/building_blocks/ornate_iron_window": {
    "criteria": {
      "has_ingredient": "2024-09-20 03:19:45 +0000"
    },
    "done": false
  },
  "create:recipes/misc/crafting/kinetics/metal_girder": {
    "criteria": {
      "has_item": "2024-09-20 03:20:04 +0000"
    },
    "done": false
  },
  "create:recipes/misc/crafting/kinetics/shaft": {
    "criteria": {
      "has_item": "2024-09-20 03:20:04 +0000",
      "has_the_recipe": "2024-09-20 03:21:10 +0000"
    },
    "done": true
  },
  "create:recipes/misc/crafting/kinetics/hand_crank": {
    "criteria": {
      "has_item": "2024-09-20 03:20:04 +0000",
      "has_the_recipe": "2024-09-20 03:23:45 +0000"
    },
    "done": true
  },
  "create:recipes/misc/crafting/kinetics/turntable": {
    "criteria": {
      "has_item": "2024-09-20 03:20:04 +0000"
    },
    "done": false
  },
  "create:recipes/misc/crafting/kinetics/encased_chain_drive": {
    "criteria": {
      "has_item": "2024-09-20 03:17:32 +0000"
    },
    "done": false
  },
  "create:recipes/misc/crafting/kinetics/mechanical_drill": {
    "criteria": {
      "has_item": "2024-09-20 03:17:32 +0000"
    },
    "done": false
  },
  "create:recipes/decorations/andesite_bars_from_andesite_alloy_stonecutting": {
    "criteria": {
      "has_andesite_alloy": "2024-09-20 03:20:04 +0000"
    },
    "done": false
  },
  "create:recipes/misc/crafting/kinetics/sticker": {
    "criteria": {
      "has_item": "2024-09-20 03:20:04 +0000"
    },
    "done": false
  },
  "create:recipes/misc/crafting/kinetics/radial_chassis": {
    "criteria": {
      "has_item": "2024-09-20 03:20:04 +0000"
    },
    "done": false
  },
  "create:recipes/misc/crafting/kinetics/mechanical_piston": {
    "criteria": {
      "has_item": "2024-09-20 03:17:32 +0000"
    },
    "done": false
  },
  "create:recipes/misc/crafting/kinetics/sticky_mechanical_piston": {
    "criteria": {
      "has_item": "2024-09-20 03:20:04 +0000"
    },
    "done": false
  },
  "create:recipes/misc/crafting/kinetics/goggles": {
    "criteria": {
      "has_item": "2024-09-20 03:20:04 +0000"
    },
    "done": false
  },
  "create:recipes/misc/crafting/materials/andesite_alloy_from_block": {
    "criteria": {
      "has_item": "2024-09-20 03:20:04 +0000"
    },
    "done": false
  },
  "create:recipes/misc/crafting/kinetics/display_board": {
    "criteria": {
      "has_item": "2024-09-20 03:20:04 +0000"
    },
    "done": false
  },
  "minecraft:recipes/misc/iron_ingot_from_nuggets": {
    "criteria": {
      "has_iron_nugget": "2024-09-20 03:19:45 +0000"
    },
    "done": false
  },
  "create:recipes/misc/crafting/kinetics/piston_extension_pole": {
    "criteria": {
      "has_item": "2024-09-20 03:20:04 +0000"
    },
    "done": false
  },
  "create:recipes/decorations/andesite_scaffolding_from_andesite_alloy_stonecutting": {
    "criteria": {
      "has_andesite_alloy": "2024-09-20 03:20:04 +0000"
    },
    "done": false
  },
  "create:recipes/misc/crafting/kinetics/speedometer": {
    "criteria": {
      "has_item": "2024-09-20 03:20:04 +0000"
    },
    "done": false
  },
  "create:recipes/misc/crafting/kinetics/cuckoo_clock": {
    "criteria": {
      "has_item": "2024-09-20 03:20:04 +0000"
    },
    "done": false
  },
  "create:recipes/misc/crafting/kinetics/analog_lever": {
    "criteria": {
      "has_item": "2024-09-20 03:20:04 +0000"
    },
    "done": false
  },
  "create:andesite_alloy": {
    "criteria": {
      "0": "2024-09-20 03:20:04 +0000"
    },
    "done": true
  },
  "create:water_wheel": {
    "criteria": {
      "0": "2024-09-20 03:42:56 +0000"
    },
    "done": true
  },
  "create:recipes/misc/crafting/kinetics/cart_assembler": {
    "criteria": {
      "has_item": "2024-09-20 03:20:04 +0000"
    },
    "done": false
  },
  "create:recipes/misc/crafting/kinetics/mechanical_roller": {
    "criteria": {
      "has_item": "2024-09-20 03:17:32 +0000"
    },
    "done": false
  },
  "create:andesite_casing": {
    "criteria": {
      "0": "2024-09-20 03:20:21 +0000"
    },
    "done": true
  },
  "create:recipes/misc/crafting/kinetics/filter": {
    "criteria": {
      "has_item": "2024-09-20 03:20:04 +0000"
    },
    "done": false
  },
  "create:recipes/misc/crafting/kinetics/white_sail": {
    "criteria": {
      "has_item": "2024-09-20 03:20:04 +0000"
    },
    "done": false
  },
  "create:wrench_goggles": {
    "criteria": {
      "1": "2024-09-20 03:15:45 +0000"
    },
    "done": false
  },
  "create:recipes/misc/crafting/kinetics/mechanical_bearing": {
    "criteria": {
      "has_item": "2024-09-20 03:17:32 +0000"
    },
    "done": false
  },
  "create:windmill": {
    "criteria": {
      "0": "2024-09-20 03:34:42 +0000"
    },
    "done": true
  },
  "create:recipes/misc/crafting/appliances/clipboard": {
    "criteria": {
      "has_item": "2024-09-20 03:20:04 +0000"
    },
    "done": false
  },
  "create:recipes/misc/crafting/kinetics/linear_chassis": {
    "criteria": {
      "has_item": "2024-09-20 03:20:04 +0000"
    },
    "done": false
  },
  "create:recipes/misc/crafting/kinetics/gantry_carriage": {
    "criteria": {
      "has_item": "2024-09-20 03:17:32 +0000"
    },
    "done": false
  },
  "create:recipes/misc/crafting/logistics/andesite_tunnel": {
    "criteria": {
      "has_item": "2024-09-20 03:20:04 +0000"
    },
    "done": false
  },
  "create:recipes/misc/crafting/kinetics/millstone": {
    "criteria": {
      "has_item": "2024-09-20 03:17:32 +0000"
    },
    "done": false
  },
  "minecraft:recipes/building_blocks/cherry_wood": {
    "criteria": {
      "has_log": "2024-09-20 03:15:05 +0000"
    },
    "done": false
  },
  "create:recipes/misc/crafting/kinetics/windmill_bearing": {
    "criteria": {
      "has_item": "2024-09-20 03:20:04 +0000"
    },
    "done": false
  },
  "create:recipes/misc/crafting/kinetics/basin": {
    "criteria": {
      "has_item": "2024-09-20 03:20:04 +0000"
    },
    "done": false
  },
  "create:recipes/misc/crafting/kinetics/large_cogwheel": {
    "criteria": {
      "has_item": "2024-09-20 03:20:04 +0000"
    },
    "done": false
  },
  "create:recipes/misc/crafting/logistics/andesite_funnel": {
    "criteria": {
      "has_item": "2024-09-20 03:20:04 +0000"
    },
    "done": false
  },
  "create:recipes/misc/crafting/kinetics/mechanical_mixer": {
    "criteria": {
      "has_item": "2024-09-20 03:20:04 +0000"
    },
    "done": false
  },
  "create:recipes/decorations/andesite_ladder_from_andesite_alloy_stonecutting": {
    "criteria": {
      "has_andesite_alloy": "2024-09-20 03:20:04 +0000"
    },
    "done": false
  },
  "create:recipes/misc/crafting/kinetics/cogwheel": {
    "criteria": {
      "has_item": "2024-09-20 03:20:04 +0000",
      "has_the_recipe": "2024-09-20 03:45:05 +0000"
    },
    "done": true
  },
  "create:recipes/misc/crafting/kinetics/contraption_controls": {
    "criteria": {
      "has_item": "2024-09-20 03:20:04 +0000"
    },
    "done": false
  },
  "create:recipes/misc/crafting/kinetics/metal_bracket": {
    "criteria": {
      "has_item": "2024-09-20 03:20:04 +0000"
    },
    "done": false
  },
  "create:recipes/misc/crafting/kinetics/gearshift": {
    "criteria": {
      "has_item": "2024-09-20 03:17:32 +0000"
    },
    "done": false
  },
  "DataVersion": 3465
}