{
  "takesapillage:root": {
    "criteria": {
      "always": "2024-09-19 05:17:56 +0000"
    },
    "done": true
  },
  "grim_and_bleak:grim_and_bleak": {
    "criteria": {
      "grim_and_bleak_0": "2024-09-19 05:17:56 +0000"
    },
    "done": true
  },
  "minecraft:recipes/decorations/crafting_table": {
    "criteria": {
      "unlock_right_away": "2024-09-19 05:17:56 +0000",
      "has_the_recipe": "2024-09-19 05:21:41 +0000"
    },
    "done": true
  },
  "minecraft:adventure/adventuring_time": {
    "criteria": {
      "minecraft:beach": "2024-09-19 05:31:33 +0000",
      "minecraft:stony_shore": "2024-09-19 05:51:45 +0000",
      "minecraft:forest": "2024-09-19 05:18:36 +0000",
      "minecraft:meadow": "2024-09-19 05:37:10 +0000",
      "minecraft:savanna": "2024-09-19 05:18:58 +0000",
      "minecraft:plains": "2024-09-19 05:17:57 +0000"
    },
    "done": false
  },
  "endofherobrine:story/root": {
    "criteria": {
      "requirement": "2024-09-19 05:18:35 +0000"
    },
    "done": true
  },
  "create:root": {
    "criteria": {
      "0": "2024-09-19 05:18:55 +0000"
    },
    "done": true
  },
  "naturalist:recipes/food/cooked_egg": {
    "criteria": {
      "has_eggs": "2024-09-19 05:18:55 +0000"
    },
    "done": false
  },
  "minecraft:recipes/misc/charcoal": {
    "criteria": {
      "has_log": "2024-09-19 05:18:55 +0000"
    },
    "done": false
  },
  "minecraft:recipes/building_blocks/oak_planks": {
    "criteria": {
      "has_logs": "2024-09-19 05:18:55 +0000",
      "has_the_recipe": "2024-09-20 00:15:59 +0000"
    },
    "done": true
  },
  "minecraft:recipes/building_blocks/oak_wood": {
    "criteria": {
      "has_log": "2024-09-19 05:18:55 +0000"
    },
    "done": false
  },
  "mca:recipes/misc/family_tree": {
    "criteria": {
      "has_item": "2024-09-19 05:18:55 +0000"
    },
    "done": true
  },
  "immersive_armors:recipes/misc/wooden": {
    "criteria": {
      "has_item": "2024-09-19 05:18:55 +0000"
    },
    "done": true
  },
  "minecraft:recipes/decorations/ladder": {
    "criteria": {
      "has_stick": "2024-09-19 05:21:32 +0000"
    },
    "done": false
  },
  "minecraft:recipes/tools/wooden_axe": {
    "criteria": {
      "has_stick": "2024-09-19 05:21:32 +0000",
      "has_the_recipe": "2024-09-19 05:23:29 +0000"
    },
    "done": true
  },
  "minecraft:recipes/building_blocks/birch_wood": {
    "criteria": {
      "has_log": "2024-09-19 05:21:32 +0000"
    },
    "done": false
  },
  "minecraft:recipes/building_blocks/birch_planks": {
    "criteria": {
      "has_logs": "2024-09-19 05:21:32 +0000",
      "has_the_recipe": "2024-09-19 05:21:37 +0000"
    },
    "done": true
  },
  "minecraft:recipes/decorations/campfire": {
    "criteria": {
      "has_coal": "2024-09-19 05:25:46 +0000",
      "has_stick": "2024-09-19 05:21:32 +0000"
    },
    "done": false
  },
  "minecraft:recipes/tools/wooden_hoe": {
    "criteria": {
      "has_stick": "2024-09-19 05:21:32 +0000"
    },
    "done": false
  },
  "minecraft:recipes/tools/wooden_shovel": {
    "criteria": {
      "has_stick": "2024-09-19 05:21:32 +0000"
    },
    "done": false
  },
  "minecraft:recipes/combat/wooden_sword": {
    "criteria": {
      "has_stick": "2024-09-19 05:21:32 +0000"
    },
    "done": false
  },
  "minecraft:recipes/tools/wooden_pickaxe": {
    "criteria": {
      "has_stick": "2024-09-19 05:21:32 +0000",
      "has_the_recipe": "2024-09-19 05:23:26 +0000"
    },
    "done": true
  },
  "create:recipes/building_blocks/birch_window": {
    "criteria": {
      "has_ingredient": "2024-09-19 05:21:37 +0000"
    },
    "done": false
  },
  "minecraft:recipes/redstone/birch_button": {
    "criteria": {
      "has_planks": "2024-09-19 05:21:37 +0000"
    },
    "done": false
  },
  "minecraft:recipes/redstone/birch_door": {
    "criteria": {
      "has_planks": "2024-09-19 05:21:37 +0000"
    },
    "done": false
  },
  "minecraft:recipes/decorations/birch_fence": {
    "criteria": {
      "has_planks": "2024-09-19 05:21:37 +0000"
    },
    "done": false
  },
  "minecraft:recipes/misc/stick": {
    "criteria": {
      "has_the_recipe": "2024-09-19 05:21:42 +0000",
      "has_planks": "2024-09-19 05:21:37 +0000"
    },
    "done": true
  },
  "minecraft:recipes/decorations/birch_sign": {
    "criteria": {
      "has_planks": "2024-09-19 05:21:37 +0000"
    },
    "done": false
  },
  "minecraft:recipes/redstone/birch_fence_gate": {
    "criteria": {
      "has_planks": "2024-09-19 05:21:37 +0000"
    },
    "done": false
  },
  "minecraft:recipes/building_blocks/birch_slab": {
    "criteria": {
      "has_planks": "2024-09-19 05:21:37 +0000"
    },
    "done": false
  },
  "minecraft:recipes/building_blocks/birch_stairs": {
    "criteria": {
      "has_planks": "2024-09-19 05:21:37 +0000"
    },
    "done": false
  },
  "buildersdelight:recipes/misc/birch_slab_1": {
    "criteria": {
      "has_planks": "2024-09-19 05:21:37 +0000"
    },
    "done": false
  },
  "buildersdelight:recipes/misc/birch_slab_7": {
    "criteria": {
      "has_planks": "2024-09-19 05:21:37 +0000"
    },
    "done": false
  },
  "buildersdelight:recipes/misc/birch_slab_6": {
    "criteria": {
      "has_planks": "2024-09-19 05:21:37 +0000"
    },
    "done": false
  },
  "buildersdelight:recipes/misc/birch_slab_5": {
    "criteria": {
      "has_planks": "2024-09-19 05:21:37 +0000"
    },
    "done": false
  },
  "buildersdelight:recipes/misc/birch_slab_4": {
    "criteria": {
      "has_planks": "2024-09-19 05:21:37 +0000"
    },
    "done": false
  },
  "buildersdelight:recipes/misc/birch_slab_3": {
    "criteria": {
      "has_planks": "2024-09-19 05:21:37 +0000"
    },
    "done": false
  },
  "buildersdelight:recipes/misc/birch_slab_2": {
    "criteria": {
      "has_planks": "2024-09-19 05:21:37 +0000"
    },
    "done": false
  },
  "minecraft:recipes/decorations/barrel": {
    "criteria": {
      "has_planks": "2024-09-19 05:21:37 +0000"
    },
    "done": false
  },
  "buildersdelight:recipes/misc/birch_stairs_1": {
    "criteria": {
      "has_planks": "2024-09-19 05:21:37 +0000"
    },
    "done": false
  },
  "buildersdelight:recipes/misc/birch_stairs_5": {
    "criteria": {
      "has_planks": "2024-09-19 05:21:37 +0000"
    },
    "done": false
  },
  "buildersdelight:recipes/misc/birch_stairs_4": {
    "criteria": {
      "has_planks": "2024-09-19 05:21:37 +0000"
    },
    "done": false
  },
  "buildersdelight:recipes/misc/birch_stairs_3": {
    "criteria": {
      "has_planks": "2024-09-19 05:21:37 +0000"
    },
    "done": false
  },
  "buildersdelight:recipes/misc/birch_stairs_2": {
    "criteria": {
      "has_planks": "2024-09-19 05:21:37 +0000"
    },
    "done": false
  },
  "buildersdelight:recipes/misc/birch_stairs_7": {
    "criteria": {
      "has_planks": "2024-09-19 05:21:37 +0000"
    },
    "done": false
  },
  "buildersdelight:recipes/misc/birch_stairs_6": {
    "criteria": {
      "has_planks": "2024-09-19 05:21:37 +0000"
    },
    "done": false
  },
  "minecraft:recipes/redstone/birch_trapdoor": {
    "criteria": {
      "has_planks": "2024-09-19 05:21:37 +0000"
    },
    "done": false
  },
  "minecraft:recipes/redstone/birch_pressure_plate": {
    "criteria": {
      "has_planks": "2024-09-19 05:21:37 +0000"
    },
    "done": false
  },
  "create:recipes/misc/crafting/appliances/crafting_blueprint": {
    "criteria": {
      "has_item": "2024-09-19 05:21:41 +0000"
    },
    "done": false
  },
  "travelersbackpack:recipes/misc/crafting_upgrade": {
    "criteria": {
      "has_crafting_table": "2024-09-19 05:21:41 +0000"
    },
    "done": false
  },
  "aquamirae:adventure/root": {
    "criteria": {
      "crafting_table": "2024-09-19 05:21:41 +0000"
    },
    "done": true
  },
  "minecraft:story/root": {
    "criteria": {
      "crafting_table": "2024-09-19 05:21:41 +0000"
    },
    "done": true
  },
  "minecraft:husbandry/root": {
    "criteria": {
      "consumed_item": "2024-09-19 05:23:12 +0000"
    },
    "done": true
  },
  "minecraft:husbandry/balanced_diet": {
    "criteria": {
      "cooked_porkchop": "2024-09-19 05:44:43 +0000",
      "cooked_mutton": "2024-09-19 05:42:48 +0000",
      "apple": "2024-09-19 05:23:12 +0000",
      "bread": "2024-09-19 05:57:16 +0000"
    },
    "done": false
  },
  "aether:recipes/tools/wooden_pickaxe_repairing": {
    "criteria": {
      "has_wooden_pickaxe": "2024-09-19 05:23:26 +0000"
    },
    "done": false
  },
  "aether:recipes/tools/wooden_axe_repairing": {
    "criteria": {
      "has_wooden_axe": "2024-09-19 05:23:29 +0000"
    },
    "done": false
  },
  "minecraft:story/mine_stone": {
    "criteria": {
      "get_stone": "2024-09-19 05:23:46 +0000"
    },
    "done": true
  },
  "minecraft:recipes/decorations/furnace": {
    "criteria": {
      "has_cobblestone": "2024-09-19 05:23:46 +0000",
      "has_the_recipe": "2024-09-19 05:29:17 +0000"
    },
    "done": true
  },
  "minecraft:recipes/decorations/chest": {
    "criteria": {
      "has_the_recipe": "2024-09-19 05:40:49 +0000",
      "has_lots_of_items": "2024-09-19 05:23:46 +0000"
    },
    "done": true
  },
  "minecraft:recipes/building_blocks/cobblestone_slab_from_cobblestone_stonecutting": {
    "criteria": {
      "has_cobblestone": "2024-09-19 05:23:46 +0000"
    },
    "done": false
  },
  "minecraft:recipes/building_blocks/stone": {
    "criteria": {
      "has_cobblestone": "2024-09-19 05:23:46 +0000",
      "has_the_recipe": "2024-09-19 06:27:03 +0000"
    },
    "done": true
  },
  "minecraft:recipes/tools/stone_pickaxe": {
    "criteria": {
      "has_cobblestone": "2024-09-19 05:23:46 +0000",
      "has_the_recipe": "2024-09-19 05:23:53 +0000"
    },
    "done": true
  },
  "minecraft:recipes/building_blocks/cobblestone_slab": {
    "criteria": {
      "has_cobblestone": "2024-09-19 05:23:46 +0000"
    },
    "done": false
  },
  "mca:recipes/building_blocks/headstones": {
    "criteria": {
      "has_ingredients": "2024-09-19 05:23:46 +0000"
    },
    "done": false
  },
  "minecraft:recipes/decorations/cobblestone_wall_from_cobblestone_stonecutting": {
    "criteria": {
      "has_cobblestone": "2024-09-19 05:23:46 +0000"
    },
    "done": false
  },
  "minecraft:recipes/building_blocks/cobblestone_stairs": {
    "criteria": {
      "has_cobblestone": "2024-09-19 05:23:46 +0000"
    },
    "done": false
  },
  "minecraft:recipes/tools/stone_shovel": {
    "criteria": {
      "has_cobblestone": "2024-09-19 05:23:46 +0000",
      "has_the_recipe": "2024-09-19 05:41:04 +0000"
    },
    "done": true
  },
  "minecraft:recipes/redstone/lever": {
    "criteria": {
      "has_cobblestone": "2024-09-19 05:23:46 +0000"
    },
    "done": false
  },
  "minecraft:recipes/combat/stone_sword": {
    "criteria": {
      "has_cobblestone": "2024-09-19 05:23:46 +0000",
      "has_the_recipe": "2024-09-19 05:42:31 +0000"
    },
    "done": true
  },
  "minecraft:recipes/decorations/cobblestone_wall": {
    "criteria": {
      "has_cobblestone": "2024-09-19 05:23:46 +0000"
    },
    "done": false
  },
  "minecraft:recipes/tools/stone_axe": {
    "criteria": {
      "has_cobblestone": "2024-09-19 05:23:46 +0000",
      "has_the_recipe": "2024-09-19 05:24:01 +0000"
    },
    "done": true
  },
  "aether:recipes/decorations/skyroot_chest": {
    "criteria": {
      "has_lots_of_items": "2024-09-19 05:23:46 +0000"
    },
    "done": false
  },
  "minecraft:recipes/building_blocks/cobblestone_stairs_from_cobblestone_stonecutting": {
    "criteria": {
      "has_cobblestone": "2024-09-19 05:23:46 +0000"
    },
    "done": false
  },
  "minecraft:recipes/tools/stone_hoe": {
    "criteria": {
      "has_cobblestone": "2024-09-19 05:23:46 +0000"
    },
    "done": false
  },
  "aether:recipes/tools/stone_pickaxe_repairing": {
    "criteria": {
      "has_stone_pickaxe": "2024-09-19 05:23:54 +0000"
    },
    "done": false
  },
  "minecraft:recipes/decorations/torch": {
    "criteria": {
      "has_stone_pickaxe": "2024-09-19 05:23:54 +0000",
      "has_the_recipe": "2024-09-19 05:41:58 +0000"
    },
    "done": true
  },
  "minecraft:story/upgrade_tools": {
    "criteria": {
      "stone_pickaxe": "2024-09-19 05:23:54 +0000"
    },
    "done": true
  },
  "aether:recipes/tools/stone_axe_repairing": {
    "criteria": {
      "has_stone_axe": "2024-09-19 05:24:01 +0000"
    },
    "done": false
  },
  "travelersbackpack:recipes/misc/coal": {
    "criteria": {
      "has_coal": "2024-09-19 05:25:46 +0000"
    },
    "done": false
  },
  "minecraft:recipes/building_blocks/coal_block": {
    "criteria": {
      "has_coal": "2024-09-19 05:25:46 +0000"
    },
    "done": false
  },
  "mca:root": {
    "criteria": {
      "village_plains": "2024-09-19 05:26:12 +0000"
    },
    "done": false
  },
  "minecraft:adventure/sleep_in_bed": {
    "criteria": {
      "slept_in_bed": "2024-09-19 05:26:26 +0000"
    },
    "done": true
  },
  "minecraft:recipes/food/baked_potato_from_campfire_cooking": {
    "criteria": {
      "has_potato": "2024-09-19 05:26:30 +0000"
    },
    "done": false
  },
  "minecraft:recipes/food/baked_potato": {
    "criteria": {
      "has_potato": "2024-09-19 05:26:30 +0000"
    },
    "done": false
  },
  "minecraft:recipes/food/baked_potato_from_smoking": {
    "criteria": {
      "has_potato": "2024-09-19 05:26:30 +0000"
    },
    "done": false
  },
  "minecraft:recipes/building_blocks/raw_iron_block": {
    "criteria": {
      "has_raw_iron": "2024-09-19 05:28:46 +0000"
    },
    "done": false
  },
  "minecraft:recipes/misc/iron_ingot_from_blasting_raw_iron": {
    "criteria": {
      "has_raw_iron": "2024-09-19 05:28:46 +0000",
      "has_the_recipe": "2024-09-19 06:32:34 +0000"
    },
    "done": true
  },
  "minecraft:recipes/misc/iron_ingot_from_smelting_raw_iron": {
    "criteria": {
      "has_raw_iron": "2024-09-19 05:28:46 +0000",
      "has_the_recipe": "2024-09-19 05:29:44 +0000"
    },
    "done": true
  },
  "minecraft:recipes/decorations/smoker": {
    "criteria": {
      "has_furnace": "2024-09-19 05:29:17 +0000"
    },
    "done": false
  },
  "buildersdelight:root": {
    "criteria": {
      "has_iron_ingot": "2024-09-19 05:29:44 +0000"
    },
    "done": true
  },
  "aether:recipes/combat/iron_pendant": {
    "criteria": {
      "has_iron_ingot": "2024-09-19 05:29:44 +0000"
    },
    "done": false
  },
  "travelersbackpack:recipes/misc/backpack_tank": {
    "criteria": {
      "has_iron": "2024-09-19 05:29:44 +0000"
    },
    "done": false
  },
  "minecraft:recipes/combat/iron_helmet": {
    "criteria": {
      "has_the_recipe": "2024-09-20 00:15:02 +0000",
      "has_iron_ingot": "2024-09-19 05:29:44 +0000"
    },
    "done": true
  },
  "minecraft:recipes/tools/shears": {
    "criteria": {
      "has_the_recipe": "2024-09-20 00:14:57 +0000",
      "has_iron_ingot": "2024-09-19 05:29:44 +0000"
    },
    "done": true
  },
  "minecraft:recipes/building_blocks/iron_block": {
    "criteria": {
      "has_iron_ingot": "2024-09-19 05:29:44 +0000"
    },
    "done": false
  },
  "create:recipes/misc/crafting/materials/andesite_alloy": {
    "criteria": {
      "has_item": "2024-09-19 05:29:44 +0000"
    },
    "done": false
  },
  "minecraft:recipes/redstone/hopper": {
    "criteria": {
      "has_iron_ingot": "2024-09-19 05:29:44 +0000"
    },
    "done": false
  },
  "travelersbackpack:recipes/misc/iron": {
    "criteria": {
      "has_iron_ingot": "2024-09-19 05:29:44 +0000"
    },
    "done": false
  },
  "aether:recipes/combat/iron_gloves": {
    "criteria": {
      "has_iron": "2024-09-19 05:29:44 +0000"
    },
    "done": false
  },
  "mca:recipes/misc/comb": {
    "criteria": {
      "has_item": "2024-09-19 05:29:44 +0000"
    },
    "done": true
  },
  "minecraft:recipes/combat/iron_boots": {
    "criteria": {
      "has_the_recipe": "2024-09-20 00:15:00 +0000",
      "has_iron_ingot": "2024-09-19 05:29:44 +0000"
    },
    "done": true
  },
  "minecraft:recipes/decorations/lantern": {
    "criteria": {
      "has_iron_ingot": "2024-09-19 05:29:44 +0000"
    },
    "done": false
  },
  "minecraft:recipes/tools/iron_shovel": {
    "criteria": {
      "has_the_recipe": "2024-09-19 05:38:16 +0000",
      "has_iron_ingot": "2024-09-19 05:29:44 +0000"
    },
    "done": true
  },
  "minecraft:recipes/redstone/iron_trapdoor": {
    "criteria": {
      "has_iron_ingot": "2024-09-19 05:29:44 +0000"
    },
    "done": false
  },
  "minecraft:recipes/combat/crossbow": {
    "criteria": {
      "has_string": "2024-09-19 06:02:04 +0000",
      "has_iron_ingot": "2024-09-19 05:29:44 +0000"
    },
    "done": false
  },
  "minecraft:recipes/redstone/heavy_weighted_pressure_plate": {
    "criteria": {
      "has_iron_ingot": "2024-09-19 05:29:44 +0000"
    },
    "done": false
  },
  "minecraft:recipes/combat/iron_leggings": {
    "criteria": {
      "has_the_recipe": "2024-09-20 00:14:58 +0000",
      "has_iron_ingot": "2024-09-19 05:29:44 +0000"
    },
    "done": true
  },
  "minecraft:recipes/combat/iron_chestplate": {
    "criteria": {
      "has_the_recipe": "2024-09-20 00:14:49 +0000",
      "has_iron_ingot": "2024-09-19 05:29:44 +0000"
    },
    "done": true
  },
  "minecraft:recipes/misc/iron_nugget": {
    "criteria": {
      "has_iron_ingot": "2024-09-19 05:29:44 +0000"
    },
    "done": false
  },
  "minecraft:recipes/misc/bucket": {
    "criteria": {
      "has_the_recipe": "2024-09-20 00:14:54 +0000",
      "has_iron_ingot": "2024-09-19 05:29:44 +0000"
    },
    "done": true
  },
  "minecraft:recipes/transportation/minecart": {
    "criteria": {
      "has_iron_ingot": "2024-09-19 05:29:44 +0000"
    },
    "done": false
  },
  "minecraft:recipes/tools/iron_hoe": {
    "criteria": {
      "has_iron_ingot": "2024-09-19 05:29:44 +0000"
    },
    "done": false
  },
  "minecraft:story/smelt_iron": {
    "criteria": {
      "iron": "2024-09-19 05:29:44 +0000"
    },
    "done": true
  },
  "minecraft:recipes/decorations/chain": {
    "criteria": {
      "has_iron_ingot": "2024-09-19 05:29:44 +0000"
    },
    "done": false
  },
  "minecraft:recipes/decorations/smithing_table": {
    "criteria": {
      "has_iron_ingot": "2024-09-19 05:29:44 +0000"
    },
    "done": false
  },
  "mca:recipes/misc/needle_and_thread": {
    "criteria": {
      "has_item": "2024-09-19 05:29:44 +0000"
    },
    "done": true
  },
  "create:recipes/misc/crafting/kinetics/empty_blaze_burner": {
    "criteria": {
      "has_item": "2024-09-19 05:29:44 +0000"
    },
    "done": false
  },
  "mca:recipes/misc/whistle": {
    "criteria": {
      "has_item": "2024-09-19 05:29:44 +0000"
    },
    "done": true
  },
  "minecraft:recipes/combat/iron_sword": {
    "criteria": {
      "has_the_recipe": "2024-09-20 00:18:50 +0000",
      "has_iron_ingot": "2024-09-19 05:29:44 +0000"
    },
    "done": true
  },
  "minecraft:recipes/tools/iron_pickaxe": {
    "criteria": {
      "has_the_recipe": "2024-09-19 05:30:13 +0000",
      "has_iron_ingot": "2024-09-19 05:29:44 +0000"
    },
    "done": true
  },
  "minecraft:recipes/combat/shield": {
    "criteria": {
      "has_the_recipe": "2024-09-19 05:56:07 +0000",
      "has_iron_ingot": "2024-09-19 05:29:44 +0000"
    },
    "done": true
  },
  "minecraft:recipes/decorations/iron_bars": {
    "criteria": {
      "has_iron_ingot": "2024-09-19 05:29:44 +0000"
    },
    "done": false
  },
  "travelersbackpack:recipes/misc/iron_tier_upgrade": {
    "criteria": {
      "has_iron_ingot": "2024-09-19 05:29:44 +0000"
    },
    "done": false
  },
  "aether:recipes/decorations/skyroot_smithing_table": {
    "criteria": {
      "has_iron_ingot": "2024-09-19 05:29:44 +0000"
    },
    "done": false
  },
  "travelersbackpack:recipes/misc/hose_nozzle": {
    "criteria": {
      "has_iron": "2024-09-19 05:29:44 +0000"
    },
    "done": false
  },
  "aether:recipes/combat/skyroot_iron_vanilla_shield": {
    "criteria": {
      "has_iron_ingot": "2024-09-19 05:29:44 +0000"
    },
    "done": false
  },
  "aether:recipes/combat/iron_ring": {
    "criteria": {
      "has_iron_ingot": "2024-09-19 05:29:44 +0000"
    },
    "done": false
  },
  "minecraft:recipes/tools/iron_axe": {
    "criteria": {
      "has_iron_ingot": "2024-09-19 05:29:44 +0000"
    },
    "done": false
  },
  "create:recipes/building_blocks/industrial_iron_block_from_ingots_iron_stonecutting": {
    "criteria": {
      "has_ingots_iron": "2024-09-19 05:29:44 +0000"
    },
    "done": false
  },
  "minecraft:recipes/redstone/iron_door": {
    "criteria": {
      "has_iron_ingot": "2024-09-19 05:29:44 +0000"
    },
    "done": false
  },
  "aether:recipes/tools/iron_pickaxe_repairing": {
    "criteria": {
      "has_iron_pickaxe": "2024-09-19 05:30:13 +0000"
    },
    "done": false
  },
  "minecraft:recipes/misc/iron_nugget_from_smelting": {
    "criteria": {
      "has_iron_boots": "2024-09-20 00:15:00 +0000",
      "has_iron_shovel": "2024-09-19 05:38:16 +0000",
      "has_iron_leggings": "2024-09-20 00:14:58 +0000",
      "has_iron_pickaxe": "2024-09-19 05:30:13 +0000",
      "has_iron_helmet": "2024-09-20 00:15:02 +0000",
      "has_iron_sword": "2024-09-20 00:18:50 +0000",
      "has_iron_chestplate": "2024-09-20 00:14:49 +0000"
    },
    "done": false
  },
  "minecraft:story/iron_tools": {
    "criteria": {
      "iron_pickaxe": "2024-09-19 05:30:13 +0000"
    },
    "done": true
  },
  "minecraft:recipes/misc/iron_nugget_from_blasting": {
    "criteria": {
      "has_iron_boots": "2024-09-20 00:15:00 +0000",
      "has_iron_shovel": "2024-09-19 05:38:16 +0000",
      "has_iron_leggings": "2024-09-20 00:14:58 +0000",
      "has_iron_pickaxe": "2024-09-19 05:30:13 +0000",
      "has_iron_helmet": "2024-09-20 00:15:02 +0000",
      "has_iron_sword": "2024-09-20 00:18:50 +0000",
      "has_iron_chestplate": "2024-09-20 00:14:49 +0000"
    },
    "done": false
  },
  "minecraft:recipes/decorations/sandstone_wall_from_sandstone_stonecutting": {
    "criteria": {
      "has_sandstone": "2024-09-19 05:31:57 +0000"
    },
    "done": false
  },
  "minecraft:recipes/building_blocks/cut_sandstone": {
    "criteria": {
      "has_sandstone": "2024-09-19 05:31:57 +0000"
    },
    "done": false
  },
  "minecraft:recipes/building_blocks/sandstone_stairs": {
    "criteria": {
      "has_sandstone": "2024-09-19 05:31:57 +0000"
    },
    "done": false
  },
  "minecraft:recipes/building_blocks/cut_sandstone_from_sandstone_stonecutting": {
    "criteria": {
      "has_sandstone": "2024-09-19 05:31:57 +0000"
    },
    "done": false
  },
  "minecraft:recipes/building_blocks/chiseled_sandstone_from_sandstone_stonecutting": {
    "criteria": {
      "has_sandstone": "2024-09-19 05:31:57 +0000"
    },
    "done": false
  },
  "minecraft:recipes/building_blocks/cut_sandstone_slab_from_sandstone_stonecutting": {
    "criteria": {
      "has_sandstone": "2024-09-19 05:31:57 +0000"
    },
    "done": false
  },
  "minecraft:recipes/building_blocks/sandstone_slab_from_sandstone_stonecutting": {
    "criteria": {
      "has_sandstone": "2024-09-19 05:31:57 +0000"
    },
    "done": false
  },
  "minecraft:recipes/building_blocks/sandstone_slab": {
    "criteria": {
      "has_sandstone": "2024-09-19 05:31:57 +0000"
    },
    "done": false
  },
  "minecraft:recipes/building_blocks/smooth_sandstone": {
    "criteria": {
      "has_sandstone": "2024-09-19 05:31:57 +0000"
    },
    "done": false
  },
  "travelersbackpack:recipes/misc/sandstone": {
    "criteria": {
      "has_sandstone": "2024-09-19 05:31:57 +0000"
    },
    "done": false
  },
  "minecraft:recipes/building_blocks/sandstone_stairs_from_sandstone_stonecutting": {
    "criteria": {
      "has_sandstone": "2024-09-19 05:31:57 +0000"
    },
    "done": false
  },
  "minecraft:recipes/decorations/sandstone_wall": {
    "criteria": {
      "has_sandstone": "2024-09-19 05:31:57 +0000"
    },
    "done": false
  },
  "deeperdarker:recipes/transportation/echo_boat": {
    "criteria": {
      "in_water": "2024-09-19 05:32:03 +0000"
    },
    "done": false
  },
  "aether:recipes/transportation/skyroot_boat": {
    "criteria": {
      "in_water": "2024-09-19 05:32:03 +0000"
    },
    "done": false
  },
  "deeperdarker:recipes/transportation/bloom_boat": {
    "criteria": {
      "in_water": "2024-09-19 05:32:03 +0000"
    },
    "done": false
  },
  "minecraft:recipes/transportation/cherry_boat": {
    "criteria": {
      "in_water": "2024-09-19 05:32:03 +0000"
    },
    "done": false
  },
  "minecraft:recipes/transportation/bamboo_raft": {
    "criteria": {
      "in_water": "2024-09-19 05:32:03 +0000"
    },
    "done": false
  },
  "minecraft:recipes/transportation/acacia_boat": {
    "criteria": {
      "in_water": "2024-09-19 05:32:03 +0000"
    },
    "done": false
  },
  "minecraft:recipes/transportation/jungle_boat": {
    "criteria": {
      "in_water": "2024-09-19 05:32:03 +0000"
    },
    "done": false
  },
  "twilightforest:recipes/transportation/twilight_oak_boat": {
    "criteria": {
      "in_water": "2024-09-19 05:32:03 +0000"
    },
    "done": false
  },
  "twilightforest:recipes/transportation/time_boat": {
    "criteria": {
      "in_water": "2024-09-19 05:32:03 +0000"
    },
    "done": false
  },
  "twilightforest:recipes/transportation/mining_boat": {
    "criteria": {
      "in_water": "2024-09-19 05:32:03 +0000"
    },
    "done": false
  },
  "twilightforest:recipes/transportation/mangrove_boat": {
    "criteria": {
      "in_water": "2024-09-19 05:32:03 +0000"
    },
    "done": false
  },
  "twilightforest:recipes/transportation/transformation_boat": {
    "criteria": {
      "in_water": "2024-09-19 05:32:03 +0000"
    },
    "done": false
  },
  "minecraft:recipes/transportation/spruce_boat": {
    "criteria": {
      "in_water": "2024-09-19 05:32:03 +0000"
    },
    "done": false
  },
  "minecraft:recipes/transportation/birch_boat": {
    "criteria": {
      "in_water": "2024-09-19 05:32:03 +0000",
      "has_the_recipe": "2024-09-19 06:27:32 +0000"
    },
    "done": true
  },
  "minecraft:recipes/transportation/oak_boat": {
    "criteria": {
      "in_water": "2024-09-19 05:32:03 +0000"
    },
    "done": false
  },
  "minecraft:recipes/transportation/mangrove_boat": {
    "criteria": {
      "in_water": "2024-09-19 05:32:03 +0000"
    },
    "done": false
  },
  "twilightforest:recipes/transportation/canopy_boat": {
    "criteria": {
      "in_water": "2024-09-19 05:32:03 +0000"
    },
    "done": false
  },
  "twilightforest:recipes/transportation/dark_boat": {
    "criteria": {
      "in_water": "2024-09-19 05:32:03 +0000"
    },
    "done": false
  },
  "twilightforest:recipes/transportation/sorting_boat": {
    "criteria": {
      "in_water": "2024-09-19 05:32:03 +0000"
    },
    "done": false
  },
  "minecraft:recipes/transportation/dark_oak_boat": {
    "criteria": {
      "in_water": "2024-09-19 05:32:03 +0000"
    },
    "done": false
  },
  "mutantmonsters:root": {
    "criteria": {
      "killed_by_something": "2024-09-19 06:28:39 +0000",
      "killed_something": "2024-09-19 05:33:50 +0000"
    },
    "done": true
  },
  "minecraft:adventure/kill_all_mobs": {
    "criteria": {
      "minecraft:pillager": "2024-09-20 00:20:42 +0000",
      "minecraft:skeleton": "2024-09-19 05:47:10 +0000",
      "minecraft:spider": "2024-09-19 06:03:21 +0000",
      "minecraft:creeper": "2024-09-20 00:23:01 +0000",
      "minecraft:husk": "2024-09-19 05:33:50 +0000",
      "minecraft:cave_spider": "2024-09-20 00:26:18 +0000",
      "minecraft:enderman": "2024-09-19 06:26:05 +0000",
      "minecraft:stray": "2024-09-19 05:47:10 +0000",
      "minecraft:zombie": "2024-09-19 05:33:50 +0000"
    },
    "done": false
  },
  "minecraft:adventure/root": {
    "criteria": {
      "killed_by_something": "2024-09-19 06:28:39 +0000",
      "killed_something": "2024-09-19 05:33:50 +0000"
    },
    "done": true
  },
  "minecraft:adventure/kill_a_mob": {
    "criteria": {
      "specialmobs:jumpingcreeper": "2024-09-20 00:45:08 +0000",
      "specialmobs:cavespider": "2024-09-20 00:26:18 +0000",
      "specialmobs:spider": "2024-09-19 06:03:21 +0000",
      "minecraft:creeper": "2024-09-19 05:33:50 +0000",
      "specialmobs:deathcreeper": "2024-09-20 00:23:01 +0000",
      "minecraft:pillager": "2024-09-20 00:20:42 +0000",
      "specialmobs:plaguezombie": "2024-09-20 00:32:35 +0000",
      "specialmobs:hungryspider": "2024-09-20 01:23:15 +0000",
      "specialmobs:watercavespider": "2024-09-20 00:30:23 +0000",
      "specialmobs:enderman": "2024-09-19 06:26:05 +0000",
      "specialmobs:creeper": "2024-09-20 00:54:53 +0000",
      "specialmobs:zombie": "2024-09-19 05:33:50 +0000",
      "specialmobs:skeleton": "2024-09-19 05:47:10 +0000",
      "specialmobs:palecavespider": "2024-09-20 00:44:54 +0000"
    },
    "done": false
  },
  "endofherobrine:recipes/decorations/cursed_head": {
    "criteria": {
      "has_item": "2024-09-19 05:34:00 +0000"
    },
    "done": false
  },
  "minecraft:husbandry/tame_an_animal": {
    "criteria": {
      "tamed_animal": "2024-09-19 05:35:45 +0000"
    },
    "done": true
  },
  "minecraft:recipes/food/cooked_porkchop": {
    "criteria": {
      "has_porkchop": "2024-09-19 05:37:01 +0000",
      "has_the_recipe": "2024-09-19 05:43:36 +0000"
    },
    "done": true
  },
  "minecraft:recipes/food/cooked_porkchop_from_smoking": {
    "criteria": {
      "has_porkchop": "2024-09-19 05:37:01 +0000"
    },
    "done": false
  },
  "travelersbackpack:recipes/misc/pig": {
    "criteria": {
      "has_porkchop": "2024-09-19 05:37:01 +0000"
    },
    "done": false
  },
  "minecraft:recipes/food/cooked_porkchop_from_campfire_cooking": {
    "criteria": {
      "has_porkchop": "2024-09-19 05:37:01 +0000"
    },
    "done": false
  },
  "aether:recipes/tools/iron_shovel_repairing": {
    "criteria": {
      "has_iron_shovel": "2024-09-19 05:38:16 +0000"
    },
    "done": false
  },
  "aether:recipes/decorations/skyroot_bed": {
    "criteria": {
      "has_wool": "2024-09-19 05:39:25 +0000"
    },
    "done": false
  },
  "buildersdelight:recipes/misc/birch_frame_7": {
    "criteria": {
      "has_wool": "2024-09-19 05:39:25 +0000"
    },
    "done": false
  },
  "buildersdelight:recipes/misc/birch_frame_8": {
    "criteria": {
      "has_wool": "2024-09-19 05:39:25 +0000"
    },
    "done": false
  },
  "buildersdelight:recipes/misc/birch_frame_1": {
    "criteria": {
      "has_wool": "2024-09-19 05:39:25 +0000"
    },
    "done": false
  },
  "buildersdelight:recipes/misc/birch_frame_2": {
    "criteria": {
      "has_wool": "2024-09-19 05:39:25 +0000"
    },
    "done": false
  },
  "buildersdelight:recipes/misc/birch_frame_5": {
    "criteria": {
      "has_wool": "2024-09-19 05:39:25 +0000"
    },
    "done": false
  },
  "buildersdelight:recipes/misc/birch_frame_6": {
    "criteria": {
      "has_wool": "2024-09-19 05:39:25 +0000"
    },
    "done": false
  },
  "buildersdelight:recipes/misc/birch_frame_3": {
    "criteria": {
      "has_wool": "2024-09-19 05:39:25 +0000"
    },
    "done": false
  },
  "buildersdelight:recipes/misc/birch_frame_4": {
    "criteria": {
      "has_wool": "2024-09-19 05:39:25 +0000"
    },
    "done": false
  },
  "minecraft:recipes/food/cooked_mutton_from_smoking": {
    "criteria": {
      "has_mutton": "2024-09-19 05:39:25 +0000"
    },
    "done": false
  },
  "buildersdelight:recipes/misc/dark_oak_frame_2": {
    "criteria": {
      "has_wool": "2024-09-19 05:39:25 +0000"
    },
    "done": false
  },
  "buildersdelight:recipes/misc/dark_oak_frame_1": {
    "criteria": {
      "has_wool": "2024-09-19 05:39:25 +0000"
    },
    "done": false
  },
  "buildersdelight:recipes/misc/dark_oak_frame_4": {
    "criteria": {
      "has_wool": "2024-09-19 05:39:25 +0000"
    },
    "done": false
  },
  "buildersdelight:recipes/misc/dark_oak_frame_3": {
    "criteria": {
      "has_wool": "2024-09-19 05:39:25 +0000"
    },
    "done": false
  },
  "buildersdelight:recipes/misc/dark_oak_frame_6": {
    "criteria": {
      "has_wool": "2024-09-19 05:39:25 +0000"
    },
    "done": false
  },
  "buildersdelight:recipes/misc/dark_oak_frame_5": {
    "criteria": {
      "has_wool": "2024-09-19 05:39:25 +0000"
    },
    "done": false
  },
  "buildersdelight:recipes/misc/dark_oak_frame_8": {
    "criteria": {
      "has_wool": "2024-09-19 05:39:25 +0000"
    },
    "done": false
  },
  "buildersdelight:recipes/misc/dark_oak_frame_7": {
    "criteria": {
      "has_wool": "2024-09-19 05:39:25 +0000"
    },
    "done": false
  },
  "create:recipes/building_blocks/crafting/kinetics/blue_seat": {
    "criteria": {
      "has_wool": "2024-09-19 05:39:25 +0000"
    },
    "done": false
  },
  "create:recipes/building_blocks/crafting/kinetics/magenta_seat": {
    "criteria": {
      "has_wool": "2024-09-19 05:39:25 +0000"
    },
    "done": false
  },
  "buildersdelight:recipes/misc/cherry_frame_1": {
    "criteria": {
      "has_wool": "2024-09-19 05:39:25 +0000"
    },
    "done": false
  },
  "buildersdelight:recipes/misc/cherry_frame_2": {
    "criteria": {
      "has_wool": "2024-09-19 05:39:25 +0000"
    },
    "done": false
  },
  "buildersdelight:recipes/misc/cherry_frame_3": {
    "criteria": {
      "has_wool": "2024-09-19 05:39:25 +0000"
    },
    "done": false
  },
  "buildersdelight:recipes/misc/cherry_frame_4": {
    "criteria": {
      "has_wool": "2024-09-19 05:39:25 +0000"
    },
    "done": false
  },
  "buildersdelight:recipes/misc/cherry_frame_5": {
    "criteria": {
      "has_wool": "2024-09-19 05:39:25 +0000"
    },
    "done": false
  },
  "buildersdelight:recipes/misc/cherry_frame_6": {
    "criteria": {
      "has_wool": "2024-09-19 05:39:25 +0000"
    },
    "done": false
  },
  "buildersdelight:recipes/misc/cherry_frame_7": {
    "criteria": {
      "has_wool": "2024-09-19 05:39:25 +0000"
    },
    "done": false
  },
  "buildersdelight:recipes/misc/cherry_frame_8": {
    "criteria": {
      "has_wool": "2024-09-19 05:39:25 +0000"
    },
    "done": false
  },
  "create:recipes/building_blocks/crafting/kinetics/light_blue_seat": {
    "criteria": {
      "has_wool": "2024-09-19 05:39:25 +0000"
    },
    "done": false
  },
  "buildersdelight:recipes/misc/bamboo_frame_8": {
    "criteria": {
      "has_wool": "2024-09-19 05:39:25 +0000"
    },
    "done": false
  },
  "buildersdelight:recipes/misc/bamboo_frame_7": {
    "criteria": {
      "has_wool": "2024-09-19 05:39:25 +0000"
    },
    "done": false
  },
  "buildersdelight:recipes/misc/bamboo_frame_6": {
    "criteria": {
      "has_wool": "2024-09-19 05:39:25 +0000"
    },
    "done": false
  },
  "buildersdelight:recipes/misc/bamboo_frame_5": {
    "criteria": {
      "has_wool": "2024-09-19 05:39:25 +0000"
    },
    "done": false
  },
  "buildersdelight:recipes/misc/bamboo_frame_4": {
    "criteria": {
      "has_wool": "2024-09-19 05:39:25 +0000"
    },
    "done": false
  },
  "buildersdelight:recipes/misc/bamboo_frame_3": {
    "criteria": {
      "has_wool": "2024-09-19 05:39:25 +0000"
    },
    "done": false
  },
  "buildersdelight:recipes/misc/bamboo_frame_2": {
    "criteria": {
      "has_wool": "2024-09-19 05:39:25 +0000"
    },
    "done": false
  },
  "buildersdelight:recipes/misc/bamboo_frame_1": {
    "criteria": {
      "has_wool": "2024-09-19 05:39:25 +0000"
    },
    "done": false
  },
  "travelersbackpack:recipes/misc/sheep": {
    "criteria": {
      "has_white_wool": "2024-09-19 05:39:25 +0000"
    },
    "done": false
  },
  "create:recipes/building_blocks/crafting/kinetics/green_seat": {
    "criteria": {
      "has_wool": "2024-09-19 05:39:25 +0000"
    },
    "done": false
  },
  "aether:recipes/combat/white_cape": {
    "criteria": {
      "has_white_wool": "2024-09-19 05:39:25 +0000"
    },
    "done": false
  },
  "create:recipes/building_blocks/crafting/kinetics/purple_seat": {
    "criteria": {
      "has_wool": "2024-09-19 05:39:25 +0000"
    },
    "done": false
  },
  "minecraft:recipes/decorations/white_bed": {
    "criteria": {
      "has_white_wool": "2024-09-19 05:39:25 +0000",
      "has_the_recipe": "2024-09-19 05:49:47 +0000"
    },
    "done": true
  },
  "buildersdelight:recipes/misc/acacia_frame_2": {
    "criteria": {
      "has_wool": "2024-09-19 05:39:25 +0000"
    },
    "done": false
  },
  "buildersdelight:recipes/misc/acacia_frame_1": {
    "criteria": {
      "has_wool": "2024-09-19 05:39:25 +0000"
    },
    "done": false
  },
  "buildersdelight:recipes/misc/acacia_frame_4": {
    "criteria": {
      "has_wool": "2024-09-19 05:39:25 +0000"
    },
    "done": false
  },
  "buildersdelight:recipes/misc/acacia_frame_3": {
    "criteria": {
      "has_wool": "2024-09-19 05:39:25 +0000"
    },
    "done": false
  },
  "buildersdelight:recipes/misc/acacia_frame_6": {
    "criteria": {
      "has_wool": "2024-09-19 05:39:25 +0000"
    },
    "done": false
  },
  "buildersdelight:recipes/misc/acacia_frame_5": {
    "criteria": {
      "has_wool": "2024-09-19 05:39:25 +0000"
    },
    "done": false
  },
  "buildersdelight:recipes/misc/acacia_frame_8": {
    "criteria": {
      "has_wool": "2024-09-19 05:39:25 +0000"
    },
    "done": false
  },
  "buildersdelight:recipes/misc/acacia_frame_7": {
    "criteria": {
      "has_wool": "2024-09-19 05:39:25 +0000"
    },
    "done": false
  },
  "buildersdelight:recipes/misc/crimson_frame_8": {
    "criteria": {
      "has_wool": "2024-09-19 05:39:25 +0000"
    },
    "done": false
  },
  "buildersdelight:recipes/misc/crimson_frame_4": {
    "criteria": {
      "has_wool": "2024-09-19 05:39:25 +0000"
    },
    "done": false
  },
  "buildersdelight:recipes/misc/crimson_frame_5": {
    "criteria": {
      "has_wool": "2024-09-19 05:39:25 +0000"
    },
    "done": false
  },
  "buildersdelight:recipes/misc/crimson_frame_6": {
    "criteria": {
      "has_wool": "2024-09-19 05:39:25 +0000"
    },
    "done": false
  },
  "buildersdelight:recipes/misc/crimson_frame_7": {
    "criteria": {
      "has_wool": "2024-09-19 05:39:25 +0000"
    },
    "done": false
  },
  "buildersdelight:recipes/misc/crimson_frame_1": {
    "criteria": {
      "has_wool": "2024-09-19 05:39:25 +0000"
    },
    "done": false
  },
  "buildersdelight:recipes/misc/crimson_frame_2": {
    "criteria": {
      "has_wool": "2024-09-19 05:39:25 +0000"
    },
    "done": false
  },
  "buildersdelight:recipes/misc/crimson_frame_3": {
    "criteria": {
      "has_wool": "2024-09-19 05:39:25 +0000"
    },
    "done": false
  },
  "create:recipes/building_blocks/crafting/kinetics/brown_seat": {
    "criteria": {
      "has_wool": "2024-09-19 05:39:25 +0000"
    },
    "done": false
  },
  "buildersdelight:recipes/misc/mangrove_frame_8": {
    "criteria": {
      "has_wool": "2024-09-19 05:39:25 +0000"
    },
    "done": false
  },
  "buildersdelight:recipes/misc/mangrove_frame_6": {
    "criteria": {
      "has_wool": "2024-09-19 05:39:25 +0000"
    },
    "done": false
  },
  "buildersdelight:recipes/misc/mangrove_frame_7": {
    "criteria": {
      "has_wool": "2024-09-19 05:39:25 +0000"
    },
    "done": false
  },
  "buildersdelight:recipes/misc/mangrove_frame_4": {
    "criteria": {
      "has_wool": "2024-09-19 05:39:25 +0000"
    },
    "done": false
  },
  "buildersdelight:recipes/misc/mangrove_frame_5": {
    "criteria": {
      "has_wool": "2024-09-19 05:39:25 +0000"
    },
    "done": false
  },
  "buildersdelight:recipes/misc/mangrove_frame_2": {
    "criteria": {
      "has_wool": "2024-09-19 05:39:25 +0000"
    },
    "done": false
  },
  "buildersdelight:recipes/misc/mangrove_frame_3": {
    "criteria": {
      "has_wool": "2024-09-19 05:39:25 +0000"
    },
    "done": false
  },
  "buildersdelight:recipes/misc/mangrove_frame_1": {
    "criteria": {
      "has_wool": "2024-09-19 05:39:25 +0000"
    },
    "done": false
  },
  "create:recipes/building_blocks/crafting/kinetics/gray_seat": {
    "criteria": {
      "has_wool": "2024-09-19 05:39:25 +0000"
    },
    "done": false
  },
  "minecraft:recipes/decorations/painting": {
    "criteria": {
      "has_wool": "2024-09-19 05:39:25 +0000"
    },
    "done": false
  },
  "create:recipes/building_blocks/crafting/kinetics/red_seat": {
    "criteria": {
      "has_wool": "2024-09-19 05:39:25 +0000"
    },
    "done": false
  },
  "create:recipes/building_blocks/crafting/kinetics/light_gray_seat": {
    "criteria": {
      "has_wool": "2024-09-19 05:39:25 +0000"
    },
    "done": false
  },
  "create:recipes/building_blocks/crafting/kinetics/orange_seat": {
    "criteria": {
      "has_wool": "2024-09-19 05:39:25 +0000"
    },
    "done": false
  },
  "buildersdelight:recipes/misc/spruce_frame_1": {
    "criteria": {
      "has_wool": "2024-09-19 05:39:25 +0000"
    },
    "done": false
  },
  "buildersdelight:recipes/misc/spruce_frame_2": {
    "criteria": {
      "has_wool": "2024-09-19 05:39:25 +0000"
    },
    "done": false
  },
  "buildersdelight:recipes/misc/spruce_frame_5": {
    "criteria": {
      "has_wool": "2024-09-19 05:39:25 +0000"
    },
    "done": false
  },
  "buildersdelight:recipes/misc/spruce_frame_6": {
    "criteria": {
      "has_wool": "2024-09-19 05:39:25 +0000"
    },
    "done": false
  },
  "buildersdelight:recipes/misc/spruce_frame_3": {
    "criteria": {
      "has_wool": "2024-09-19 05:39:25 +0000"
    },
    "done": false
  },
  "buildersdelight:recipes/misc/spruce_frame_4": {
    "criteria": {
      "has_wool": "2024-09-19 05:39:25 +0000"
    },
    "done": false
  },
  "buildersdelight:recipes/misc/spruce_frame_7": {
    "criteria": {
      "has_wool": "2024-09-19 05:39:25 +0000"
    },
    "done": false
  },
  "buildersdelight:recipes/misc/spruce_frame_8": {
    "criteria": {
      "has_wool": "2024-09-19 05:39:25 +0000"
    },
    "done": false
  },
  "travelersbackpack:recipes/decorations/white_sleeping_bag": {
    "criteria": {
      "has_white_wool": "2024-09-19 05:39:25 +0000"
    },
    "done": false
  },
  "buildersdelight:recipes/misc/oak_frame_6": {
    "criteria": {
      "has_wool": "2024-09-19 05:39:25 +0000"
    },
    "done": false
  },
  "buildersdelight:recipes/misc/oak_frame_7": {
    "criteria": {
      "has_wool": "2024-09-19 05:39:25 +0000"
    },
    "done": false
  },
  "buildersdelight:recipes/misc/oak_frame_8": {
    "criteria": {
      "has_wool": "2024-09-19 05:39:25 +0000"
    },
    "done": false
  },
  "buildersdelight:recipes/misc/jungle_frame_2": {
    "criteria": {
      "has_wool": "2024-09-19 05:39:25 +0000"
    },
    "done": false
  },
  "buildersdelight:recipes/misc/oak_frame_2": {
    "criteria": {
      "has_wool": "2024-09-19 05:39:25 +0000"
    },
    "done": false
  },
  "buildersdelight:recipes/misc/jungle_frame_3": {
    "criteria": {
      "has_wool": "2024-09-19 05:39:25 +0000"
    },
    "done": false
  },
  "buildersdelight:recipes/misc/oak_frame_3": {
    "criteria": {
      "has_wool": "2024-09-19 05:39:25 +0000"
    },
    "done": false
  },
  "buildersdelight:recipes/misc/oak_frame_4": {
    "criteria": {
      "has_wool": "2024-09-19 05:39:25 +0000"
    },
    "done": false
  },
  "buildersdelight:recipes/misc/jungle_frame_1": {
    "criteria": {
      "has_wool": "2024-09-19 05:39:25 +0000"
    },
    "done": false
  },
  "buildersdelight:recipes/misc/oak_frame_5": {
    "criteria": {
      "has_wool": "2024-09-19 05:39:25 +0000"
    },
    "done": false
  },
  "buildersdelight:recipes/misc/jungle_frame_6": {
    "criteria": {
      "has_wool": "2024-09-19 05:39:25 +0000"
    },
    "done": false
  },
  "buildersdelight:recipes/misc/jungle_frame_7": {
    "criteria": {
      "has_wool": "2024-09-19 05:39:25 +0000"
    },
    "done": false
  },
  "buildersdelight:recipes/misc/jungle_frame_4": {
    "criteria": {
      "has_wool": "2024-09-19 05:39:25 +0000"
    },
    "done": false
  },
  "buildersdelight:recipes/misc/jungle_frame_5": {
    "criteria": {
      "has_wool": "2024-09-19 05:39:25 +0000"
    },
    "done": false
  },
  "buildersdelight:recipes/misc/oak_frame_1": {
    "criteria": {
      "has_wool": "2024-09-19 05:39:25 +0000"
    },
    "done": false
  },
  "buildersdelight:recipes/misc/warped_frame_1": {
    "criteria": {
      "has_wool": "2024-09-19 05:39:25 +0000"
    },
    "done": false
  },
  "buildersdelight:recipes/misc/warped_frame_5": {
    "criteria": {
      "has_wool": "2024-09-19 05:39:25 +0000"
    },
    "done": false
  },
  "buildersdelight:recipes/misc/warped_frame_4": {
    "criteria": {
      "has_wool": "2024-09-19 05:39:25 +0000"
    },
    "done": false
  },
  "buildersdelight:recipes/misc/warped_frame_3": {
    "criteria": {
      "has_wool": "2024-09-19 05:39:25 +0000"
    },
    "done": false
  },
  "buildersdelight:recipes/misc/warped_frame_2": {
    "criteria": {
      "has_wool": "2024-09-19 05:39:25 +0000"
    },
    "done": false
  },
  "buildersdelight:recipes/misc/warped_frame_8": {
    "criteria": {
      "has_wool": "2024-09-19 05:39:25 +0000"
    },
    "done": false
  },
  "buildersdelight:recipes/misc/warped_frame_7": {
    "criteria": {
      "has_wool": "2024-09-19 05:39:25 +0000"
    },
    "done": false
  },
  "buildersdelight:recipes/misc/warped_frame_6": {
    "criteria": {
      "has_wool": "2024-09-19 05:39:25 +0000"
    },
    "done": false
  },
  "buildersdelight:recipes/misc/jungle_frame_8": {
    "criteria": {
      "has_wool": "2024-09-19 05:39:25 +0000"
    },
    "done": false
  },
  "create:recipes/building_blocks/crafting/kinetics/cyan_seat": {
    "criteria": {
      "has_wool": "2024-09-19 05:39:25 +0000"
    },
    "done": false
  },
  "minecraft:recipes/decorations/white_carpet": {
    "criteria": {
      "has_white_wool": "2024-09-19 05:39:25 +0000"
    },
    "done": false
  },
  "create:recipes/building_blocks/crafting/kinetics/pink_seat": {
    "criteria": {
      "has_wool": "2024-09-19 05:39:25 +0000"
    },
    "done": false
  },
  "create:recipes/building_blocks/crafting/kinetics/black_seat": {
    "criteria": {
      "has_wool": "2024-09-19 05:39:25 +0000"
    },
    "done": false
  },
  "immersive_armors:recipes/misc/robe": {
    "criteria": {
      "has_item": "2024-09-19 05:39:25 +0000"
    },
    "done": true
  },
  "minecraft:recipes/food/cooked_mutton": {
    "criteria": {
      "has_the_recipe": "2024-09-19 05:42:39 +0000",
      "has_mutton": "2024-09-19 05:39:25 +0000"
    },
    "done": true
  },
  "minecraft:recipes/decorations/white_banner": {
    "criteria": {
      "has_white_wool": "2024-09-19 05:39:25 +0000"
    },
    "done": false
  },
  "minecraft:recipes/food/cooked_mutton_from_campfire_cooking": {
    "criteria": {
      "has_mutton": "2024-09-19 05:39:25 +0000"
    },
    "done": false
  },
  "create:recipes/building_blocks/crafting/kinetics/white_seat": {
    "criteria": {
      "has_wool": "2024-09-19 05:39:25 +0000"
    },
    "done": false
  },
  "create:recipes/building_blocks/crafting/kinetics/lime_seat": {
    "criteria": {
      "has_wool": "2024-09-19 05:39:25 +0000"
    },
    "done": false
  },
  "create:recipes/building_blocks/crafting/kinetics/yellow_seat": {
    "criteria": {
      "has_wool": "2024-09-19 05:39:25 +0000"
    },
    "done": false
  },
  "travelersbackpack:recipes/misc/standard": {
    "criteria": {
      "has_chest": "2024-09-19 05:40:49 +0000"
    },
    "done": false
  },
  "travelersbackpack:recipes/misc/blank_upgrade": {
    "criteria": {
      "has_chest": "2024-09-19 05:40:49 +0000"
    },
    "done": false
  },
  "aether:recipes/tools/stone_shovel_repairing": {
    "criteria": {
      "has_stone_shovel": "2024-09-19 05:41:04 +0000"
    },
    "done": false
  },
  "aether:recipes/combat/stone_sword_repairing": {
    "criteria": {
      "has_stone_sword": "2024-09-19 05:42:32 +0000"
    },
    "done": false
  },
  "minecraft:recipes/decorations/gray_carpet": {
    "criteria": {
      "has_gray_wool": "2024-09-19 05:47:01 +0000"
    },
    "done": false
  },
  "travelersbackpack:recipes/decorations/gray_sleeping_bag": {
    "criteria": {
      "has_gray_wool": "2024-09-19 05:47:01 +0000"
    },
    "done": false
  },
  "minecraft:recipes/decorations/gray_banner": {
    "criteria": {
      "has_gray_wool": "2024-09-19 05:47:01 +0000"
    },
    "done": false
  },
  "minecraft:recipes/decorations/gray_bed": {
    "criteria": {
      "has_gray_wool": "2024-09-19 05:47:01 +0000"
    },
    "done": false
  },
  "minecraft:recipes/building_blocks/red_concrete_powder": {
    "criteria": {
      "has_gravel": "2024-09-19 05:49:21 +0000"
    },
    "done": false
  },
  "minecraft:recipes/building_blocks/green_concrete_powder": {
    "criteria": {
      "has_gravel": "2024-09-19 05:49:21 +0000"
    },
    "done": false
  },
  "minecraft:recipes/building_blocks/blue_concrete_powder": {
    "criteria": {
      "has_gravel": "2024-09-19 05:49:21 +0000"
    },
    "done": false
  },
  "minecraft:recipes/building_blocks/lime_concrete_powder": {
    "criteria": {
      "has_gravel": "2024-09-19 05:49:21 +0000"
    },
    "done": false
  },
  "minecraft:recipes/building_blocks/orange_concrete_powder": {
    "criteria": {
      "has_gravel": "2024-09-19 05:49:21 +0000"
    },
    "done": false
  },
  "minecraft:recipes/building_blocks/magenta_concrete_powder": {
    "criteria": {
      "has_gravel": "2024-09-19 05:49:21 +0000"
    },
    "done": false
  },
  "minecraft:recipes/building_blocks/black_concrete_powder": {
    "criteria": {
      "has_gravel": "2024-09-19 05:49:21 +0000"
    },
    "done": false
  },
  "minecraft:recipes/building_blocks/purple_concrete_powder": {
    "criteria": {
      "has_gravel": "2024-09-19 05:49:21 +0000"
    },
    "done": false
  },
  "minecraft:recipes/building_blocks/cyan_concrete_powder": {
    "criteria": {
      "has_gravel": "2024-09-19 05:49:21 +0000"
    },
    "done": false
  },
  "minecraft:recipes/building_blocks/coarse_dirt": {
    "criteria": {
      "has_gravel": "2024-09-19 05:49:21 +0000"
    },
    "done": false
  },
  "minecraft:recipes/building_blocks/light_gray_concrete_powder": {
    "criteria": {
      "has_gravel": "2024-09-19 05:49:21 +0000"
    },
    "done": false
  },
  "minecraft:recipes/building_blocks/pink_concrete_powder": {
    "criteria": {
      "has_gravel": "2024-09-19 05:49:21 +0000"
    },
    "done": false
  },
  "minecraft:recipes/building_blocks/brown_concrete_powder": {
    "criteria": {
      "has_gravel": "2024-09-19 05:49:21 +0000"
    },
    "done": false
  },
  "minecraft:recipes/building_blocks/light_blue_concrete_powder": {
    "criteria": {
      "has_gravel": "2024-09-19 05:49:21 +0000"
    },
    "done": false
  },
  "minecraft:recipes/building_blocks/white_concrete_powder": {
    "criteria": {
      "has_gravel": "2024-09-19 05:49:21 +0000"
    },
    "done": false
  },
  "minecraft:recipes/building_blocks/yellow_concrete_powder": {
    "criteria": {
      "has_gravel": "2024-09-19 05:49:21 +0000"
    },
    "done": false
  },
  "minecraft:recipes/building_blocks/gray_concrete_powder": {
    "criteria": {
      "has_gravel": "2024-09-19 05:49:21 +0000"
    },
    "done": false
  },
  "minecraft:recipes/building_blocks/emerald_block": {
    "criteria": {
      "has_emerald": "2024-09-19 05:53:04 +0000"
    },
    "done": false
  },
  "travelersbackpack:recipes/misc/emerald": {
    "criteria": {
      "has_emerald": "2024-09-19 05:53:04 +0000"
    },
    "done": false
  },
  "minecraft:recipes/redstone/target": {
    "criteria": {
      "has_hay_block": "2024-09-19 05:53:13 +0000",
      "has_redstone": "2024-09-19 06:11:31 +0000"
    },
    "done": false
  },
  "travelersbackpack:recipes/misc/pumpkin": {
    "criteria": {
      "has_pumpkin": "2024-09-19 05:53:13 +0000"
    },
    "done": false
  },
  "minecraft:recipes/food/pumpkin_pie": {
    "criteria": {
      "has_pumpkin": "2024-09-19 05:53:13 +0000"
    },
    "done": false
  },
  "minecraft:recipes/misc/pumpkin_seeds": {
    "criteria": {
      "has_pumpkin": "2024-09-19 05:53:13 +0000"
    },
    "done": false
  },
  "minecraft:recipes/food/pumpkin_seeds": {
    "criteria": {
      "has_pumpkin": "2024-09-19 05:53:13 +0000"
    },
    "done": false
  },
  "minecraft:recipes/misc/lime_dye_from_smelting": {
    "criteria": {
      "has_sea_pickle": "2024-09-19 05:53:13 +0000"
    },
    "done": false
  },
  "minecraft:recipes/misc/wheat": {
    "criteria": {
      "has_hay_block": "2024-09-19 05:53:13 +0000",
      "has_the_recipe": "2024-09-19 05:56:28 +0000"
    },
    "done": true
  },
  "aether:recipes/food/moa_egg_pumpkin_pie": {
    "criteria": {
      "has_pumpkin": "2024-09-19 05:53:13 +0000"
    },
    "done": false
  },
  "travelersbackpack:recipes/misc/skeleton": {
    "criteria": {
      "has_arrow": "2024-09-19 05:54:20 +0000"
    },
    "done": false
  },
  "minecraft:recipes/misc/bone_meal": {
    "criteria": {
      "has_bone": "2024-09-19 05:54:20 +0000"
    },
    "done": false
  },
  "travelersbackpack:recipes/misc/wolf": {
    "criteria": {
      "has_bone": "2024-09-19 05:54:20 +0000"
    },
    "done": false
  },
  "immersive_armors:recipes/misc/bone": {
    "criteria": {
      "has_item": "2024-09-19 05:54:20 +0000"
    },
    "done": true
  },
  "aether:recipes/combat/shield_repairing": {
    "criteria": {
      "has_shield": "2024-09-19 05:56:07 +0000"
    },
    "done": false
  },
  "minecraft:recipes/food/bread": {
    "criteria": {
      "has_wheat": "2024-09-19 05:56:28 +0000",
      "has_the_recipe": "2024-09-19 05:56:30 +0000"
    },
    "done": true
  },
  "minecraft:recipes/building_blocks/hay_block": {
    "criteria": {
      "has_wheat": "2024-09-19 05:56:28 +0000"
    },
    "done": false
  },
  "travelersbackpack:recipes/misc/hay": {
    "criteria": {
      "has_wheat": "2024-09-19 05:56:28 +0000"
    },
    "done": false
  },
  "minecraft:recipes/misc/copper_ingot_from_blasting_raw_copper": {
    "criteria": {
      "has_raw_copper": "2024-09-19 05:59:41 +0000",
      "has_the_recipe": "2024-09-19 06:41:10 +0000"
    },
    "done": true
  },
  "minecraft:recipes/building_blocks/raw_copper_block": {
    "criteria": {
      "has_raw_copper": "2024-09-19 05:59:41 +0000"
    },
    "done": false
  },
  "minecraft:recipes/misc/copper_ingot_from_smelting_raw_copper": {
    "criteria": {
      "has_raw_copper": "2024-09-19 05:59:41 +0000"
    },
    "done": false
  },
  "aether:recipes/decorations/skyroot_loom": {
    "criteria": {
      "has_string": "2024-09-19 06:02:04 +0000"
    },
    "done": false
  },
  "minecraft:recipes/redstone/tripwire_hook": {
    "criteria": {
      "has_string": "2024-09-19 06:02:04 +0000"
    },
    "done": false
  },
  "minecraft:recipes/decorations/candle": {
    "criteria": {
      "has_string": "2024-09-19 06:02:04 +0000"
    },
    "done": false
  },
  "aether:recipes/redstone/skyroot_tripwire_hook": {
    "criteria": {
      "has_string": "2024-09-19 06:02:04 +0000"
    },
    "done": false
  },
  "minecraft:recipes/combat/bow": {
    "criteria": {
      "has_string": "2024-09-19 06:02:04 +0000",
      "has_the_recipe": "2024-09-20 00:16:15 +0000"
    },
    "done": true
  },
  "minecraft:recipes/tools/fishing_rod": {
    "criteria": {
      "has_string": "2024-09-19 06:02:04 +0000"
    },
    "done": false
  },
  "travelersbackpack:recipes/misc/spider": {
    "criteria": {
      "has_string": "2024-09-19 06:02:04 +0000"
    },
    "done": false
  },
  "minecraft:recipes/building_blocks/white_wool_from_string": {
    "criteria": {
      "has_string": "2024-09-19 06:02:04 +0000",
      "has_the_recipe": "2024-09-20 00:19:11 +0000"
    },
    "done": true
  },
  "minecraft:recipes/decorations/loom": {
    "criteria": {
      "has_string": "2024-09-19 06:02:04 +0000"
    },
    "done": false
  },
  "minecraft:recipes/transportation/activator_rail": {
    "criteria": {
      "has_rail": "2024-09-19 06:04:18 +0000"
    },
    "done": false
  },
  "minecraft:recipes/transportation/powered_rail": {
    "criteria": {
      "has_rail": "2024-09-19 06:04:18 +0000"
    },
    "done": false
  },
  "minecraft:recipes/transportation/detector_rail": {
    "criteria": {
      "has_rail": "2024-09-19 06:04:18 +0000"
    },
    "done": false
  },
  "create:recipes/building_blocks/polished_cut_andesite_stairs_from_stone_types_andesite_stonecutting": {
    "criteria": {
      "has_stone_types_andesite": "2024-09-19 06:11:04 +0000"
    },
    "done": false
  },
  "create:recipes/building_blocks/cut_andesite_slab_from_stone_types_andesite_stonecutting": {
    "criteria": {
      "has_stone_types_andesite": "2024-09-19 06:11:04 +0000"
    },
    "done": false
  },
  "create:recipes/building_blocks/small_andesite_brick_slab_from_stone_types_andesite_stonecutting": {
    "criteria": {
      "has_stone_types_andesite": "2024-09-19 06:11:04 +0000"
    },
    "done": false
  },
  "minecraft:recipes/building_blocks/andesite_stairs": {
    "criteria": {
      "has_andesite": "2024-09-19 06:11:04 +0000"
    },
    "done": false
  },
  "create:recipes/building_blocks/small_andesite_brick_stairs_from_stone_types_andesite_stonecutting": {
    "criteria": {
      "has_stone_types_andesite": "2024-09-19 06:11:04 +0000"
    },
    "done": false
  },
  "create:recipes/building_blocks/cut_andesite_bricks_from_stone_types_andesite_stonecutting": {
    "criteria": {
      "has_stone_types_andesite": "2024-09-19 06:11:04 +0000"
    },
    "done": false
  },
  "create:recipes/building_blocks/small_andesite_bricks_from_stone_types_andesite_stonecutting": {
    "criteria": {
      "has_stone_types_andesite": "2024-09-19 06:11:04 +0000"
    },
    "done": false
  },
  "minecraft:recipes/building_blocks/polished_andesite_from_andesite_stonecutting": {
    "criteria": {
      "has_andesite": "2024-09-19 06:11:04 +0000"
    },
    "done": false
  },
  "create:recipes/building_blocks/polished_cut_andesite_from_stone_types_andesite_stonecutting": {
    "criteria": {
      "has_stone_types_andesite": "2024-09-19 06:11:04 +0000"
    },
    "done": false
  },
  "create:recipes/building_blocks/cut_andesite_wall_from_stone_types_andesite_stonecutting": {
    "criteria": {
      "has_stone_types_andesite": "2024-09-19 06:11:04 +0000"
    },
    "done": false
  },
  "create:recipes/building_blocks/small_andesite_brick_wall_from_stone_types_andesite_stonecutting": {
    "criteria": {
      "has_stone_types_andesite": "2024-09-19 06:11:04 +0000"
    },
    "done": false
  },
  "minecraft:recipes/building_blocks/polished_andesite_stairs_from_andesite_stonecutting": {
    "criteria": {
      "has_andesite": "2024-09-19 06:11:04 +0000"
    },
    "done": false
  },
  "create:recipes/building_blocks/cut_andesite_brick_slab_from_stone_types_andesite_stonecutting": {
    "criteria": {
      "has_stone_types_andesite": "2024-09-19 06:11:04 +0000"
    },
    "done": false
  },
  "create:recipes/building_blocks/layered_andesite_from_stone_types_andesite_stonecutting": {
    "criteria": {
      "has_stone_types_andesite": "2024-09-19 06:11:04 +0000"
    },
    "done": false
  },
  "minecraft:recipes/decorations/andesite_wall_from_andesite_stonecutting": {
    "criteria": {
      "has_andesite": "2024-09-19 06:11:04 +0000"
    },
    "done": false
  },
  "create:recipes/building_blocks/andesite_from_stone_types_andesite_stonecutting": {
    "criteria": {
      "has_stone_types_andesite": "2024-09-19 06:11:04 +0000"
    },
    "done": false
  },
  "create:recipes/building_blocks/cut_andesite_from_stone_types_andesite_stonecutting": {
    "criteria": {
      "has_stone_types_andesite": "2024-09-19 06:11:04 +0000"
    },
    "done": false
  },
  "minecraft:recipes/building_blocks/polished_andesite_slab_from_andesite_stonecutting": {
    "criteria": {
      "has_andesite": "2024-09-19 06:11:04 +0000"
    },
    "done": false
  },
  "minecraft:recipes/building_blocks/andesite_slab_from_andesite_stonecutting": {
    "criteria": {
      "has_andesite": "2024-09-19 06:11:04 +0000"
    },
    "done": false
  },
  "create:recipes/building_blocks/polished_cut_andesite_slab_from_stone_types_andesite_stonecutting": {
    "criteria": {
      "has_stone_types_andesite": "2024-09-19 06:11:04 +0000"
    },
    "done": false
  },
  "minecraft:recipes/building_blocks/andesite_stairs_from_andesite_stonecutting": {
    "criteria": {
      "has_andesite": "2024-09-19 06:11:04 +0000"
    },
    "done": false
  },
  "create:recipes/building_blocks/cut_andesite_brick_wall_from_stone_types_andesite_stonecutting": {
    "criteria": {
      "has_stone_types_andesite": "2024-09-19 06:11:04 +0000"
    },
    "done": false
  },
  "create:recipes/building_blocks/andesite_pillar_from_stone_types_andesite_stonecutting": {
    "criteria": {
      "has_stone_types_andesite": "2024-09-19 06:11:04 +0000"
    },
    "done": false
  },
  "create:recipes/building_blocks/cut_andesite_stairs_from_stone_types_andesite_stonecutting": {
    "criteria": {
      "has_stone_types_andesite": "2024-09-19 06:11:04 +0000"
    },
    "done": false
  },
  "create:recipes/building_blocks/polished_cut_andesite_wall_from_stone_types_andesite_stonecutting": {
    "criteria": {
      "has_stone_types_andesite": "2024-09-19 06:11:04 +0000"
    },
    "done": false
  },
  "create:recipes/building_blocks/cut_andesite_brick_stairs_from_stone_types_andesite_stonecutting": {
    "criteria": {
      "has_stone_types_andesite": "2024-09-19 06:11:04 +0000"
    },
    "done": false
  },
  "minecraft:recipes/building_blocks/polished_andesite": {
    "criteria": {
      "has_andesite": "2024-09-19 06:11:04 +0000"
    },
    "done": false
  },
  "minecraft:recipes/decorations/andesite_wall": {
    "criteria": {
      "has_andesite": "2024-09-19 06:11:04 +0000"
    },
    "done": false
  },
  "minecraft:recipes/building_blocks/andesite_slab": {
    "criteria": {
      "has_andesite": "2024-09-19 06:11:04 +0000"
    },
    "done": false
  },
  "minecraft:recipes/redstone/redstone_torch": {
    "criteria": {
      "has_redstone": "2024-09-19 06:11:31 +0000"
    },
    "done": false
  },
  "create:recipes/misc/crafting/logistics/pulse_extender": {
    "criteria": {
      "has_item": "2024-09-19 06:11:31 +0000"
    },
    "done": false
  },
  "aether:recipes/redstone/skyroot_piston": {
    "criteria": {
      "has_redstone": "2024-09-19 06:11:31 +0000"
    },
    "done": false
  },
  "aether:recipes/redstone/skyroot_note_block": {
    "criteria": {
      "has_redstone": "2024-09-19 06:11:31 +0000"
    },
    "done": false
  },
  "create:recipes/misc/crafting/logistics/pulse_repeater": {
    "criteria": {
      "has_item": "2024-09-19 06:11:31 +0000"
    },
    "done": false
  },
  "minecraft:recipes/tools/compass": {
    "criteria": {
      "has_redstone": "2024-09-19 06:11:31 +0000"
    },
    "done": false
  },
  "minecraft:recipes/redstone/redstone_block": {
    "criteria": {
      "has_redstone": "2024-09-19 06:11:31 +0000"
    },
    "done": false
  },
  "minecraft:recipes/tools/clock": {
    "criteria": {
      "has_redstone": "2024-09-19 06:11:31 +0000"
    },
    "done": false
  },
  "create:recipes/misc/crafting/logistics/powered_latch": {
    "criteria": {
      "has_item": "2024-09-19 06:11:31 +0000"
    },
    "done": false
  },
  "minecraft:recipes/redstone/note_block": {
    "criteria": {
      "has_redstone": "2024-09-19 06:11:31 +0000"
    },
    "done": false
  },
  "travelersbackpack:recipes/misc/redstone": {
    "criteria": {
      "has_redstone": "2024-09-19 06:11:31 +0000"
    },
    "done": false
  },
  "create:recipes/misc/crafting/logistics/powered_toggle_latch": {
    "criteria": {
      "has_item": "2024-09-19 06:11:31 +0000"
    },
    "done": false
  },
  "minecraft:recipes/redstone/dropper": {
    "criteria": {
      "has_redstone": "2024-09-19 06:11:31 +0000"
    },
    "done": false
  },
  "create:recipes/misc/crafting/materials/rose_quartz": {
    "criteria": {
      "has_item": "2024-09-19 06:11:31 +0000"
    },
    "done": false
  },
  "minecraft:recipes/redstone/piston": {
    "criteria": {
      "has_redstone": "2024-09-19 06:11:31 +0000"
    },
    "done": false
  },
  "minecraft:recipes/tools/golden_axe": {
    "criteria": {
      "has_gold_ingot": "2024-09-19 06:14:25 +0000"
    },
    "done": false
  },
  "minecraft:recipes/tools/golden_pickaxe": {
    "criteria": {
      "has_gold_ingot": "2024-09-19 06:14:25 +0000"
    },
    "done": false
  },
  "minecraft:recipes/misc/gold_nugget": {
    "criteria": {
      "has_gold_ingot": "2024-09-19 06:14:25 +0000"
    },
    "done": false
  },
  "minecraft:recipes/tools/golden_shovel": {
    "criteria": {
      "has_gold_ingot": "2024-09-19 06:14:25 +0000"
    },
    "done": false
  },
  "minecraft:recipes/food/golden_apple": {
    "criteria": {
      "has_gold_ingot": "2024-09-19 06:14:25 +0000"
    },
    "done": false
  },
  "minecraft:recipes/combat/golden_boots": {
    "criteria": {
      "has_gold_ingot": "2024-09-19 06:14:25 +0000"
    },
    "done": false
  },
  "minecraft:recipes/combat/golden_chestplate": {
    "criteria": {
      "has_gold_ingot": "2024-09-19 06:14:25 +0000"
    },
    "done": false
  },
  "travelersbackpack:recipes/misc/gold": {
    "criteria": {
      "has_gold_ingot": "2024-09-19 06:14:25 +0000"
    },
    "done": false
  },
  "minecraft:recipes/redstone/light_weighted_pressure_plate": {
    "criteria": {
      "has_gold_ingot": "2024-09-19 06:14:25 +0000"
    },
    "done": false
  },
  "aether:recipes/combat/golden_ring": {
    "criteria": {
      "has_gold_ingot": "2024-09-19 06:14:25 +0000"
    },
    "done": false
  },
  "minecraft:recipes/combat/golden_sword": {
    "criteria": {
      "has_gold_ingot": "2024-09-19 06:14:25 +0000"
    },
    "done": false
  },
  "minecraft:recipes/building_blocks/gold_block": {
    "criteria": {
      "has_gold_ingot": "2024-09-19 06:14:25 +0000"
    },
    "done": false
  },
  "minecraft:recipes/combat/golden_helmet": {
    "criteria": {
      "has_gold_ingot": "2024-09-19 06:14:25 +0000"
    },
    "done": false
  },
  "aether:recipes/combat/golden_gloves": {
    "criteria": {
      "has_gold": "2024-09-19 06:14:25 +0000"
    },
    "done": false
  },
  "travelersbackpack:recipes/misc/gold_tier_upgrade": {
    "criteria": {
      "has_gold_ingot": "2024-09-19 06:14:25 +0000"
    },
    "done": false
  },
  "minecraft:recipes/tools/golden_hoe": {
    "criteria": {
      "has_gold_ingot": "2024-09-19 06:14:25 +0000"
    },
    "done": false
  },
  "aether:recipes/combat/golden_pendant": {
    "criteria": {
      "has_gold_ingot": "2024-09-19 06:14:25 +0000"
    },
    "done": false
  },
  "minecraft:recipes/combat/golden_leggings": {
    "criteria": {
      "has_gold_ingot": "2024-09-19 06:14:25 +0000"
    },
    "done": false
  },
  "buildersdelight:recipes/misc/oak_slab_2": {
    "criteria": {
      "has_planks": "2024-09-19 06:15:14 +0000"
    },
    "done": false
  },
  "buildersdelight:recipes/misc/oak_slab_1": {
    "criteria": {
      "has_planks": "2024-09-19 06:15:14 +0000"
    },
    "done": false
  },
  "minecraft:recipes/decorations/oak_sign": {
    "criteria": {
      "has_planks": "2024-09-19 06:15:14 +0000"
    },
    "done": false
  },
  "buildersdelight:recipes/misc/oak_slab_7": {
    "criteria": {
      "has_planks": "2024-09-19 06:15:14 +0000"
    },
    "done": false
  },
  "buildersdelight:recipes/misc/oak_slab_4": {
    "criteria": {
      "has_planks": "2024-09-19 06:15:14 +0000"
    },
    "done": false
  },
  "buildersdelight:recipes/misc/oak_slab_3": {
    "criteria": {
      "has_planks": "2024-09-19 06:15:14 +0000"
    },
    "done": false
  },
  "buildersdelight:recipes/misc/oak_slab_6": {
    "criteria": {
      "has_planks": "2024-09-19 06:15:14 +0000"
    },
    "done": false
  },
  "buildersdelight:recipes/misc/oak_slab_5": {
    "criteria": {
      "has_planks": "2024-09-19 06:15:14 +0000"
    },
    "done": false
  },
  "buildersdelight:recipes/misc/oak_stairs_1": {
    "criteria": {
      "has_planks": "2024-09-19 06:15:14 +0000"
    },
    "done": false
  },
  "buildersdelight:recipes/misc/oak_stairs_2": {
    "criteria": {
      "has_planks": "2024-09-19 06:15:14 +0000"
    },
    "done": false
  },
  "buildersdelight:recipes/misc/oak_stairs_5": {
    "criteria": {
      "has_planks": "2024-09-19 06:15:14 +0000"
    },
    "done": false
  },
  "buildersdelight:recipes/misc/oak_stairs_6": {
    "criteria": {
      "has_planks": "2024-09-19 06:15:14 +0000"
    },
    "done": false
  },
  "buildersdelight:recipes/misc/oak_stairs_3": {
    "criteria": {
      "has_planks": "2024-09-19 06:15:14 +0000"
    },
    "done": false
  },
  "buildersdelight:recipes/misc/oak_stairs_4": {
    "criteria": {
      "has_planks": "2024-09-19 06:15:14 +0000"
    },
    "done": false
  },
  "buildersdelight:recipes/misc/oak_stairs_7": {
    "criteria": {
      "has_planks": "2024-09-19 06:15:14 +0000"
    },
    "done": false
  },
  "minecraft:recipes/building_blocks/oak_slab": {
    "criteria": {
      "has_planks": "2024-09-19 06:15:14 +0000"
    },
    "done": false
  },
  "minecraft:recipes/redstone/oak_fence_gate": {
    "criteria": {
      "has_planks": "2024-09-19 06:15:14 +0000"
    },
    "done": false
  },
  "minecraft:recipes/redstone/oak_door": {
    "criteria": {
      "has_planks": "2024-09-19 06:15:14 +0000"
    },
    "done": false
  },
  "minecraft:recipes/redstone/oak_trapdoor": {
    "criteria": {
      "has_planks": "2024-09-19 06:15:14 +0000"
    },
    "done": false
  },
  "minecraft:recipes/building_blocks/oak_stairs": {
    "criteria": {
      "has_planks": "2024-09-19 06:15:14 +0000"
    },
    "done": false
  },
  "minecraft:recipes/decorations/oak_fence": {
    "criteria": {
      "has_planks": "2024-09-19 06:15:14 +0000"
    },
    "done": false
  },
  "minecraft:recipes/redstone/oak_button": {
    "criteria": {
      "has_planks": "2024-09-19 06:15:14 +0000"
    },
    "done": false
  },
  "minecraft:recipes/redstone/oak_pressure_plate": {
    "criteria": {
      "has_planks": "2024-09-19 06:15:14 +0000"
    },
    "done": false
  },
  "create:recipes/building_blocks/oak_window": {
    "criteria": {
      "has_ingredient": "2024-09-19 06:15:14 +0000"
    },
    "done": false
  },
  "create:recipes/building_blocks/granite_from_stone_types_granite_stonecutting": {
    "criteria": {
      "has_stone_types_granite": "2024-09-19 06:21:42 +0000"
    },
    "done": false
  },
  "create:recipes/building_blocks/cut_granite_brick_slab_from_stone_types_granite_stonecutting": {
    "criteria": {
      "has_stone_types_granite": "2024-09-19 06:21:42 +0000"
    },
    "done": false
  },
  "minecraft:recipes/building_blocks/granite_slab_from_granite_stonecutting": {
    "criteria": {
      "has_granite": "2024-09-19 06:21:42 +0000"
    },
    "done": false
  },
  "create:recipes/building_blocks/cut_granite_slab_from_stone_types_granite_stonecutting": {
    "criteria": {
      "has_stone_types_granite": "2024-09-19 06:21:42 +0000"
    },
    "done": false
  },
  "minecraft:recipes/decorations/granite_wall_from_granite_stonecutting": {
    "criteria": {
      "has_granite": "2024-09-19 06:21:42 +0000"
    },
    "done": false
  },
  "create:recipes/building_blocks/small_granite_brick_stairs_from_stone_types_granite_stonecutting": {
    "criteria": {
      "has_stone_types_granite": "2024-09-19 06:21:42 +0000"
    },
    "done": false
  },
  "minecraft:recipes/building_blocks/polished_granite_from_granite_stonecutting": {
    "criteria": {
      "has_granite": "2024-09-19 06:21:42 +0000"
    },
    "done": false
  },
  "minecraft:recipes/building_blocks/granite_slab": {
    "criteria": {
      "has_granite": "2024-09-19 06:21:42 +0000"
    },
    "done": false
  },
  "create:recipes/building_blocks/cut_granite_from_stone_types_granite_stonecutting": {
    "criteria": {
      "has_stone_types_granite": "2024-09-19 06:21:42 +0000"
    },
    "done": false
  },
  "create:recipes/building_blocks/cut_granite_brick_stairs_from_stone_types_granite_stonecutting": {
    "criteria": {
      "has_stone_types_granite": "2024-09-19 06:21:42 +0000"
    },
    "done": false
  },
  "create:recipes/building_blocks/polished_cut_granite_from_stone_types_granite_stonecutting": {
    "criteria": {
      "has_stone_types_granite": "2024-09-19 06:21:42 +0000"
    },
    "done": false
  },
  "minecraft:recipes/building_blocks/granite_stairs": {
    "criteria": {
      "has_granite": "2024-09-19 06:21:42 +0000"
    },
    "done": false
  },
  "minecraft:recipes/building_blocks/granite_stairs_from_granite_stonecutting": {
    "criteria": {
      "has_granite": "2024-09-19 06:21:42 +0000"
    },
    "done": false
  },
  "minecraft:recipes/decorations/granite_wall": {
    "criteria": {
      "has_granite": "2024-09-19 06:21:42 +0000"
    },
    "done": false
  },
  "minecraft:recipes/building_blocks/polished_granite_slab_from_granite_stonecutting": {
    "criteria": {
      "has_granite": "2024-09-19 06:21:42 +0000"
    },
    "done": false
  },
  "create:recipes/building_blocks/granite_pillar_from_stone_types_granite_stonecutting": {
    "criteria": {
      "has_stone_types_granite": "2024-09-19 06:21:42 +0000"
    },
    "done": false
  },
  "create:recipes/building_blocks/polished_cut_granite_wall_from_stone_types_granite_stonecutting": {
    "criteria": {
      "has_stone_types_granite": "2024-09-19 06:21:42 +0000"
    },
    "done": false
  },
  "minecraft:recipes/building_blocks/polished_granite_stairs_from_granite_stonecutting": {
    "criteria": {
      "has_granite": "2024-09-19 06:21:42 +0000"
    },
    "done": false
  },
  "create:recipes/building_blocks/cut_granite_brick_wall_from_stone_types_granite_stonecutting": {
    "criteria": {
      "has_stone_types_granite": "2024-09-19 06:21:42 +0000"
    },
    "done": false
  },
  "create:recipes/building_blocks/polished_cut_granite_stairs_from_stone_types_granite_stonecutting": {
    "criteria": {
      "has_stone_types_granite": "2024-09-19 06:21:42 +0000"
    },
    "done": false
  },
  "create:recipes/building_blocks/layered_granite_from_stone_types_granite_stonecutting": {
    "criteria": {
      "has_stone_types_granite": "2024-09-19 06:21:42 +0000"
    },
    "done": false
  },
  "create:recipes/building_blocks/small_granite_brick_wall_from_stone_types_granite_stonecutting": {
    "criteria": {
      "has_stone_types_granite": "2024-09-19 06:21:42 +0000"
    },
    "done": false
  },
  "create:recipes/building_blocks/polished_cut_granite_slab_from_stone_types_granite_stonecutting": {
    "criteria": {
      "has_stone_types_granite": "2024-09-19 06:21:42 +0000"
    },
    "done": false
  },
  "create:recipes/building_blocks/cut_granite_bricks_from_stone_types_granite_stonecutting": {
    "criteria": {
      "has_stone_types_granite": "2024-09-19 06:21:42 +0000"
    },
    "done": false
  },
  "create:recipes/building_blocks/cut_granite_wall_from_stone_types_granite_stonecutting": {
    "criteria": {
      "has_stone_types_granite": "2024-09-19 06:21:42 +0000"
    },
    "done": false
  },
  "create:recipes/building_blocks/small_granite_brick_slab_from_stone_types_granite_stonecutting": {
    "criteria": {
      "has_stone_types_granite": "2024-09-19 06:21:42 +0000"
    },
    "done": false
  },
  "create:recipes/building_blocks/cut_granite_stairs_from_stone_types_granite_stonecutting": {
    "criteria": {
      "has_stone_types_granite": "2024-09-19 06:21:42 +0000"
    },
    "done": false
  },
  "create:recipes/building_blocks/small_granite_bricks_from_stone_types_granite_stonecutting": {
    "criteria": {
      "has_stone_types_granite": "2024-09-19 06:21:42 +0000"
    },
    "done": false
  },
  "minecraft:recipes/building_blocks/polished_granite": {
    "criteria": {
      "has_granite": "2024-09-19 06:21:42 +0000"
    },
    "done": false
  },
  "twilightforest:recipes/transportation/sorting_chest_boat": {
    "criteria": {
      "has_boat": "2024-09-19 06:27:32 +0000"
    },
    "done": false
  },
  "minecraft:recipes/transportation/spruce_chest_boat": {
    "criteria": {
      "has_boat": "2024-09-19 06:27:32 +0000"
    },
    "done": false
  },
  "minecraft:recipes/transportation/jungle_chest_boat": {
    "criteria": {
      "has_boat": "2024-09-19 06:27:32 +0000"
    },
    "done": false
  },
  "minecraft:recipes/transportation/mangrove_chest_boat": {
    "criteria": {
      "has_boat": "2024-09-19 06:27:32 +0000"
    },
    "done": false
  },
  "twilightforest:recipes/transportation/mining_chest_boat": {
    "criteria": {
      "has_boat": "2024-09-19 06:27:32 +0000"
    },
    "done": false
  },
  "minecraft:recipes/transportation/oak_chest_boat": {
    "criteria": {
      "has_boat": "2024-09-19 06:27:32 +0000"
    },
    "done": false
  },
  "deeperdarker:recipes/transportation/bloom_chest_boat": {
    "criteria": {
      "has_boat": "2024-09-19 06:27:32 +0000"
    },
    "done": false
  },
  "twilightforest:recipes/transportation/mangrove_chest_boat": {
    "criteria": {
      "has_boat": "2024-09-19 06:27:32 +0000"
    },
    "done": false
  },
  "deeperdarker:recipes/transportation/echo_chest_boat": {
    "criteria": {
      "has_boat": "2024-09-19 06:27:32 +0000"
    },
    "done": false
  },
  "minecraft:recipes/transportation/bamboo_chest_raft": {
    "criteria": {
      "has_boat": "2024-09-19 06:27:32 +0000"
    },
    "done": false
  },
  "twilightforest:recipes/transportation/dark_chest_boat": {
    "criteria": {
      "has_boat": "2024-09-19 06:27:32 +0000"
    },
    "done": false
  },
  "twilightforest:recipes/transportation/transformation_chest_boat": {
    "criteria": {
      "has_boat": "2024-09-19 06:27:32 +0000"
    },
    "done": false
  },
  "twilightforest:recipes/transportation/canopy_chest_boat": {
    "criteria": {
      "has_boat": "2024-09-19 06:27:32 +0000"
    },
    "done": false
  },
  "twilightforest:recipes/transportation/time_chest_boat": {
    "criteria": {
      "has_boat": "2024-09-19 06:27:32 +0000"
    },
    "done": false
  },
  "minecraft:recipes/transportation/acacia_chest_boat": {
    "criteria": {
      "has_boat": "2024-09-19 06:27:32 +0000"
    },
    "done": false
  },
  "minecraft:recipes/transportation/cherry_chest_boat": {
    "criteria": {
      "has_boat": "2024-09-19 06:27:32 +0000"
    },
    "done": false
  },
  "minecraft:recipes/transportation/birch_chest_boat": {
    "criteria": {
      "has_boat": "2024-09-19 06:27:32 +0000"
    },
    "done": false
  },
  "twilightforest:recipes/transportation/twilight_oak_chest_boat": {
    "criteria": {
      "has_boat": "2024-09-19 06:27:32 +0000"
    },
    "done": false
  },
  "minecraft:recipes/transportation/dark_oak_chest_boat": {
    "criteria": {
      "has_boat": "2024-09-19 06:27:32 +0000"
    },
    "done": false
  },
  "aether:recipes/transportation/skyroot_chest_boat": {
    "criteria": {
      "has_boat": "2024-09-19 06:27:32 +0000"
    },
    "done": false
  },
  "minecraft:recipes/decorations/blast_furnace": {
    "criteria": {
      "has_smooth_stone": "2024-09-19 06:28:06 +0000",
      "has_the_recipe": "2024-09-19 06:30:07 +0000"
    },
    "done": true
  },
  "minecraft:recipes/building_blocks/smooth_stone": {
    "criteria": {
      "has_the_recipe": "2024-09-19 06:28:06 +0000"
    },
    "done": false
  },
  "minecraft:recipes/building_blocks/smooth_stone_slab": {
    "criteria": {
      "has_smooth_stone": "2024-09-19 06:28:06 +0000"
    },
    "done": false
  },
  "minecraft:recipes/building_blocks/smooth_stone_slab_from_smooth_stone_stonecutting": {
    "criteria": {
      "has_smooth_stone": "2024-09-19 06:28:06 +0000"
    },
    "done": false
  },
  "travelersbackpack:recipes/misc/enderman": {
    "criteria": {
      "has_ender_pearl": "2024-09-19 06:29:43 +0000"
    },
    "done": false
  },
  "create:recipes/misc/crafting/kinetics/steam_whistle": {
    "criteria": {
      "has_item": "2024-09-19 06:41:10 +0000"
    },
    "done": false
  },
  "create:recipes/misc/crafting/appliances/copper_backtank": {
    "criteria": {
      "has_item": "2024-09-19 06:41:10 +0000"
    },
    "done": false
  },
  "create:copper": {
    "criteria": {
      "0": "2024-09-19 06:41:10 +0000"
    },
    "done": true
  },
  "create:recipes/misc/crafting/kinetics/steam_engine": {
    "criteria": {
      "has_item": "2024-09-19 06:41:10 +0000"
    },
    "done": false
  },
  "minecraft:recipes/redstone/lightning_rod": {
    "criteria": {
      "has_copper_ingot": "2024-09-19 06:41:10 +0000"
    },
    "done": false
  },
  "create:recipes/building_blocks/copper_tiles_from_ingots_copper_stonecutting": {
    "criteria": {
      "has_ingots_copper": "2024-09-19 06:41:10 +0000"
    },
    "done": false
  },
  "create:recipes/misc/crafting/appliances/copper_diving_helmet": {
    "criteria": {
      "has_item": "2024-09-19 06:41:10 +0000"
    },
    "done": false
  },
  "create:recipes/misc/crafting/kinetics/fluid_pipe_vertical": {
    "criteria": {
      "has_item": "2024-09-19 06:41:10 +0000"
    },
    "done": false
  },
  "hamsters:recipes/hamster_wheel": {
    "criteria": {
      "has_copper_ingot": "2024-09-19 06:41:10 +0000"
    },
    "done": false
  },
  "create:recipes/misc/crafting/kinetics/mechanical_pump": {
    "criteria": {
      "has_item": "2024-09-19 06:41:10 +0000"
    },
    "done": false
  },
  "minecraft:recipes/building_blocks/copper_block": {
    "criteria": {
      "has_copper_ingot": "2024-09-19 06:41:10 +0000"
    },
    "done": false
  },
  "minecraft:recipes/tools/brush": {
    "criteria": {
      "has_copper_ingot": "2024-09-19 06:41:10 +0000"
    },
    "done": false
  },
  "create:recipes/misc/crafting/appliances/copper_diving_boots": {
    "criteria": {
      "has_item": "2024-09-19 06:41:10 +0000"
    },
    "done": false
  },
  "create:recipes/misc/crafting/kinetics/copper_valve_handle": {
    "criteria": {
      "has_item": "2024-09-19 06:41:10 +0000"
    },
    "done": false
  },
  "create:recipes/misc/crafting/kinetics/smart_fluid_pipe": {
    "criteria": {
      "has_item": "2024-09-19 06:41:10 +0000"
    },
    "done": false
  },
  "create:recipes/misc/crafting/kinetics/copper_valve_handle_from_others": {
    "criteria": {
      "has_item": "2024-09-19 06:41:10 +0000"
    },
    "done": false
  },
  "create:recipes/decorations/copper_bars_from_ingots_copper_stonecutting": {
    "criteria": {
      "has_ingots_copper": "2024-09-19 06:41:10 +0000"
    },
    "done": false
  },
  "create:recipes/misc/crafting/materials/copper_nugget": {
    "criteria": {
      "has_item": "2024-09-19 06:41:10 +0000"
    },
    "done": false
  },
  "create:recipes/building_blocks/copper_shingles_from_ingots_copper_stonecutting": {
    "criteria": {
      "has_ingots_copper": "2024-09-19 06:41:10 +0000"
    },
    "done": false
  },
  "create:recipes/misc/crafting/kinetics/fluid_pipe": {
    "criteria": {
      "has_item": "2024-09-19 06:41:10 +0000"
    },
    "done": false
  },
  "create:recipes/misc/crafting/kinetics/fluid_valve": {
    "criteria": {
      "has_item": "2024-09-19 06:41:10 +0000"
    },
    "done": false
  },
  "create:recipes/decorations/copper_ladder_from_ingots_copper_stonecutting": {
    "criteria": {
      "has_ingots_copper": "2024-09-19 06:41:10 +0000"
    },
    "done": false
  },
  "create:recipes/decorations/copper_scaffolding_from_ingots_copper_stonecutting": {
    "criteria": {
      "has_ingots_copper": "2024-09-19 06:41:10 +0000"
    },
    "done": false
  },
  "create:recipes/misc/crafting/kinetics/hose_pulley": {
    "criteria": {
      "has_item": "2024-09-19 06:41:10 +0000"
    },
    "done": false
  },
  "mca:recipes/misc/bouquet": {
    "criteria": {
      "has_item": "2024-09-19 23:54:43 +0000"
    },
    "done": true
  },
  "minecraft:recipes/misc/yellow_dye_from_dandelion": {
    "criteria": {
      "has_dandelion": "2024-09-19 23:54:43 +0000"
    },
    "done": false
  },
  "aether:recipes/combat/iron_chestplate_repairing": {
    "criteria": {
      "has_iron_chestplate": "2024-09-20 00:14:49 +0000"
    },
    "done": false
  },
  "minecraft:story/obtain_armor": {
    "criteria": {
      "iron_boots": "2024-09-20 00:15:00 +0000",
      "iron_chestplate": "2024-09-20 00:14:49 +0000",
      "iron_leggings": "2024-09-20 00:14:58 +0000",
      "iron_helmet": "2024-09-20 00:15:02 +0000"
    },
    "done": true
  },
  "aether:recipes/combat/iron_leggings_repairing": {
    "criteria": {
      "has_iron_leggings": "2024-09-20 00:14:58 +0000"
    },
    "done": false
  },
  "aether:recipes/combat/iron_boots_repairing": {
    "criteria": {
      "has_iron_boots": "2024-09-20 00:15:00 +0000"
    },
    "done": false
  },
  "aether:recipes/combat/iron_helmet_repairing": {
    "criteria": {
      "has_iron_helmet": "2024-09-20 00:15:02 +0000"
    },
    "done": false
  },
  "aether:recipes/combat/bow_repairing": {
    "criteria": {
      "has_bow": "2024-09-20 00:16:15 +0000"
    },
    "done": false
  },
  "minecraft:recipes/redstone/dispenser": {
    "criteria": {
      "has_bow": "2024-09-20 00:16:15 +0000"
    },
    "done": false
  },
  "aether:recipes/building_blocks/packed_ice_freezing": {
    "criteria": {
      "has_water_bucket": "2024-09-20 00:17:50 +0000"
    },
    "done": false
  },
  "minecraft:recipes/brewing/cauldron": {
    "criteria": {
      "has_water_bucket": "2024-09-20 00:17:50 +0000"
    },
    "done": false
  },
  "aether:recipes/building_blocks/blue_ice_freezing": {
    "criteria": {
      "has_water_bucket": "2024-09-20 00:17:50 +0000"
    },
    "done": false
  },
  "aether:recipes/building_blocks/ice_from_bucket_freezing": {
    "criteria": {
      "has_water_bucket": "2024-09-20 00:17:50 +0000"
    },
    "done": false
  },
  "aether:recipes/combat/iron_sword_repairing": {
    "criteria": {
      "has_iron_sword": "2024-09-20 00:18:50 +0000"
    },
    "done": false
  },
  "minecraft:adventure/shoot_arrow": {
    "criteria": {
      "shot_arrow": "2024-09-20 00:18:56 +0000"
    },
    "done": true
  },
  "minecraft:story/deflect_arrow": {
    "criteria": {
      "deflected_projectile": "2024-09-20 00:20:38 +0000"
    },
    "done": true
  },
  "minecraft:adventure/ol_betsy": {
    "criteria": {
      "shot_crossbow": "2024-09-20 00:20:51 +0000"
    },
    "done": true
  },
  "minecraft:recipes/building_blocks/lapis_block": {
    "criteria": {
      "has_lapis_lazuli": "2024-09-20 00:24:23 +0000"
    },
    "done": false
  },
  "minecraft:recipes/misc/blue_dye": {
    "criteria": {
      "has_lapis_lazuli": "2024-09-20 00:24:23 +0000"
    },
    "done": false
  },
  "travelersbackpack:recipes/misc/lapis": {
    "criteria": {
      "has_lapis_lazuli": "2024-09-20 00:24:23 +0000"
    },
    "done": false
  },
  "minecraft:recipes/misc/gold_ingot_from_blasting_raw_gold": {
    "criteria": {
      "has_raw_gold": "2024-09-20 00:27:48 +0000",
      "has_the_recipe": "2024-09-20 01:20:21 +0000"
    },
    "done": true
  },
  "minecraft:recipes/misc/gold_ingot_from_smelting_raw_gold": {
    "criteria": {
      "has_raw_gold": "2024-09-20 00:27:48 +0000"
    },
    "done": false
  },
  "minecraft:recipes/building_blocks/raw_gold_block": {
    "criteria": {
      "has_raw_gold": "2024-09-20 00:27:48 +0000"
    },
    "done": false
  },
  "mca:recipes/misc/rose_gold_dust": {
    "criteria": {
      "has_item": "2024-09-20 00:27:48 +0000"
    },
    "done": true
  },
  "minecraft:recipes/food/cooked_cod_from_smoking": {
    "criteria": {
      "has_cod": "2024-09-20 00:30:23 +0000"
    },
    "done": false
  },
  "travelersbackpack:recipes/misc/ocelot": {
    "criteria": {
      "has_cod": "2024-09-20 00:30:23 +0000"
    },
    "done": false
  },
  "minecraft:recipes/brewing/fermented_spider_eye": {
    "criteria": {
      "has_spider_eye": "2024-09-20 00:30:23 +0000"
    },
    "done": false
  },
  "minecraft:recipes/food/cooked_cod_from_campfire_cooking": {
    "criteria": {
      "has_cod": "2024-09-20 00:30:23 +0000"
    },
    "done": false
  },
  "minecraft:recipes/food/cooked_cod": {
    "criteria": {
      "has_cod": "2024-09-20 00:30:23 +0000"
    },
    "done": false
  },
  "create:recipes/misc/smelting/zinc_ingot_from_raw_ore": {
    "criteria": {
      "has_item": "2024-09-20 00:33:10 +0000"
    },
    "done": false
  },
  "create:recipes/misc/blasting/zinc_ingot_from_raw_ore": {
    "criteria": {
      "has_item": "2024-09-20 00:33:10 +0000",
      "has_the_recipe": "2024-09-20 01:24:33 +0000"
    },
    "done": true
  },
  "create:recipes/misc/crafting/materials/raw_zinc_block": {
    "criteria": {
      "has_item": "2024-09-20 00:33:10 +0000"
    },
    "done": false
  },
  "minecraft:recipes/building_blocks/polished_diorite": {
    "criteria": {
      "has_diorite": "2024-09-20 00:38:34 +0000"
    },
    "done": false
  },
  "create:recipes/building_blocks/cut_diorite_slab_from_stone_types_diorite_stonecutting": {
    "criteria": {
      "has_stone_types_diorite": "2024-09-20 00:38:34 +0000"
    },
    "done": false
  },
  "create:recipes/building_blocks/cut_diorite_brick_slab_from_stone_types_diorite_stonecutting": {
    "criteria": {
      "has_stone_types_diorite": "2024-09-20 00:38:34 +0000"
    },
    "done": false
  },
  "create:recipes/building_blocks/small_diorite_brick_slab_from_stone_types_diorite_stonecutting": {
    "criteria": {
      "has_stone_types_diorite": "2024-09-20 00:38:34 +0000"
    },
    "done": false
  },
  "minecraft:recipes/building_blocks/polished_diorite_stairs_from_diorite_stonecutting": {
    "criteria": {
      "has_diorite": "2024-09-20 00:38:34 +0000"
    },
    "done": false
  },
  "minecraft:recipes/building_blocks/diorite_stairs_from_diorite_stonecutting": {
    "criteria": {
      "has_diorite": "2024-09-20 00:38:34 +0000"
    },
    "done": false
  },
  "minecraft:recipes/building_blocks/andesite": {
    "criteria": {
      "has_stone": "2024-09-20 00:38:34 +0000"
    },
    "done": false
  },
  "create:recipes/building_blocks/diorite_from_stone_types_diorite_stonecutting": {
    "criteria": {
      "has_stone_types_diorite": "2024-09-20 00:38:34 +0000"
    },
    "done": false
  },
  "create:recipes/building_blocks/cut_diorite_brick_wall_from_stone_types_diorite_stonecutting": {
    "criteria": {
      "has_stone_types_diorite": "2024-09-20 00:38:34 +0000"
    },
    "done": false
  },
  "create:recipes/building_blocks/cut_diorite_brick_stairs_from_stone_types_diorite_stonecutting": {
    "criteria": {
      "has_stone_types_diorite": "2024-09-20 00:38:34 +0000"
    },
    "done": false
  },
  "minecraft:recipes/building_blocks/polished_diorite_slab_from_diorite_stonecutting": {
    "criteria": {
      "has_diorite": "2024-09-20 00:38:34 +0000"
    },
    "done": false
  },
  "create:recipes/building_blocks/cut_diorite_from_stone_types_diorite_stonecutting": {
    "criteria": {
      "has_stone_types_diorite": "2024-09-20 00:38:34 +0000"
    },
    "done": false
  },
  "create:recipes/building_blocks/cut_diorite_stairs_from_stone_types_diorite_stonecutting": {
    "criteria": {
      "has_stone_types_diorite": "2024-09-20 00:38:34 +0000"
    },
    "done": false
  },
  "create:recipes/building_blocks/small_diorite_bricks_from_stone_types_diorite_stonecutting": {
    "criteria": {
      "has_stone_types_diorite": "2024-09-20 00:38:34 +0000"
    },
    "done": false
  },
  "create:recipes/building_blocks/layered_diorite_from_stone_types_diorite_stonecutting": {
    "criteria": {
      "has_stone_types_diorite": "2024-09-20 00:38:34 +0000"
    },
    "done": false
  },
  "create:recipes/building_blocks/cut_diorite_wall_from_stone_types_diorite_stonecutting": {
    "criteria": {
      "has_stone_types_diorite": "2024-09-20 00:38:34 +0000"
    },
    "done": false
  },
  "create:recipes/building_blocks/small_diorite_brick_wall_from_stone_types_diorite_stonecutting": {
    "criteria": {
      "has_stone_types_diorite": "2024-09-20 00:38:34 +0000"
    },
    "done": false
  },
  "minecraft:recipes/building_blocks/diorite_slab": {
    "criteria": {
      "has_diorite": "2024-09-20 00:38:34 +0000"
    },
    "done": false
  },
  "create:recipes/building_blocks/cut_diorite_bricks_from_stone_types_diorite_stonecutting": {
    "criteria": {
      "has_stone_types_diorite": "2024-09-20 00:38:34 +0000"
    },
    "done": false
  },
  "create:recipes/building_blocks/diorite_pillar_from_stone_types_diorite_stonecutting": {
    "criteria": {
      "has_stone_types_diorite": "2024-09-20 00:38:34 +0000"
    },
    "done": false
  },
  "minecraft:recipes/decorations/diorite_wall": {
    "criteria": {
      "has_diorite": "2024-09-20 00:38:34 +0000"
    },
    "done": false
  },
  "create:recipes/building_blocks/polished_cut_diorite_wall_from_stone_types_diorite_stonecutting": {
    "criteria": {
      "has_stone_types_diorite": "2024-09-20 00:38:34 +0000"
    },
    "done": false
  },
  "create:recipes/building_blocks/small_diorite_brick_stairs_from_stone_types_diorite_stonecutting": {
    "criteria": {
      "has_stone_types_diorite": "2024-09-20 00:38:34 +0000"
    },
    "done": false
  },
  "minecraft:recipes/decorations/diorite_wall_from_diorite_stonecutting": {
    "criteria": {
      "has_diorite": "2024-09-20 00:38:34 +0000"
    },
    "done": false
  },
  "create:recipes/building_blocks/polished_cut_diorite_stairs_from_stone_types_diorite_stonecutting": {
    "criteria": {
      "has_stone_types_diorite": "2024-09-20 00:38:34 +0000"
    },
    "done": false
  },
  "create:recipes/building_blocks/polished_cut_diorite_from_stone_types_diorite_stonecutting": {
    "criteria": {
      "has_stone_types_diorite": "2024-09-20 00:38:34 +0000"
    },
    "done": false
  },
  "create:recipes/building_blocks/polished_cut_diorite_slab_from_stone_types_diorite_stonecutting": {
    "criteria": {
      "has_stone_types_diorite": "2024-09-20 00:38:34 +0000"
    },
    "done": false
  },
  "minecraft:recipes/building_blocks/polished_diorite_from_diorite_stonecutting": {
    "criteria": {
      "has_diorite": "2024-09-20 00:38:34 +0000"
    },
    "done": false
  },
  "minecraft:recipes/building_blocks/diorite_slab_from_diorite_stonecutting": {
    "criteria": {
      "has_diorite": "2024-09-20 00:38:34 +0000"
    },
    "done": false
  },
  "minecraft:recipes/building_blocks/diorite_stairs": {
    "criteria": {
      "has_diorite": "2024-09-20 00:38:34 +0000"
    },
    "done": false
  },
  "travelersbackpack:recipes/misc/creeper": {
    "criteria": {
      "has_gunpowder": "2024-09-20 00:54:53 +0000"
    },
    "done": false
  },
  "minecraft:recipes/misc/firework_rocket_simple": {
    "criteria": {
      "has_gunpowder": "2024-09-20 00:54:53 +0000"
    },
    "done": false
  },
  "minecraft:recipes/redstone/tnt": {
    "criteria": {
      "has_gunpowder": "2024-09-20 00:54:53 +0000"
    },
    "done": false
  },
  "create:recipes/misc/crafting/kinetics/rose_quartz_lamp": {
    "criteria": {
      "has_item": "2024-09-20 01:24:33 +0000"
    },
    "done": false
  },
  "create:recipes/building_blocks/copycat_panel_from_ingots_zinc_stonecutting": {
    "criteria": {
      "has_ingots_zinc": "2024-09-20 01:24:33 +0000"
    },
    "done": false
  },
  "create:recipes/misc/crafting/materials/zinc_block_from_compacting": {
    "criteria": {
      "has_item": "2024-09-20 01:24:33 +0000"
    },
    "done": false
  },
  "create:recipes/building_blocks/copycat_step_from_ingots_zinc_stonecutting": {
    "criteria": {
      "has_ingots_zinc": "2024-09-20 01:24:33 +0000"
    },
    "done": false
  },
  "create:recipes/misc/crafting/materials/andesite_alloy_from_zinc": {
    "criteria": {
      "has_item": "2024-09-20 01:24:33 +0000"
    },
    "done": false
  },
  "create:recipes/misc/crafting/materials/zinc_nugget_from_decompacting": {
    "criteria": {
      "has_item": "2024-09-20 01:24:33 +0000"
    },
    "done": false
  },
  "DataVersion": 3465
}