{
  "takesapillage:root": {
    "criteria": {
      "always": "2024-09-21 01:30:49 +0000"
    },
    "done": true
  },
  "grim_and_bleak:grim_and_bleak": {
    "criteria": {
      "grim_and_bleak_0": "2024-09-21 01:30:49 +0000"
    },
    "done": true
  },
  "minecraft:recipes/decorations/crafting_table": {
    "criteria": {
      "unlock_right_away": "2024-09-21 01:30:49 +0000",
      "has_the_recipe": "2024-09-21 01:48:07 +0000"
    },
    "done": true
  },
  "minecraft:adventure/adventuring_time": {
    "criteria": {
      "minecraft:stony_shore": "2024-09-21 01:55:09 +0000",
      "minecraft:forest": "2024-09-21 01:34:41 +0000",
      "minecraft:deep_dark": "2024-09-21 01:31:33 +0000",
      "minecraft:meadow": "2024-09-21 01:41:15 +0000",
      "minecraft:savanna": "2024-09-21 01:30:50 +0000",
      "minecraft:plains": "2024-09-21 01:40:30 +0000"
    },
    "done": false
  },
  "deeperdarker:main/root": {
    "criteria": {
      "deep_dark": "2024-09-21 01:31:33 +0000"
    },
    "done": true
  },
  "deeperdarker:main/find_ancient_city": {
    "criteria": {
      "ancient_city": "2024-09-21 01:31:33 +0000"
    },
    "done": true
  },
  "endofherobrine:story/root": {
    "criteria": {
      "requirement": "2024-09-21 01:31:59 +0000"
    },
    "done": true
  },
  "minecraft:recipes/redstone/redstone_torch": {
    "criteria": {
      "has_redstone": "2024-09-21 01:32:00 +0000"
    },
    "done": false
  },
  "create:recipes/misc/crafting/logistics/pulse_extender": {
    "criteria": {
      "has_item": "2024-09-21 01:32:00 +0000"
    },
    "done": false
  },
  "create:root": {
    "criteria": {
      "0": "2024-09-21 01:32:00 +0000"
    },
    "done": true
  },
  "aether:recipes/redstone/skyroot_piston": {
    "criteria": {
      "has_redstone": "2024-09-21 01:32:00 +0000"
    },
    "done": false
  },
  "naturalist:recipes/food/cooked_egg": {
    "criteria": {
      "has_eggs": "2024-09-21 01:32:00 +0000"
    },
    "done": false
  },
  "aether:recipes/redstone/skyroot_note_block": {
    "criteria": {
      "has_redstone": "2024-09-21 01:32:00 +0000"
    },
    "done": false
  },
  "create:recipes/misc/crafting/logistics/pulse_repeater": {
    "criteria": {
      "has_item": "2024-09-21 01:32:00 +0000"
    },
    "done": false
  },
  "minecraft:recipes/redstone/target": {
    "criteria": {
      "has_redstone": "2024-09-21 01:32:00 +0000"
    },
    "done": false
  },
  "minecraft:recipes/tools/compass": {
    "criteria": {
      "has_redstone": "2024-09-21 01:32:00 +0000"
    },
    "done": false
  },
  "minecraft:recipes/redstone/redstone_block": {
    "criteria": {
      "has_redstone": "2024-09-21 01:32:00 +0000"
    },
    "done": false
  },
  "minecraft:recipes/tools/clock": {
    "criteria": {
      "has_redstone": "2024-09-21 01:32:00 +0000"
    },
    "done": false
  },
  "create:recipes/misc/crafting/logistics/powered_latch": {
    "criteria": {
      "has_item": "2024-09-21 01:32:00 +0000"
    },
    "done": false
  },
  "minecraft:recipes/redstone/note_block": {
    "criteria": {
      "has_redstone": "2024-09-21 01:32:00 +0000"
    },
    "done": false
  },
  "travelersbackpack:recipes/misc/redstone": {
    "criteria": {
      "has_redstone": "2024-09-21 01:32:00 +0000"
    },
    "done": false
  },
  "create:recipes/misc/crafting/logistics/powered_toggle_latch": {
    "criteria": {
      "has_item": "2024-09-21 01:32:00 +0000"
    },
    "done": false
  },
  "minecraft:recipes/redstone/dropper": {
    "criteria": {
      "has_redstone": "2024-09-21 01:32:00 +0000"
    },
    "done": false
  },
  "create:recipes/misc/crafting/materials/rose_quartz": {
    "criteria": {
      "has_item": "2024-09-21 01:32:00 +0000"
    },
    "done": false
  },
  "minecraft:recipes/redstone/piston": {
    "criteria": {
      "has_redstone": "2024-09-21 01:32:00 +0000"
    },
    "done": false
  },
  "minecraft:recipes/redstone/repeater": {
    "criteria": {
      "has_redstone_torch": "2024-09-21 01:32:10 +0000"
    },
    "done": false
  },
  "create:recipes/building_blocks/cut_deepslate_brick_wall_from_stone_types_deepslate_stonecutting": {
    "criteria": {
      "has_stone_types_deepslate": "2024-09-21 01:32:18 +0000"
    },
    "done": false
  },
  "create:recipes/building_blocks/cut_deepslate_from_stone_types_deepslate_stonecutting": {
    "criteria": {
      "has_stone_types_deepslate": "2024-09-21 01:32:18 +0000"
    },
    "done": false
  },
  "create:recipes/building_blocks/deepslate_from_stone_types_deepslate_stonecutting": {
    "criteria": {
      "has_stone_types_deepslate": "2024-09-21 01:32:18 +0000"
    },
    "done": false
  },
  "create:recipes/building_blocks/polished_cut_deepslate_wall_from_stone_types_deepslate_stonecutting": {
    "criteria": {
      "has_stone_types_deepslate": "2024-09-21 01:32:18 +0000"
    },
    "done": false
  },
  "create:recipes/building_blocks/deepslate_pillar_from_stone_types_deepslate_stonecutting": {
    "criteria": {
      "has_stone_types_deepslate": "2024-09-21 01:32:18 +0000"
    },
    "done": false
  },
  "create:recipes/building_blocks/small_deepslate_brick_slab_from_stone_types_deepslate_stonecutting": {
    "criteria": {
      "has_stone_types_deepslate": "2024-09-21 01:32:18 +0000"
    },
    "done": false
  },
  "create:recipes/building_blocks/cut_deepslate_stairs_from_stone_types_deepslate_stonecutting": {
    "criteria": {
      "has_stone_types_deepslate": "2024-09-21 01:32:18 +0000"
    },
    "done": false
  },
  "create:recipes/building_blocks/small_deepslate_bricks_from_stone_types_deepslate_stonecutting": {
    "criteria": {
      "has_stone_types_deepslate": "2024-09-21 01:32:18 +0000"
    },
    "done": false
  },
  "create:recipes/building_blocks/small_deepslate_brick_stairs_from_stone_types_deepslate_stonecutting": {
    "criteria": {
      "has_stone_types_deepslate": "2024-09-21 01:32:18 +0000"
    },
    "done": false
  },
  "create:recipes/building_blocks/small_deepslate_brick_wall_from_stone_types_deepslate_stonecutting": {
    "criteria": {
      "has_stone_types_deepslate": "2024-09-21 01:32:18 +0000"
    },
    "done": false
  },
  "create:recipes/building_blocks/cut_deepslate_slab_from_stone_types_deepslate_stonecutting": {
    "criteria": {
      "has_stone_types_deepslate": "2024-09-21 01:32:18 +0000"
    },
    "done": false
  },
  "create:recipes/building_blocks/cut_deepslate_wall_from_stone_types_deepslate_stonecutting": {
    "criteria": {
      "has_stone_types_deepslate": "2024-09-21 01:32:18 +0000"
    },
    "done": false
  },
  "minecraft:recipes/building_blocks/deepslate": {
    "criteria": {
      "has_the_recipe": "2024-09-21 01:32:18 +0000"
    },
    "done": false
  },
  "create:recipes/building_blocks/polished_cut_deepslate_stairs_from_stone_types_deepslate_stonecutting": {
    "criteria": {
      "has_stone_types_deepslate": "2024-09-21 01:32:18 +0000"
    },
    "done": false
  },
  "create:recipes/building_blocks/cut_deepslate_brick_stairs_from_stone_types_deepslate_stonecutting": {
    "criteria": {
      "has_stone_types_deepslate": "2024-09-21 01:32:18 +0000"
    },
    "done": false
  },
  "create:recipes/building_blocks/cut_deepslate_brick_slab_from_stone_types_deepslate_stonecutting": {
    "criteria": {
      "has_stone_types_deepslate": "2024-09-21 01:32:18 +0000"
    },
    "done": false
  },
  "create:recipes/building_blocks/polished_cut_deepslate_from_stone_types_deepslate_stonecutting": {
    "criteria": {
      "has_stone_types_deepslate": "2024-09-21 01:32:18 +0000"
    },
    "done": false
  },
  "create:recipes/building_blocks/polished_cut_deepslate_slab_from_stone_types_deepslate_stonecutting": {
    "criteria": {
      "has_stone_types_deepslate": "2024-09-21 01:32:18 +0000"
    },
    "done": false
  },
  "create:recipes/building_blocks/cut_deepslate_bricks_from_stone_types_deepslate_stonecutting": {
    "criteria": {
      "has_stone_types_deepslate": "2024-09-21 01:32:18 +0000"
    },
    "done": false
  },
  "create:recipes/building_blocks/layered_deepslate_from_stone_types_deepslate_stonecutting": {
    "criteria": {
      "has_stone_types_deepslate": "2024-09-21 01:32:18 +0000"
    },
    "done": false
  },
  "aether:recipes/tools/wooden_shovel_repairing": {
    "criteria": {
      "has_wooden_shovel": "2024-09-21 01:32:19 +0000"
    },
    "done": false
  },
  "aether:recipes/decorations/skyroot_bed": {
    "criteria": {
      "has_wool": "2024-09-21 01:32:54 +0000"
    },
    "done": false
  },
  "buildersdelight:recipes/misc/birch_frame_7": {
    "criteria": {
      "has_wool": "2024-09-21 01:32:54 +0000"
    },
    "done": false
  },
  "buildersdelight:recipes/misc/birch_frame_8": {
    "criteria": {
      "has_wool": "2024-09-21 01:32:54 +0000"
    },
    "done": false
  },
  "buildersdelight:recipes/misc/birch_frame_1": {
    "criteria": {
      "has_wool": "2024-09-21 01:32:54 +0000"
    },
    "done": false
  },
  "buildersdelight:recipes/misc/birch_frame_2": {
    "criteria": {
      "has_wool": "2024-09-21 01:32:54 +0000"
    },
    "done": false
  },
  "buildersdelight:recipes/misc/birch_frame_5": {
    "criteria": {
      "has_wool": "2024-09-21 01:32:54 +0000"
    },
    "done": false
  },
  "buildersdelight:recipes/misc/birch_frame_6": {
    "criteria": {
      "has_wool": "2024-09-21 01:32:54 +0000"
    },
    "done": false
  },
  "buildersdelight:recipes/misc/birch_frame_3": {
    "criteria": {
      "has_wool": "2024-09-21 01:32:54 +0000"
    },
    "done": false
  },
  "buildersdelight:recipes/misc/birch_frame_4": {
    "criteria": {
      "has_wool": "2024-09-21 01:32:54 +0000"
    },
    "done": false
  },
  "buildersdelight:recipes/misc/dark_oak_frame_2": {
    "criteria": {
      "has_wool": "2024-09-21 01:32:54 +0000"
    },
    "done": false
  },
  "buildersdelight:recipes/misc/dark_oak_frame_1": {
    "criteria": {
      "has_wool": "2024-09-21 01:32:54 +0000"
    },
    "done": false
  },
  "buildersdelight:recipes/misc/dark_oak_frame_4": {
    "criteria": {
      "has_wool": "2024-09-21 01:32:54 +0000"
    },
    "done": false
  },
  "buildersdelight:recipes/misc/dark_oak_frame_3": {
    "criteria": {
      "has_wool": "2024-09-21 01:32:54 +0000"
    },
    "done": false
  },
  "buildersdelight:recipes/misc/dark_oak_frame_6": {
    "criteria": {
      "has_wool": "2024-09-21 01:32:54 +0000"
    },
    "done": false
  },
  "buildersdelight:recipes/misc/dark_oak_frame_5": {
    "criteria": {
      "has_wool": "2024-09-21 01:32:54 +0000"
    },
    "done": false
  },
  "buildersdelight:recipes/misc/dark_oak_frame_8": {
    "criteria": {
      "has_wool": "2024-09-21 01:32:54 +0000"
    },
    "done": false
  },
  "buildersdelight:recipes/misc/dark_oak_frame_7": {
    "criteria": {
      "has_wool": "2024-09-21 01:32:54 +0000"
    },
    "done": false
  },
  "create:recipes/building_blocks/crafting/kinetics/blue_seat": {
    "criteria": {
      "has_wool": "2024-09-21 01:32:54 +0000"
    },
    "done": false
  },
  "create:recipes/building_blocks/crafting/kinetics/magenta_seat": {
    "criteria": {
      "has_wool": "2024-09-21 01:32:54 +0000"
    },
    "done": false
  },
  "minecraft:recipes/decorations/chest": {
    "criteria": {
      "has_the_recipe": "2024-09-21 01:50:52 +0000",
      "has_lots_of_items": "2024-09-21 01:32:54 +0000"
    },
    "done": true
  },
  "buildersdelight:recipes/misc/cherry_frame_1": {
    "criteria": {
      "has_wool": "2024-09-21 01:32:54 +0000"
    },
    "done": false
  },
  "buildersdelight:recipes/misc/cherry_frame_2": {
    "criteria": {
      "has_wool": "2024-09-21 01:32:54 +0000"
    },
    "done": false
  },
  "buildersdelight:recipes/misc/cherry_frame_3": {
    "criteria": {
      "has_wool": "2024-09-21 01:32:54 +0000"
    },
    "done": false
  },
  "buildersdelight:recipes/misc/cherry_frame_4": {
    "criteria": {
      "has_wool": "2024-09-21 01:32:54 +0000"
    },
    "done": false
  },
  "buildersdelight:recipes/misc/cherry_frame_5": {
    "criteria": {
      "has_wool": "2024-09-21 01:32:54 +0000"
    },
    "done": false
  },
  "buildersdelight:recipes/misc/cherry_frame_6": {
    "criteria": {
      "has_wool": "2024-09-21 01:32:54 +0000"
    },
    "done": false
  },
  "buildersdelight:recipes/misc/cherry_frame_7": {
    "criteria": {
      "has_wool": "2024-09-21 01:32:54 +0000"
    },
    "done": false
  },
  "buildersdelight:recipes/misc/cherry_frame_8": {
    "criteria": {
      "has_wool": "2024-09-21 01:32:54 +0000"
    },
    "done": false
  },
  "create:recipes/building_blocks/crafting/kinetics/light_blue_seat": {
    "criteria": {
      "has_wool": "2024-09-21 01:32:54 +0000"
    },
    "done": false
  },
  "minecraft:recipes/decorations/gray_carpet": {
    "criteria": {
      "has_gray_wool": "2024-09-21 01:32:54 +0000"
    },
    "done": false
  },
  "buildersdelight:recipes/misc/bamboo_frame_8": {
    "criteria": {
      "has_wool": "2024-09-21 01:32:54 +0000"
    },
    "done": false
  },
  "buildersdelight:recipes/misc/bamboo_frame_7": {
    "criteria": {
      "has_wool": "2024-09-21 01:32:54 +0000"
    },
    "done": false
  },
  "buildersdelight:recipes/misc/bamboo_frame_6": {
    "criteria": {
      "has_wool": "2024-09-21 01:32:54 +0000"
    },
    "done": false
  },
  "buildersdelight:recipes/misc/bamboo_frame_5": {
    "criteria": {
      "has_wool": "2024-09-21 01:32:54 +0000"
    },
    "done": false
  },
  "buildersdelight:recipes/misc/bamboo_frame_4": {
    "criteria": {
      "has_wool": "2024-09-21 01:32:54 +0000"
    },
    "done": false
  },
  "buildersdelight:recipes/misc/bamboo_frame_3": {
    "criteria": {
      "has_wool": "2024-09-21 01:32:54 +0000"
    },
    "done": false
  },
  "buildersdelight:recipes/misc/bamboo_frame_2": {
    "criteria": {
      "has_wool": "2024-09-21 01:32:54 +0000"
    },
    "done": false
  },
  "buildersdelight:recipes/misc/bamboo_frame_1": {
    "criteria": {
      "has_wool": "2024-09-21 01:32:54 +0000"
    },
    "done": false
  },
  "travelersbackpack:recipes/decorations/gray_sleeping_bag": {
    "criteria": {
      "has_gray_wool": "2024-09-21 01:32:54 +0000"
    },
    "done": false
  },
  "minecraft:recipes/decorations/gray_banner": {
    "criteria": {
      "has_gray_wool": "2024-09-21 01:32:54 +0000"
    },
    "done": false
  },
  "create:recipes/building_blocks/crafting/kinetics/green_seat": {
    "criteria": {
      "has_wool": "2024-09-21 01:32:54 +0000"
    },
    "done": false
  },
  "create:recipes/building_blocks/crafting/kinetics/purple_seat": {
    "criteria": {
      "has_wool": "2024-09-21 01:32:54 +0000"
    },
    "done": false
  },
  "buildersdelight:recipes/misc/acacia_frame_2": {
    "criteria": {
      "has_wool": "2024-09-21 01:32:54 +0000"
    },
    "done": false
  },
  "buildersdelight:recipes/misc/acacia_frame_1": {
    "criteria": {
      "has_wool": "2024-09-21 01:32:54 +0000"
    },
    "done": false
  },
  "buildersdelight:recipes/misc/acacia_frame_4": {
    "criteria": {
      "has_wool": "2024-09-21 01:32:54 +0000"
    },
    "done": false
  },
  "buildersdelight:recipes/misc/acacia_frame_3": {
    "criteria": {
      "has_wool": "2024-09-21 01:32:54 +0000"
    },
    "done": false
  },
  "buildersdelight:recipes/misc/acacia_frame_6": {
    "criteria": {
      "has_wool": "2024-09-21 01:32:54 +0000"
    },
    "done": false
  },
  "buildersdelight:recipes/misc/acacia_frame_5": {
    "criteria": {
      "has_wool": "2024-09-21 01:32:54 +0000"
    },
    "done": false
  },
  "buildersdelight:recipes/misc/acacia_frame_8": {
    "criteria": {
      "has_wool": "2024-09-21 01:32:54 +0000"
    },
    "done": false
  },
  "buildersdelight:recipes/misc/acacia_frame_7": {
    "criteria": {
      "has_wool": "2024-09-21 01:32:54 +0000"
    },
    "done": false
  },
  "minecraft:recipes/decorations/gray_bed": {
    "criteria": {
      "has_gray_wool": "2024-09-21 01:32:54 +0000"
    },
    "done": false
  },
  "buildersdelight:recipes/misc/crimson_frame_8": {
    "criteria": {
      "has_wool": "2024-09-21 01:32:54 +0000"
    },
    "done": false
  },
  "buildersdelight:recipes/misc/crimson_frame_4": {
    "criteria": {
      "has_wool": "2024-09-21 01:32:54 +0000"
    },
    "done": false
  },
  "buildersdelight:recipes/misc/crimson_frame_5": {
    "criteria": {
      "has_wool": "2024-09-21 01:32:54 +0000"
    },
    "done": false
  },
  "buildersdelight:recipes/misc/crimson_frame_6": {
    "criteria": {
      "has_wool": "2024-09-21 01:32:54 +0000"
    },
    "done": false
  },
  "buildersdelight:recipes/misc/crimson_frame_7": {
    "criteria": {
      "has_wool": "2024-09-21 01:32:54 +0000"
    },
    "done": false
  },
  "buildersdelight:recipes/misc/crimson_frame_1": {
    "criteria": {
      "has_wool": "2024-09-21 01:32:54 +0000"
    },
    "done": false
  },
  "buildersdelight:recipes/misc/crimson_frame_2": {
    "criteria": {
      "has_wool": "2024-09-21 01:32:54 +0000"
    },
    "done": false
  },
  "buildersdelight:recipes/misc/crimson_frame_3": {
    "criteria": {
      "has_wool": "2024-09-21 01:32:54 +0000"
    },
    "done": false
  },
  "create:recipes/building_blocks/crafting/kinetics/brown_seat": {
    "criteria": {
      "has_wool": "2024-09-21 01:32:54 +0000"
    },
    "done": false
  },
  "buildersdelight:recipes/misc/mangrove_frame_8": {
    "criteria": {
      "has_wool": "2024-09-21 01:32:54 +0000"
    },
    "done": false
  },
  "buildersdelight:recipes/misc/mangrove_frame_6": {
    "criteria": {
      "has_wool": "2024-09-21 01:32:54 +0000"
    },
    "done": false
  },
  "buildersdelight:recipes/misc/mangrove_frame_7": {
    "criteria": {
      "has_wool": "2024-09-21 01:32:54 +0000"
    },
    "done": false
  },
  "buildersdelight:recipes/misc/mangrove_frame_4": {
    "criteria": {
      "has_wool": "2024-09-21 01:32:54 +0000"
    },
    "done": false
  },
  "buildersdelight:recipes/misc/mangrove_frame_5": {
    "criteria": {
      "has_wool": "2024-09-21 01:32:54 +0000"
    },
    "done": false
  },
  "buildersdelight:recipes/misc/mangrove_frame_2": {
    "criteria": {
      "has_wool": "2024-09-21 01:32:54 +0000"
    },
    "done": false
  },
  "buildersdelight:recipes/misc/mangrove_frame_3": {
    "criteria": {
      "has_wool": "2024-09-21 01:32:54 +0000"
    },
    "done": false
  },
  "buildersdelight:recipes/misc/mangrove_frame_1": {
    "criteria": {
      "has_wool": "2024-09-21 01:32:54 +0000"
    },
    "done": false
  },
  "create:recipes/building_blocks/crafting/kinetics/gray_seat": {
    "criteria": {
      "has_wool": "2024-09-21 01:32:54 +0000"
    },
    "done": false
  },
  "minecraft:recipes/decorations/painting": {
    "criteria": {
      "has_wool": "2024-09-21 01:32:54 +0000"
    },
    "done": false
  },
  "create:recipes/building_blocks/crafting/kinetics/red_seat": {
    "criteria": {
      "has_wool": "2024-09-21 01:32:54 +0000"
    },
    "done": false
  },
  "create:recipes/building_blocks/crafting/kinetics/light_gray_seat": {
    "criteria": {
      "has_wool": "2024-09-21 01:32:54 +0000"
    },
    "done": false
  },
  "create:recipes/building_blocks/crafting/kinetics/orange_seat": {
    "criteria": {
      "has_wool": "2024-09-21 01:32:54 +0000"
    },
    "done": false
  },
  "buildersdelight:recipes/misc/spruce_frame_1": {
    "criteria": {
      "has_wool": "2024-09-21 01:32:54 +0000"
    },
    "done": false
  },
  "buildersdelight:recipes/misc/spruce_frame_2": {
    "criteria": {
      "has_wool": "2024-09-21 01:32:54 +0000"
    },
    "done": false
  },
  "buildersdelight:recipes/misc/spruce_frame_5": {
    "criteria": {
      "has_wool": "2024-09-21 01:32:54 +0000"
    },
    "done": false
  },
  "buildersdelight:recipes/misc/spruce_frame_6": {
    "criteria": {
      "has_wool": "2024-09-21 01:32:54 +0000"
    },
    "done": false
  },
  "buildersdelight:recipes/misc/spruce_frame_3": {
    "criteria": {
      "has_wool": "2024-09-21 01:32:54 +0000"
    },
    "done": false
  },
  "buildersdelight:recipes/misc/spruce_frame_4": {
    "criteria": {
      "has_wool": "2024-09-21 01:32:54 +0000"
    },
    "done": false
  },
  "buildersdelight:recipes/misc/spruce_frame_7": {
    "criteria": {
      "has_wool": "2024-09-21 01:32:54 +0000"
    },
    "done": false
  },
  "buildersdelight:recipes/misc/spruce_frame_8": {
    "criteria": {
      "has_wool": "2024-09-21 01:32:54 +0000"
    },
    "done": false
  },
  "buildersdelight:recipes/misc/oak_frame_6": {
    "criteria": {
      "has_wool": "2024-09-21 01:32:54 +0000"
    },
    "done": false
  },
  "buildersdelight:recipes/misc/oak_frame_7": {
    "criteria": {
      "has_wool": "2024-09-21 01:32:54 +0000"
    },
    "done": false
  },
  "buildersdelight:recipes/misc/oak_frame_8": {
    "criteria": {
      "has_wool": "2024-09-21 01:32:54 +0000"
    },
    "done": false
  },
  "buildersdelight:recipes/misc/jungle_frame_2": {
    "criteria": {
      "has_wool": "2024-09-21 01:32:54 +0000"
    },
    "done": false
  },
  "buildersdelight:recipes/misc/oak_frame_2": {
    "criteria": {
      "has_wool": "2024-09-21 01:32:54 +0000"
    },
    "done": false
  },
  "buildersdelight:recipes/misc/jungle_frame_3": {
    "criteria": {
      "has_wool": "2024-09-21 01:32:54 +0000"
    },
    "done": false
  },
  "buildersdelight:recipes/misc/oak_frame_3": {
    "criteria": {
      "has_wool": "2024-09-21 01:32:54 +0000"
    },
    "done": false
  },
  "buildersdelight:recipes/misc/oak_frame_4": {
    "criteria": {
      "has_wool": "2024-09-21 01:32:54 +0000"
    },
    "done": false
  },
  "buildersdelight:recipes/misc/jungle_frame_1": {
    "criteria": {
      "has_wool": "2024-09-21 01:32:54 +0000"
    },
    "done": false
  },
  "buildersdelight:recipes/misc/oak_frame_5": {
    "criteria": {
      "has_wool": "2024-09-21 01:32:54 +0000"
    },
    "done": false
  },
  "buildersdelight:recipes/misc/jungle_frame_6": {
    "criteria": {
      "has_wool": "2024-09-21 01:32:54 +0000"
    },
    "done": false
  },
  "buildersdelight:recipes/misc/jungle_frame_7": {
    "criteria": {
      "has_wool": "2024-09-21 01:32:54 +0000"
    },
    "done": false
  },
  "buildersdelight:recipes/misc/jungle_frame_4": {
    "criteria": {
      "has_wool": "2024-09-21 01:32:54 +0000"
    },
    "done": false
  },
  "buildersdelight:recipes/misc/jungle_frame_5": {
    "criteria": {
      "has_wool": "2024-09-21 01:32:54 +0000"
    },
    "done": false
  },
  "buildersdelight:recipes/misc/oak_frame_1": {
    "criteria": {
      "has_wool": "2024-09-21 01:32:54 +0000"
    },
    "done": false
  },
  "buildersdelight:recipes/misc/warped_frame_1": {
    "criteria": {
      "has_wool": "2024-09-21 01:32:54 +0000"
    },
    "done": false
  },
  "buildersdelight:recipes/misc/warped_frame_5": {
    "criteria": {
      "has_wool": "2024-09-21 01:32:54 +0000"
    },
    "done": false
  },
  "buildersdelight:recipes/misc/warped_frame_4": {
    "criteria": {
      "has_wool": "2024-09-21 01:32:54 +0000"
    },
    "done": false
  },
  "buildersdelight:recipes/misc/warped_frame_3": {
    "criteria": {
      "has_wool": "2024-09-21 01:32:54 +0000"
    },
    "done": false
  },
  "buildersdelight:recipes/misc/warped_frame_2": {
    "criteria": {
      "has_wool": "2024-09-21 01:32:54 +0000"
    },
    "done": false
  },
  "buildersdelight:recipes/misc/warped_frame_8": {
    "criteria": {
      "has_wool": "2024-09-21 01:32:54 +0000"
    },
    "done": false
  },
  "buildersdelight:recipes/misc/warped_frame_7": {
    "criteria": {
      "has_wool": "2024-09-21 01:32:54 +0000"
    },
    "done": false
  },
  "buildersdelight:recipes/misc/warped_frame_6": {
    "criteria": {
      "has_wool": "2024-09-21 01:32:54 +0000"
    },
    "done": false
  },
  "buildersdelight:recipes/misc/jungle_frame_8": {
    "criteria": {
      "has_wool": "2024-09-21 01:32:54 +0000"
    },
    "done": false
  },
  "create:recipes/building_blocks/crafting/kinetics/cyan_seat": {
    "criteria": {
      "has_wool": "2024-09-21 01:32:54 +0000"
    },
    "done": false
  },
  "create:recipes/building_blocks/crafting/kinetics/pink_seat": {
    "criteria": {
      "has_wool": "2024-09-21 01:32:54 +0000"
    },
    "done": false
  },
  "create:recipes/building_blocks/crafting/kinetics/black_seat": {
    "criteria": {
      "has_wool": "2024-09-21 01:32:54 +0000"
    },
    "done": false
  },
  "immersive_armors:recipes/misc/robe": {
    "criteria": {
      "has_item": "2024-09-21 01:32:54 +0000"
    },
    "done": true
  },
  "aether:recipes/decorations/skyroot_chest": {
    "criteria": {
      "has_lots_of_items": "2024-09-21 01:32:54 +0000"
    },
    "done": false
  },
  "create:recipes/building_blocks/crafting/kinetics/white_seat": {
    "criteria": {
      "has_wool": "2024-09-21 01:32:54 +0000"
    },
    "done": false
  },
  "create:recipes/building_blocks/crafting/kinetics/lime_seat": {
    "criteria": {
      "has_wool": "2024-09-21 01:32:54 +0000"
    },
    "done": false
  },
  "create:recipes/building_blocks/crafting/kinetics/yellow_seat": {
    "criteria": {
      "has_wool": "2024-09-21 01:32:54 +0000"
    },
    "done": false
  },
  "deeperdarker:recipes/transportation/echo_boat": {
    "criteria": {
      "in_water": "2024-09-21 01:35:17 +0000"
    },
    "done": false
  },
  "aether:recipes/transportation/skyroot_boat": {
    "criteria": {
      "in_water": "2024-09-21 01:35:17 +0000"
    },
    "done": false
  },
  "deeperdarker:recipes/transportation/bloom_boat": {
    "criteria": {
      "in_water": "2024-09-21 01:35:17 +0000"
    },
    "done": false
  },
  "minecraft:recipes/transportation/cherry_boat": {
    "criteria": {
      "in_water": "2024-09-21 01:35:17 +0000"
    },
    "done": false
  },
  "minecraft:recipes/transportation/bamboo_raft": {
    "criteria": {
      "in_water": "2024-09-21 01:35:17 +0000"
    },
    "done": false
  },
  "minecraft:recipes/transportation/acacia_boat": {
    "criteria": {
      "in_water": "2024-09-21 01:35:17 +0000"
    },
    "done": false
  },
  "minecraft:recipes/transportation/jungle_boat": {
    "criteria": {
      "in_water": "2024-09-21 01:35:17 +0000"
    },
    "done": false
  },
  "twilightforest:recipes/transportation/twilight_oak_boat": {
    "criteria": {
      "in_water": "2024-09-21 01:35:17 +0000"
    },
    "done": false
  },
  "twilightforest:recipes/transportation/time_boat": {
    "criteria": {
      "in_water": "2024-09-21 01:35:17 +0000"
    },
    "done": false
  },
  "twilightforest:recipes/transportation/mining_boat": {
    "criteria": {
      "in_water": "2024-09-21 01:35:17 +0000"
    },
    "done": false
  },
  "twilightforest:recipes/transportation/mangrove_boat": {
    "criteria": {
      "in_water": "2024-09-21 01:35:17 +0000"
    },
    "done": false
  },
  "twilightforest:recipes/transportation/transformation_boat": {
    "criteria": {
      "in_water": "2024-09-21 01:35:17 +0000"
    },
    "done": false
  },
  "minecraft:recipes/transportation/spruce_boat": {
    "criteria": {
      "in_water": "2024-09-21 01:35:17 +0000"
    },
    "done": false
  },
  "minecraft:recipes/transportation/birch_boat": {
    "criteria": {
      "in_water": "2024-09-21 01:35:17 +0000"
    },
    "done": false
  },
  "minecraft:recipes/transportation/oak_boat": {
    "criteria": {
      "in_water": "2024-09-21 01:35:17 +0000"
    },
    "done": false
  },
  "minecraft:recipes/transportation/mangrove_boat": {
    "criteria": {
      "in_water": "2024-09-21 01:35:17 +0000"
    },
    "done": false
  },
  "twilightforest:recipes/transportation/canopy_boat": {
    "criteria": {
      "in_water": "2024-09-21 01:35:17 +0000"
    },
    "done": false
  },
  "twilightforest:recipes/transportation/dark_boat": {
    "criteria": {
      "in_water": "2024-09-21 01:35:17 +0000"
    },
    "done": false
  },
  "twilightforest:recipes/transportation/sorting_boat": {
    "criteria": {
      "in_water": "2024-09-21 01:35:17 +0000"
    },
    "done": false
  },
  "minecraft:recipes/transportation/dark_oak_boat": {
    "criteria": {
      "in_water": "2024-09-21 01:35:17 +0000"
    },
    "done": false
  },
  "minecraft:recipes/decorations/ladder": {
    "criteria": {
      "has_stick": "2024-09-21 01:36:13 +0000"
    },
    "done": false
  },
  "minecraft:recipes/tools/wooden_axe": {
    "criteria": {
      "has_stick": "2024-09-21 01:36:13 +0000",
      "has_the_recipe": "2024-09-21 01:56:56 +0000"
    },
    "done": true
  },
  "minecraft:recipes/building_blocks/birch_wood": {
    "criteria": {
      "has_log": "2024-09-21 01:36:13 +0000"
    },
    "done": false
  },
  "minecraft:recipes/building_blocks/birch_planks": {
    "criteria": {
      "has_logs": "2024-09-21 01:36:13 +0000",
      "has_the_recipe": "2024-09-21 01:47:54 +0000"
    },
    "done": true
  },
  "minecraft:recipes/decorations/campfire": {
    "criteria": {
      "has_coal": "2024-09-21 01:54:57 +0000",
      "has_stick": "2024-09-21 01:36:13 +0000"
    },
    "done": false
  },
  "minecraft:recipes/tools/wooden_hoe": {
    "criteria": {
      "has_stick": "2024-09-21 01:36:13 +0000"
    },
    "done": false
  },
  "minecraft:recipes/misc/charcoal": {
    "criteria": {
      "has_log": "2024-09-21 01:36:13 +0000",
      "has_the_recipe": "2024-09-21 02:09:47 +0000"
    },
    "done": true
  },
  "minecraft:recipes/tools/wooden_shovel": {
    "criteria": {
      "has_stick": "2024-09-21 01:36:13 +0000"
    },
    "done": false
  },
  "minecraft:recipes/combat/wooden_sword": {
    "criteria": {
      "has_stick": "2024-09-21 01:36:13 +0000"
    },
    "done": false
  },
  "immersive_armors:recipes/misc/wooden": {
    "criteria": {
      "has_item": "2024-09-21 01:36:13 +0000"
    },
    "done": true
  },
  "minecraft:recipes/tools/wooden_pickaxe": {
    "criteria": {
      "has_stick": "2024-09-21 01:36:13 +0000",
      "has_the_recipe": "2024-09-21 01:56:59 +0000"
    },
    "done": true
  },
  "minecraft:recipes/building_blocks/cherry_planks": {
    "criteria": {
      "has_log": "2024-09-21 01:41:51 +0000",
      "has_the_recipe": "2024-09-21 01:48:02 +0000"
    },
    "done": true
  },
  "minecraft:recipes/building_blocks/cherry_wood": {
    "criteria": {
      "has_log": "2024-09-21 01:41:51 +0000"
    },
    "done": false
  },
  "mca:recipes/misc/bouquet": {
    "criteria": {
      "has_item": "2024-09-21 01:42:06 +0000"
    },
    "done": true
  },
  "minecraft:recipes/misc/yellow_dye_from_dandelion": {
    "criteria": {
      "has_dandelion": "2024-09-21 01:42:06 +0000"
    },
    "done": false
  },
  "create:recipes/building_blocks/birch_window": {
    "criteria": {
      "has_ingredient": "2024-09-21 01:47:56 +0000"
    },
    "done": false
  },
  "minecraft:recipes/redstone/birch_button": {
    "criteria": {
      "has_planks": "2024-09-21 01:47:56 +0000"
    },
    "done": false
  },
  "minecraft:recipes/redstone/birch_door": {
    "criteria": {
      "has_planks": "2024-09-21 01:47:56 +0000"
    },
    "done": false
  },
  "minecraft:recipes/decorations/birch_fence": {
    "criteria": {
      "has_planks": "2024-09-21 01:47:56 +0000"
    },
    "done": false
  },
  "minecraft:recipes/misc/stick": {
    "criteria": {
      "has_planks": "2024-09-21 01:47:56 +0000"
    },
    "done": false
  },
  "minecraft:recipes/decorations/birch_sign": {
    "criteria": {
      "has_planks": "2024-09-21 01:47:56 +0000"
    },
    "done": false
  },
  "minecraft:recipes/redstone/birch_fence_gate": {
    "criteria": {
      "has_planks": "2024-09-21 01:47:56 +0000"
    },
    "done": false
  },
  "minecraft:recipes/building_blocks/birch_slab": {
    "criteria": {
      "has_planks": "2024-09-21 01:47:56 +0000"
    },
    "done": false
  },
  "minecraft:recipes/building_blocks/birch_stairs": {
    "criteria": {
      "has_planks": "2024-09-21 01:47:56 +0000"
    },
    "done": false
  },
  "buildersdelight:recipes/misc/birch_slab_1": {
    "criteria": {
      "has_planks": "2024-09-21 01:47:56 +0000"
    },
    "done": false
  },
  "buildersdelight:recipes/misc/birch_slab_7": {
    "criteria": {
      "has_planks": "2024-09-21 01:47:56 +0000"
    },
    "done": false
  },
  "buildersdelight:recipes/misc/birch_slab_6": {
    "criteria": {
      "has_planks": "2024-09-21 01:47:56 +0000"
    },
    "done": false
  },
  "buildersdelight:recipes/misc/birch_slab_5": {
    "criteria": {
      "has_planks": "2024-09-21 01:47:56 +0000"
    },
    "done": false
  },
  "buildersdelight:recipes/misc/birch_slab_4": {
    "criteria": {
      "has_planks": "2024-09-21 01:47:56 +0000"
    },
    "done": false
  },
  "buildersdelight:recipes/misc/birch_slab_3": {
    "criteria": {
      "has_planks": "2024-09-21 01:47:56 +0000"
    },
    "done": false
  },
  "buildersdelight:recipes/misc/birch_slab_2": {
    "criteria": {
      "has_planks": "2024-09-21 01:47:56 +0000"
    },
    "done": false
  },
  "minecraft:recipes/decorations/barrel": {
    "criteria": {
      "has_wood_slab": "2024-09-21 01:54:10 +0000",
      "has_planks": "2024-09-21 01:47:56 +0000"
    },
    "done": false
  },
  "buildersdelight:recipes/misc/birch_stairs_1": {
    "criteria": {
      "has_planks": "2024-09-21 01:47:56 +0000"
    },
    "done": false
  },
  "buildersdelight:recipes/misc/birch_stairs_5": {
    "criteria": {
      "has_planks": "2024-09-21 01:47:56 +0000"
    },
    "done": false
  },
  "buildersdelight:recipes/misc/birch_stairs_4": {
    "criteria": {
      "has_planks": "2024-09-21 01:47:56 +0000"
    },
    "done": false
  },
  "buildersdelight:recipes/misc/birch_stairs_3": {
    "criteria": {
      "has_planks": "2024-09-21 01:47:56 +0000"
    },
    "done": false
  },
  "buildersdelight:recipes/misc/birch_stairs_2": {
    "criteria": {
      "has_planks": "2024-09-21 01:47:56 +0000"
    },
    "done": false
  },
  "buildersdelight:recipes/misc/birch_stairs_7": {
    "criteria": {
      "has_planks": "2024-09-21 01:47:56 +0000"
    },
    "done": false
  },
  "buildersdelight:recipes/misc/birch_stairs_6": {
    "criteria": {
      "has_planks": "2024-09-21 01:47:56 +0000"
    },
    "done": false
  },
  "minecraft:recipes/redstone/birch_trapdoor": {
    "criteria": {
      "has_planks": "2024-09-21 01:47:56 +0000"
    },
    "done": false
  },
  "minecraft:recipes/redstone/birch_pressure_plate": {
    "criteria": {
      "has_planks": "2024-09-21 01:47:56 +0000"
    },
    "done": false
  },
  "minecraft:recipes/decorations/cherry_fence": {
    "criteria": {
      "has_planks": "2024-09-21 01:48:03 +0000"
    },
    "done": false
  },
  "buildersdelight:recipes/misc/cherry_slab_7": {
    "criteria": {
      "has_planks": "2024-09-21 01:48:03 +0000"
    },
    "done": false
  },
  "buildersdelight:recipes/misc/cherry_slab_5": {
    "criteria": {
      "has_planks": "2024-09-21 01:48:03 +0000"
    },
    "done": false
  },
  "buildersdelight:recipes/misc/cherry_slab_6": {
    "criteria": {
      "has_planks": "2024-09-21 01:48:03 +0000"
    },
    "done": false
  },
  "buildersdelight:recipes/misc/cherry_slab_3": {
    "criteria": {
      "has_planks": "2024-09-21 01:48:03 +0000"
    },
    "done": false
  },
  "buildersdelight:recipes/misc/cherry_slab_4": {
    "criteria": {
      "has_planks": "2024-09-21 01:48:03 +0000"
    },
    "done": false
  },
  "buildersdelight:recipes/misc/cherry_slab_1": {
    "criteria": {
      "has_planks": "2024-09-21 01:48:03 +0000"
    },
    "done": false
  },
  "buildersdelight:recipes/misc/cherry_slab_2": {
    "criteria": {
      "has_planks": "2024-09-21 01:48:03 +0000"
    },
    "done": false
  },
  "minecraft:recipes/decorations/cherry_sign": {
    "criteria": {
      "has_the_recipe": "2024-09-21 02:08:48 +0000",
      "has_planks": "2024-09-21 01:48:03 +0000"
    },
    "done": true
  },
  "minecraft:recipes/redstone/cherry_pressure_plate": {
    "criteria": {
      "has_planks": "2024-09-21 01:48:03 +0000"
    },
    "done": false
  },
  "minecraft:recipes/redstone/cherry_door": {
    "criteria": {
      "has_the_recipe": "2024-09-21 02:07:36 +0000",
      "has_planks": "2024-09-21 01:48:03 +0000"
    },
    "done": true
  },
  "minecraft:recipes/building_blocks/cherry_slab": {
    "criteria": {
      "has_the_recipe": "2024-09-21 01:58:44 +0000",
      "has_planks": "2024-09-21 01:48:03 +0000"
    },
    "done": true
  },
  "minecraft:recipes/building_blocks/cherry_stairs": {
    "criteria": {
      "has_planks": "2024-09-21 01:48:03 +0000"
    },
    "done": false
  },
  "minecraft:recipes/redstone/cherry_trapdoor": {
    "criteria": {
      "has_planks": "2024-09-21 01:48:03 +0000"
    },
    "done": false
  },
  "minecraft:recipes/redstone/cherry_button": {
    "criteria": {
      "has_planks": "2024-09-21 01:48:03 +0000"
    },
    "done": false
  },
  "minecraft:recipes/redstone/cherry_fence_gate": {
    "criteria": {
      "has_planks": "2024-09-21 01:48:03 +0000"
    },
    "done": false
  },
  "buildersdelight:recipes/misc/cherry_stairs_2": {
    "criteria": {
      "has_planks": "2024-09-21 01:48:03 +0000"
    },
    "done": false
  },
  "buildersdelight:recipes/misc/cherry_stairs_1": {
    "criteria": {
      "has_planks": "2024-09-21 01:48:03 +0000"
    },
    "done": false
  },
  "buildersdelight:recipes/misc/cherry_stairs_4": {
    "criteria": {
      "has_planks": "2024-09-21 01:48:03 +0000"
    },
    "done": false
  },
  "buildersdelight:recipes/misc/cherry_stairs_3": {
    "criteria": {
      "has_planks": "2024-09-21 01:48:03 +0000"
    },
    "done": false
  },
  "buildersdelight:recipes/misc/cherry_stairs_6": {
    "criteria": {
      "has_planks": "2024-09-21 01:48:03 +0000"
    },
    "done": false
  },
  "buildersdelight:recipes/misc/cherry_stairs_5": {
    "criteria": {
      "has_planks": "2024-09-21 01:48:03 +0000"
    },
    "done": false
  },
  "buildersdelight:recipes/misc/cherry_stairs_7": {
    "criteria": {
      "has_planks": "2024-09-21 01:48:03 +0000"
    },
    "done": false
  },
  "create:recipes/misc/crafting/appliances/crafting_blueprint": {
    "criteria": {
      "has_item": "2024-09-21 01:48:08 +0000"
    },
    "done": false
  },
  "travelersbackpack:recipes/misc/crafting_upgrade": {
    "criteria": {
      "has_crafting_table": "2024-09-21 01:48:08 +0000"
    },
    "done": false
  },
  "aquamirae:adventure/root": {
    "criteria": {
      "crafting_table": "2024-09-21 01:48:08 +0000"
    },
    "done": true
  },
  "minecraft:story/root": {
    "criteria": {
      "crafting_table": "2024-09-21 01:48:08 +0000"
    },
    "done": true
  },
  "travelersbackpack:recipes/misc/standard": {
    "criteria": {
      "has_chest": "2024-09-21 01:50:53 +0000"
    },
    "done": false
  },
  "travelersbackpack:recipes/misc/blank_upgrade": {
    "criteria": {
      "has_chest": "2024-09-21 01:50:53 +0000"
    },
    "done": false
  },
  "minecraft:recipes/building_blocks/light_blue_stained_glass": {
    "criteria": {
      "has_glass": "2024-09-21 01:59:17 +0000"
    },
    "done": false
  },
  "buildersdelight:recipes/misc/warped_glass_8": {
    "criteria": {
      "has_glass_colorless": "2024-09-21 01:59:17 +0000",
      "has_glass": "2024-09-21 01:59:17 +0000"
    },
    "done": false
  },
  "buildersdelight:recipes/misc/warped_glass_7": {
    "criteria": {
      "has_glass_colorless": "2024-09-21 01:59:17 +0000",
      "has_glass": "2024-09-21 01:59:17 +0000"
    },
    "done": false
  },
  "buildersdelight:recipes/misc/warped_glass_6": {
    "criteria": {
      "has_glass_colorless": "2024-09-21 01:59:17 +0000",
      "has_glass": "2024-09-21 01:59:17 +0000"
    },
    "done": false
  },
  "buildersdelight:recipes/misc/warped_glass_5": {
    "criteria": {
      "has_glass_colorless": "2024-09-21 01:59:17 +0000",
      "has_glass": "2024-09-21 01:59:17 +0000"
    },
    "done": false
  },
  "buildersdelight:recipes/misc/warped_glass_4": {
    "criteria": {
      "has_glass_colorless": "2024-09-21 01:59:17 +0000",
      "has_glass": "2024-09-21 01:59:17 +0000"
    },
    "done": false
  },
  "buildersdelight:recipes/misc/warped_glass_3": {
    "criteria": {
      "has_glass_colorless": "2024-09-21 01:59:17 +0000",
      "has_glass": "2024-09-21 01:59:17 +0000"
    },
    "done": false
  },
  "buildersdelight:recipes/misc/warped_glass_2": {
    "criteria": {
      "has_glass_colorless": "2024-09-21 01:59:17 +0000",
      "has_glass": "2024-09-21 01:59:17 +0000"
    },
    "done": false
  },
  "buildersdelight:recipes/misc/warped_glass_1": {
    "criteria": {
      "has_glass_colorless": "2024-09-21 01:59:17 +0000",
      "has_glass": "2024-09-21 01:59:17 +0000"
    },
    "done": false
  },
  "buildersdelight:recipes/misc/spruce_glass_3": {
    "criteria": {
      "has_glass_colorless": "2024-09-21 01:59:17 +0000",
      "has_glass": "2024-09-21 01:59:17 +0000"
    },
    "done": false
  },
  "minecraft:recipes/building_blocks/red_concrete_powder": {
    "criteria": {
      "has_sand": "2024-09-21 01:55:29 +0000"
    },
    "done": false
  },
  "buildersdelight:recipes/misc/spruce_glass_2": {
    "criteria": {
      "has_glass_colorless": "2024-09-21 01:59:17 +0000",
      "has_glass": "2024-09-21 01:59:17 +0000"
    },
    "done": false
  },
  "buildersdelight:recipes/misc/spruce_glass_1": {
    "criteria": {
      "has_glass_colorless": "2024-09-21 01:59:17 +0000",
      "has_glass": "2024-09-21 01:59:17 +0000"
    },
    "done": false
  },
  "aether:recipes/decorations/skyroot_barrel": {
    "criteria": {
      "has_slabs": "2024-09-21 01:54:10 +0000"
    },
    "done": false
  },
  "buildersdelight:recipes/misc/spruce_glass_8": {
    "criteria": {
      "has_glass_colorless": "2024-09-21 01:59:17 +0000",
      "has_glass": "2024-09-21 01:59:17 +0000"
    },
    "done": false
  },
  "buildersdelight:recipes/misc/spruce_glass_7": {
    "criteria": {
      "has_glass_colorless": "2024-09-21 01:59:17 +0000",
      "has_glass": "2024-09-21 01:59:17 +0000"
    },
    "done": false
  },
  "buildersdelight:recipes/misc/spruce_glass_6": {
    "criteria": {
      "has_glass_colorless": "2024-09-21 01:59:17 +0000",
      "has_glass": "2024-09-21 01:59:17 +0000"
    },
    "done": false
  },
  "buildersdelight:recipes/misc/spruce_glass_5": {
    "criteria": {
      "has_glass_colorless": "2024-09-21 01:59:17 +0000",
      "has_glass": "2024-09-21 01:59:17 +0000"
    },
    "done": false
  },
  "buildersdelight:recipes/misc/spruce_glass_4": {
    "criteria": {
      "has_glass_colorless": "2024-09-21 01:59:17 +0000",
      "has_glass": "2024-09-21 01:59:17 +0000"
    },
    "done": false
  },
  "minecraft:story/mine_stone": {
    "criteria": {
      "get_stone": "2024-09-21 01:57:03 +0000"
    },
    "done": true
  },
  "minecraft:recipes/decorations/furnace": {
    "criteria": {
      "has_cobblestone": "2024-09-21 01:57:03 +0000",
      "has_the_recipe": "2024-09-21 01:58:17 +0000"
    },
    "done": true
  },
  "minecraft:recipes/building_blocks/green_concrete_powder": {
    "criteria": {
      "has_sand": "2024-09-21 01:55:29 +0000"
    },
    "done": false
  },
  "minecraft:recipes/building_blocks/orange_stained_glass": {
    "criteria": {
      "has_glass": "2024-09-21 01:59:17 +0000"
    },
    "done": false
  },
  "minecraft:recipes/building_blocks/blue_concrete_powder": {
    "criteria": {
      "has_sand": "2024-09-21 01:55:29 +0000"
    },
    "done": false
  },
  "minecraft:recipes/building_blocks/pink_stained_glass": {
    "criteria": {
      "has_glass": "2024-09-21 01:59:17 +0000"
    },
    "done": false
  },
  "minecraft:recipes/building_blocks/black_stained_glass": {
    "criteria": {
      "has_glass": "2024-09-21 01:59:17 +0000"
    },
    "done": false
  },
  "minecraft:recipes/building_blocks/gray_stained_glass": {
    "criteria": {
      "has_glass": "2024-09-21 01:59:17 +0000"
    },
    "done": false
  },
  "create:recipes/building_blocks/horizontal_framed_glass_from_glass_colorless_stonecutting": {
    "criteria": {
      "has_glass_colorless": "2024-09-21 01:59:17 +0000"
    },
    "done": false
  },
  "minecraft:recipes/building_blocks/cobblestone_slab_from_cobblestone_stonecutting": {
    "criteria": {
      "has_cobblestone": "2024-09-21 01:57:03 +0000"
    },
    "done": false
  },
  "buildersdelight:recipes/misc/oak_glass_7": {
    "criteria": {
      "has_glass_colorless": "2024-09-21 01:59:17 +0000",
      "has_glass": "2024-09-21 01:59:17 +0000"
    },
    "done": false
  },
  "buildersdelight:recipes/misc/oak_glass_8": {
    "criteria": {
      "has_glass_colorless": "2024-09-21 01:59:17 +0000",
      "has_glass": "2024-09-21 01:59:17 +0000"
    },
    "done": false
  },
  "buildersdelight:recipes/misc/oak_glass_1": {
    "criteria": {
      "has_glass_colorless": "2024-09-21 01:59:17 +0000",
      "has_glass": "2024-09-21 01:59:17 +0000"
    },
    "done": false
  },
  "buildersdelight:recipes/misc/oak_glass_2": {
    "criteria": {
      "has_glass_colorless": "2024-09-21 01:59:17 +0000",
      "has_glass": "2024-09-21 01:59:17 +0000"
    },
    "done": false
  },
  "buildersdelight:recipes/misc/oak_glass_3": {
    "criteria": {
      "has_glass_colorless": "2024-09-21 01:59:17 +0000",
      "has_glass": "2024-09-21 01:59:17 +0000"
    },
    "done": false
  },
  "buildersdelight:recipes/misc/oak_glass_4": {
    "criteria": {
      "has_glass_colorless": "2024-09-21 01:59:17 +0000",
      "has_glass": "2024-09-21 01:59:17 +0000"
    },
    "done": false
  },
  "buildersdelight:recipes/misc/oak_glass_5": {
    "criteria": {
      "has_glass_colorless": "2024-09-21 01:59:17 +0000",
      "has_glass": "2024-09-21 01:59:17 +0000"
    },
    "done": false
  },
  "buildersdelight:recipes/misc/oak_glass_6": {
    "criteria": {
      "has_glass_colorless": "2024-09-21 01:59:17 +0000",
      "has_glass": "2024-09-21 01:59:17 +0000"
    },
    "done": false
  },
  "minecraft:recipes/building_blocks/stone": {
    "criteria": {
      "has_cobblestone": "2024-09-21 01:57:03 +0000"
    },
    "done": false
  },
  "aether:recipes/tools/wooden_pickaxe_repairing": {
    "criteria": {
      "has_wooden_pickaxe": "2024-09-21 01:57:00 +0000"
    },
    "done": false
  },
  "buildersdelight:recipes/misc/jungle_glass_7": {
    "criteria": {
      "has_glass_colorless": "2024-09-21 01:59:17 +0000",
      "has_glass": "2024-09-21 01:59:17 +0000"
    },
    "done": false
  },
  "buildersdelight:recipes/misc/jungle_glass_8": {
    "criteria": {
      "has_glass_colorless": "2024-09-21 01:59:17 +0000",
      "has_glass": "2024-09-21 01:59:17 +0000"
    },
    "done": false
  },
  "buildersdelight:recipes/misc/jungle_glass_5": {
    "criteria": {
      "has_glass_colorless": "2024-09-21 01:59:17 +0000",
      "has_glass": "2024-09-21 01:59:17 +0000"
    },
    "done": false
  },
  "buildersdelight:recipes/misc/jungle_glass_6": {
    "criteria": {
      "has_glass_colorless": "2024-09-21 01:59:17 +0000",
      "has_glass": "2024-09-21 01:59:17 +0000"
    },
    "done": false
  },
  "buildersdelight:recipes/misc/jungle_glass_3": {
    "criteria": {
      "has_glass_colorless": "2024-09-21 01:59:17 +0000",
      "has_glass": "2024-09-21 01:59:17 +0000"
    },
    "done": false
  },
  "buildersdelight:recipes/misc/jungle_glass_4": {
    "criteria": {
      "has_glass_colorless": "2024-09-21 01:59:17 +0000",
      "has_glass": "2024-09-21 01:59:17 +0000"
    },
    "done": false
  },
  "buildersdelight:recipes/misc/jungle_glass_1": {
    "criteria": {
      "has_glass_colorless": "2024-09-21 01:59:17 +0000",
      "has_glass": "2024-09-21 01:59:17 +0000"
    },
    "done": false
  },
  "buildersdelight:recipes/misc/jungle_glass_2": {
    "criteria": {
      "has_glass_colorless": "2024-09-21 01:59:17 +0000",
      "has_glass": "2024-09-21 01:59:17 +0000"
    },
    "done": false
  },
  "minecraft:recipes/building_blocks/lime_concrete_powder": {
    "criteria": {
      "has_sand": "2024-09-21 01:55:29 +0000"
    },
    "done": false
  },
  "minecraft:recipes/building_blocks/red_stained_glass": {
    "criteria": {
      "has_glass": "2024-09-21 01:59:17 +0000"
    },
    "done": false
  },
  "minecraft:recipes/building_blocks/orange_concrete_powder": {
    "criteria": {
      "has_sand": "2024-09-21 01:55:29 +0000"
    },
    "done": false
  },
  "minecraft:recipes/tools/stone_pickaxe": {
    "criteria": {
      "has_cobblestone": "2024-09-21 01:57:03 +0000"
    },
    "done": false
  },
  "minecraft:recipes/building_blocks/light_gray_stained_glass": {
    "criteria": {
      "has_glass": "2024-09-21 01:59:17 +0000"
    },
    "done": false
  },
  "minecraft:recipes/building_blocks/magenta_concrete_powder": {
    "criteria": {
      "has_sand": "2024-09-21 01:55:29 +0000"
    },
    "done": false
  },
  "create:recipes/building_blocks/framed_glass_from_glass_colorless_stonecutting": {
    "criteria": {
      "has_glass_colorless": "2024-09-21 01:59:17 +0000"
    },
    "done": false
  },
  "minecraft:recipes/building_blocks/cyan_stained_glass": {
    "criteria": {
      "has_glass": "2024-09-21 01:59:17 +0000"
    },
    "done": false
  },
  "buildersdelight:recipes/misc/birch_glass_8": {
    "criteria": {
      "has_glass_colorless": "2024-09-21 01:59:17 +0000",
      "has_glass": "2024-09-21 01:59:17 +0000"
    },
    "done": false
  },
  "buildersdelight:recipes/misc/birch_glass_6": {
    "criteria": {
      "has_glass_colorless": "2024-09-21 01:59:17 +0000",
      "has_glass": "2024-09-21 01:59:17 +0000"
    },
    "done": false
  },
  "buildersdelight:recipes/misc/birch_glass_7": {
    "criteria": {
      "has_glass_colorless": "2024-09-21 01:59:17 +0000",
      "has_glass": "2024-09-21 01:59:17 +0000"
    },
    "done": false
  },
  "buildersdelight:recipes/misc/birch_glass_4": {
    "criteria": {
      "has_glass_colorless": "2024-09-21 01:59:17 +0000",
      "has_glass": "2024-09-21 01:59:17 +0000"
    },
    "done": false
  },
  "buildersdelight:recipes/misc/birch_glass_5": {
    "criteria": {
      "has_glass_colorless": "2024-09-21 01:59:17 +0000",
      "has_glass": "2024-09-21 01:59:17 +0000"
    },
    "done": false
  },
  "buildersdelight:recipes/misc/birch_glass_2": {
    "criteria": {
      "has_glass_colorless": "2024-09-21 01:59:17 +0000",
      "has_glass": "2024-09-21 01:59:17 +0000"
    },
    "done": false
  },
  "buildersdelight:recipes/misc/birch_glass_3": {
    "criteria": {
      "has_glass_colorless": "2024-09-21 01:59:17 +0000",
      "has_glass": "2024-09-21 01:59:17 +0000"
    },
    "done": false
  },
  "buildersdelight:recipes/misc/birch_glass_1": {
    "criteria": {
      "has_glass_colorless": "2024-09-21 01:59:17 +0000",
      "has_glass": "2024-09-21 01:59:17 +0000"
    },
    "done": false
  },
  "minecraft:recipes/building_blocks/cobblestone_slab": {
    "criteria": {
      "has_cobblestone": "2024-09-21 01:57:03 +0000"
    },
    "done": false
  },
  "mca:recipes/building_blocks/headstones": {
    "criteria": {
      "has_ingredients": "2024-09-21 01:57:03 +0000"
    },
    "done": false
  },
  "buildersdelight:recipes/misc/mangrove_glass_7": {
    "criteria": {
      "has_glass_colorless": "2024-09-21 01:59:17 +0000",
      "has_glass": "2024-09-21 01:59:17 +0000"
    },
    "done": false
  },
  "buildersdelight:recipes/misc/mangrove_glass_8": {
    "criteria": {
      "has_glass_colorless": "2024-09-21 01:59:17 +0000",
      "has_glass": "2024-09-21 01:59:17 +0000"
    },
    "done": false
  },
  "buildersdelight:recipes/misc/mangrove_glass_5": {
    "criteria": {
      "has_glass_colorless": "2024-09-21 01:59:17 +0000",
      "has_glass": "2024-09-21 01:59:17 +0000"
    },
    "done": false
  },
  "buildersdelight:recipes/misc/mangrove_glass_6": {
    "criteria": {
      "has_glass_colorless": "2024-09-21 01:59:17 +0000",
      "has_glass": "2024-09-21 01:59:17 +0000"
    },
    "done": false
  },
  "buildersdelight:recipes/misc/mangrove_glass_3": {
    "criteria": {
      "has_glass_colorless": "2024-09-21 01:59:17 +0000",
      "has_glass": "2024-09-21 01:59:17 +0000"
    },
    "done": false
  },
  "buildersdelight:recipes/misc/mangrove_glass_4": {
    "criteria": {
      "has_glass_colorless": "2024-09-21 01:59:17 +0000",
      "has_glass": "2024-09-21 01:59:17 +0000"
    },
    "done": false
  },
  "buildersdelight:recipes/misc/mangrove_glass_1": {
    "criteria": {
      "has_glass_colorless": "2024-09-21 01:59:17 +0000",
      "has_glass": "2024-09-21 01:59:17 +0000"
    },
    "done": false
  },
  "buildersdelight:recipes/misc/mangrove_glass_2": {
    "criteria": {
      "has_glass_colorless": "2024-09-21 01:59:17 +0000",
      "has_glass": "2024-09-21 01:59:17 +0000"
    },
    "done": false
  },
  "minecraft:recipes/building_blocks/black_concrete_powder": {
    "criteria": {
      "has_sand": "2024-09-21 01:55:29 +0000"
    },
    "done": false
  },
  "minecraft:recipes/decorations/cobblestone_wall_from_cobblestone_stonecutting": {
    "criteria": {
      "has_cobblestone": "2024-09-21 01:57:03 +0000"
    },
    "done": false
  },
  "buildersdelight:recipes/misc/crimson_glass_1": {
    "criteria": {
      "has_glass_colorless": "2024-09-21 01:59:17 +0000",
      "has_glass": "2024-09-21 01:59:17 +0000"
    },
    "done": false
  },
  "buildersdelight:recipes/misc/crimson_glass_2": {
    "criteria": {
      "has_glass_colorless": "2024-09-21 01:59:17 +0000",
      "has_glass": "2024-09-21 01:59:17 +0000"
    },
    "done": false
  },
  "buildersdelight:recipes/misc/crimson_glass_3": {
    "criteria": {
      "has_glass_colorless": "2024-09-21 01:59:17 +0000",
      "has_glass": "2024-09-21 01:59:17 +0000"
    },
    "done": false
  },
  "buildersdelight:recipes/misc/crimson_glass_4": {
    "criteria": {
      "has_glass_colorless": "2024-09-21 01:59:17 +0000",
      "has_glass": "2024-09-21 01:59:17 +0000"
    },
    "done": false
  },
  "buildersdelight:recipes/misc/crimson_glass_5": {
    "criteria": {
      "has_glass_colorless": "2024-09-21 01:59:17 +0000",
      "has_glass": "2024-09-21 01:59:17 +0000"
    },
    "done": false
  },
  "buildersdelight:recipes/misc/crimson_glass_6": {
    "criteria": {
      "has_glass_colorless": "2024-09-21 01:59:17 +0000",
      "has_glass": "2024-09-21 01:59:17 +0000"
    },
    "done": false
  },
  "buildersdelight:recipes/misc/crimson_glass_7": {
    "criteria": {
      "has_glass_colorless": "2024-09-21 01:59:17 +0000",
      "has_glass": "2024-09-21 01:59:17 +0000"
    },
    "done": false
  },
  "buildersdelight:recipes/misc/crimson_glass_8": {
    "criteria": {
      "has_glass_colorless": "2024-09-21 01:59:17 +0000",
      "has_glass": "2024-09-21 01:59:17 +0000"
    },
    "done": false
  },
  "buildersdelight:recipes/misc/acacia_glass_1": {
    "criteria": {
      "has_glass_colorless": "2024-09-21 01:59:17 +0000",
      "has_glass": "2024-09-21 01:59:17 +0000"
    },
    "done": false
  },
  "buildersdelight:recipes/misc/acacia_glass_7": {
    "criteria": {
      "has_glass_colorless": "2024-09-21 01:59:17 +0000",
      "has_glass": "2024-09-21 01:59:17 +0000"
    },
    "done": false
  },
  "buildersdelight:recipes/misc/acacia_glass_6": {
    "criteria": {
      "has_glass_colorless": "2024-09-21 01:59:17 +0000",
      "has_glass": "2024-09-21 01:59:17 +0000"
    },
    "done": false
  },
  "buildersdelight:recipes/misc/acacia_glass_8": {
    "criteria": {
      "has_glass_colorless": "2024-09-21 01:59:17 +0000",
      "has_glass": "2024-09-21 01:59:17 +0000"
    },
    "done": false
  },
  "buildersdelight:recipes/misc/acacia_glass_3": {
    "criteria": {
      "has_glass_colorless": "2024-09-21 01:59:17 +0000",
      "has_glass": "2024-09-21 01:59:17 +0000"
    },
    "done": false
  },
  "buildersdelight:recipes/misc/acacia_glass_2": {
    "criteria": {
      "has_glass_colorless": "2024-09-21 01:59:17 +0000",
      "has_glass": "2024-09-21 01:59:17 +0000"
    },
    "done": false
  },
  "buildersdelight:recipes/misc/acacia_glass_5": {
    "criteria": {
      "has_glass_colorless": "2024-09-21 01:59:17 +0000",
      "has_glass": "2024-09-21 01:59:17 +0000"
    },
    "done": false
  },
  "buildersdelight:recipes/misc/acacia_glass_4": {
    "criteria": {
      "has_glass_colorless": "2024-09-21 01:59:17 +0000",
      "has_glass": "2024-09-21 01:59:17 +0000"
    },
    "done": false
  },
  "minecraft:recipes/building_blocks/cobblestone_stairs": {
    "criteria": {
      "has_cobblestone": "2024-09-21 01:57:03 +0000"
    },
    "done": false
  },
  "minecraft:recipes/building_blocks/purple_concrete_powder": {
    "criteria": {
      "has_sand": "2024-09-21 01:55:29 +0000"
    },
    "done": false
  },
  "minecraft:recipes/building_blocks/cyan_concrete_powder": {
    "criteria": {
      "has_sand": "2024-09-21 01:55:29 +0000"
    },
    "done": false
  },
  "minecraft:recipes/tools/stone_shovel": {
    "criteria": {
      "has_cobblestone": "2024-09-21 01:57:03 +0000"
    },
    "done": false
  },
  "minecraft:recipes/redstone/lever": {
    "criteria": {
      "has_cobblestone": "2024-09-21 01:57:03 +0000"
    },
    "done": false
  },
  "minecraft:recipes/building_blocks/light_gray_concrete_powder": {
    "criteria": {
      "has_sand": "2024-09-21 01:55:29 +0000"
    },
    "done": false
  },
  "travelersbackpack:recipes/misc/coal": {
    "criteria": {
      "has_coal": "2024-09-21 01:54:57 +0000"
    },
    "done": false
  },
  "minecraft:recipes/building_blocks/pink_concrete_powder": {
    "criteria": {
      "has_sand": "2024-09-21 01:55:29 +0000"
    },
    "done": false
  },
  "mca:recipes/misc/family_tree": {
    "criteria": {
      "has_item": "2024-09-21 01:55:01 +0000"
    },
    "done": true
  },
  "create:recipes/building_blocks/vertical_framed_glass_from_glass_colorless_stonecutting": {
    "criteria": {
      "has_glass_colorless": "2024-09-21 01:59:17 +0000"
    },
    "done": false
  },
  "minecraft:recipes/building_blocks/green_stained_glass": {
    "criteria": {
      "has_glass": "2024-09-21 01:59:17 +0000"
    },
    "done": false
  },
  "minecraft:recipes/combat/stone_sword": {
    "criteria": {
      "has_cobblestone": "2024-09-21 01:57:03 +0000"
    },
    "done": false
  },
  "minecraft:recipes/decorations/cobblestone_wall": {
    "criteria": {
      "has_cobblestone": "2024-09-21 01:57:03 +0000"
    },
    "done": false
  },
  "minecraft:recipes/building_blocks/brown_stained_glass": {
    "criteria": {
      "has_glass": "2024-09-21 01:59:17 +0000"
    },
    "done": false
  },
  "minecraft:recipes/tools/stone_axe": {
    "criteria": {
      "has_cobblestone": "2024-09-21 01:57:03 +0000"
    },
    "done": false
  },
  "minecraft:recipes/building_blocks/brown_concrete_powder": {
    "criteria": {
      "has_sand": "2024-09-21 01:55:29 +0000"
    },
    "done": false
  },
  "minecraft:recipes/building_blocks/blue_stained_glass": {
    "criteria": {
      "has_glass": "2024-09-21 01:59:17 +0000"
    },
    "done": false
  },
  "minecraft:recipes/building_blocks/light_blue_concrete_powder": {
    "criteria": {
      "has_sand": "2024-09-21 01:55:29 +0000"
    },
    "done": false
  },
  "minecraft:recipes/building_blocks/glass": {
    "criteria": {
      "has_smelts_to_glass": "2024-09-21 01:55:29 +0000",
      "has_the_recipe": "2024-09-21 01:59:16 +0000"
    },
    "done": true
  },
  "minecraft:recipes/decorations/composter": {
    "criteria": {
      "has_wood_slab": "2024-09-21 01:54:10 +0000"
    },
    "done": false
  },
  "minecraft:recipes/decorations/smoker": {
    "criteria": {
      "has_furnace": "2024-09-21 01:58:18 +0000"
    },
    "done": false
  },
  "minecraft:recipes/building_blocks/white_concrete_powder": {
    "criteria": {
      "has_sand": "2024-09-21 01:55:29 +0000"
    },
    "done": false
  },
  "minecraft:recipes/building_blocks/lime_stained_glass": {
    "criteria": {
      "has_glass": "2024-09-21 01:59:17 +0000"
    },
    "done": false
  },
  "buildersdelight:recipes/misc/bamboo_glass_5": {
    "criteria": {
      "has_glass_colorless": "2024-09-21 01:59:17 +0000",
      "has_glass": "2024-09-21 01:59:17 +0000"
    },
    "done": false
  },
  "buildersdelight:recipes/misc/bamboo_glass_4": {
    "criteria": {
      "has_glass_colorless": "2024-09-21 01:59:17 +0000",
      "has_glass": "2024-09-21 01:59:17 +0000"
    },
    "done": false
  },
  "buildersdelight:recipes/misc/bamboo_glass_3": {
    "criteria": {
      "has_glass_colorless": "2024-09-21 01:59:17 +0000",
      "has_glass": "2024-09-21 01:59:17 +0000"
    },
    "done": false
  },
  "buildersdelight:recipes/misc/bamboo_glass_2": {
    "criteria": {
      "has_glass_colorless": "2024-09-21 01:59:17 +0000",
      "has_glass": "2024-09-21 01:59:17 +0000"
    },
    "done": false
  },
  "buildersdelight:recipes/misc/bamboo_glass_8": {
    "criteria": {
      "has_glass_colorless": "2024-09-21 01:59:17 +0000",
      "has_glass": "2024-09-21 01:59:17 +0000"
    },
    "done": false
  },
  "buildersdelight:recipes/misc/bamboo_glass_7": {
    "criteria": {
      "has_glass_colorless": "2024-09-21 01:59:17 +0000",
      "has_glass": "2024-09-21 01:59:17 +0000"
    },
    "done": false
  },
  "buildersdelight:recipes/misc/bamboo_glass_6": {
    "criteria": {
      "has_glass_colorless": "2024-09-21 01:59:17 +0000",
      "has_glass": "2024-09-21 01:59:17 +0000"
    },
    "done": false
  },
  "buildersdelight:recipes/misc/bamboo_glass_1": {
    "criteria": {
      "has_glass_colorless": "2024-09-21 01:59:17 +0000",
      "has_glass": "2024-09-21 01:59:17 +0000"
    },
    "done": false
  },
  "minecraft:recipes/decorations/glass_pane": {
    "criteria": {
      "has_glass": "2024-09-21 01:59:17 +0000"
    },
    "done": false
  },
  "minecraft:recipes/building_blocks/magenta_stained_glass": {
    "criteria": {
      "has_glass": "2024-09-21 01:59:17 +0000"
    },
    "done": false
  },
  "minecraft:recipes/building_blocks/white_stained_glass": {
    "criteria": {
      "has_glass": "2024-09-21 01:59:17 +0000"
    },
    "done": false
  },
  "minecraft:recipes/building_blocks/coal_block": {
    "criteria": {
      "has_coal": "2024-09-21 01:57:34 +0000"
    },
    "done": false
  },
  "buildersdelight:recipes/misc/cherry_glass_6": {
    "criteria": {
      "has_glass_colorless": "2024-09-21 01:59:17 +0000",
      "has_glass": "2024-09-21 01:59:17 +0000"
    },
    "done": false
  },
  "buildersdelight:recipes/misc/cherry_glass_5": {
    "criteria": {
      "has_glass_colorless": "2024-09-21 01:59:17 +0000",
      "has_glass": "2024-09-21 01:59:17 +0000"
    },
    "done": false
  },
  "buildersdelight:recipes/misc/cherry_glass_8": {
    "criteria": {
      "has_glass_colorless": "2024-09-21 01:59:17 +0000",
      "has_glass": "2024-09-21 01:59:17 +0000"
    },
    "done": false
  },
  "buildersdelight:recipes/misc/cherry_glass_7": {
    "criteria": {
      "has_glass_colorless": "2024-09-21 01:59:17 +0000",
      "has_glass": "2024-09-21 01:59:17 +0000"
    },
    "done": false
  },
  "buildersdelight:recipes/misc/cherry_glass_2": {
    "criteria": {
      "has_glass_colorless": "2024-09-21 01:59:17 +0000",
      "has_glass": "2024-09-21 01:59:17 +0000"
    },
    "done": false
  },
  "buildersdelight:recipes/misc/cherry_glass_1": {
    "criteria": {
      "has_glass_colorless": "2024-09-21 01:59:17 +0000",
      "has_glass": "2024-09-21 01:59:17 +0000"
    },
    "done": false
  },
  "buildersdelight:recipes/misc/cherry_glass_4": {
    "criteria": {
      "has_glass_colorless": "2024-09-21 01:59:17 +0000",
      "has_glass": "2024-09-21 01:59:17 +0000"
    },
    "done": false
  },
  "buildersdelight:recipes/misc/cherry_glass_3": {
    "criteria": {
      "has_glass_colorless": "2024-09-21 01:59:17 +0000",
      "has_glass": "2024-09-21 01:59:17 +0000"
    },
    "done": false
  },
  "aether:recipes/tools/wooden_axe_repairing": {
    "criteria": {
      "has_wooden_axe": "2024-09-21 01:56:58 +0000"
    },
    "done": false
  },
  "minecraft:recipes/brewing/glass_bottle": {
    "criteria": {
      "has_glass": "2024-09-21 01:59:17 +0000"
    },
    "done": false
  },
  "create:recipes/misc/crafting/kinetics/fluid_tank": {
    "criteria": {
      "has_item": "2024-09-21 01:55:03 +0000"
    },
    "done": false
  },
  "twilightforest:recipes/decorations/wood/cherry_banister": {
    "criteria": {
      "has_item": "2024-09-21 01:58:46 +0000"
    },
    "done": false
  },
  "minecraft:recipes/building_blocks/yellow_concrete_powder": {
    "criteria": {
      "has_sand": "2024-09-21 01:55:29 +0000"
    },
    "done": false
  },
  "minecraft:recipes/building_blocks/purple_stained_glass": {
    "criteria": {
      "has_glass": "2024-09-21 01:59:17 +0000"
    },
    "done": false
  },
  "minecraft:recipes/building_blocks/yellow_stained_glass": {
    "criteria": {
      "has_glass": "2024-09-21 01:59:17 +0000"
    },
    "done": false
  },
  "buildersdelight:recipes/misc/dark_oak_glass_1": {
    "criteria": {
      "has_glass_colorless": "2024-09-21 01:59:17 +0000",
      "has_glass": "2024-09-21 01:59:17 +0000"
    },
    "done": false
  },
  "buildersdelight:recipes/misc/dark_oak_glass_3": {
    "criteria": {
      "has_glass_colorless": "2024-09-21 01:59:17 +0000",
      "has_glass": "2024-09-21 01:59:17 +0000"
    },
    "done": false
  },
  "buildersdelight:recipes/misc/dark_oak_glass_2": {
    "criteria": {
      "has_glass_colorless": "2024-09-21 01:59:17 +0000",
      "has_glass": "2024-09-21 01:59:17 +0000"
    },
    "done": false
  },
  "buildersdelight:recipes/misc/dark_oak_glass_5": {
    "criteria": {
      "has_glass_colorless": "2024-09-21 01:59:17 +0000",
      "has_glass": "2024-09-21 01:59:17 +0000"
    },
    "done": false
  },
  "buildersdelight:recipes/misc/dark_oak_glass_4": {
    "criteria": {
      "has_glass_colorless": "2024-09-21 01:59:17 +0000",
      "has_glass": "2024-09-21 01:59:17 +0000"
    },
    "done": false
  },
  "minecraft:recipes/building_blocks/sandstone": {
    "criteria": {
      "has_sand": "2024-09-21 01:55:29 +0000"
    },
    "done": false
  },
  "minecraft:recipes/building_blocks/gray_concrete_powder": {
    "criteria": {
      "has_sand": "2024-09-21 01:55:29 +0000"
    },
    "done": false
  },
  "minecraft:recipes/building_blocks/cobblestone_stairs_from_cobblestone_stonecutting": {
    "criteria": {
      "has_cobblestone": "2024-09-21 01:57:03 +0000"
    },
    "done": false
  },
  "minecraft:recipes/tools/stone_hoe": {
    "criteria": {
      "has_cobblestone": "2024-09-21 01:57:03 +0000"
    },
    "done": false
  },
  "create:recipes/misc/crafting/kinetics/item_vault": {
    "criteria": {
      "has_item": "2024-09-21 01:55:03 +0000"
    },
    "done": false
  },
  "buildersdelight:recipes/misc/dark_oak_glass_7": {
    "criteria": {
      "has_glass_colorless": "2024-09-21 01:59:17 +0000",
      "has_glass": "2024-09-21 01:59:17 +0000"
    },
    "done": false
  },
  "buildersdelight:recipes/misc/dark_oak_glass_6": {
    "criteria": {
      "has_glass_colorless": "2024-09-21 01:59:17 +0000",
      "has_glass": "2024-09-21 01:59:17 +0000"
    },
    "done": false
  },
  "buildersdelight:recipes/misc/dark_oak_glass_8": {
    "criteria": {
      "has_glass_colorless": "2024-09-21 01:59:17 +0000",
      "has_glass": "2024-09-21 01:59:17 +0000"
    },
    "done": false
  },
  "create:recipes/building_blocks/tiled_glass_from_glass_colorless_stonecutting": {
    "criteria": {
      "has_glass_colorless": "2024-09-21 01:59:17 +0000"
    },
    "done": false
  },
  "DataVersion": 3465
}