{
  "takesapillage:root": {
    "criteria": {
      "always": "2024-09-19 05:16:34 +0000"
    },
    "done": true
  },
  "grim_and_bleak:grim_and_bleak": {
    "criteria": {
      "grim_and_bleak_0": "2024-09-19 05:16:34 +0000"
    },
    "done": true
  },
  "minecraft:recipes/decorations/crafting_table": {
    "criteria": {
      "unlock_right_away": "2024-09-19 05:16:34 +0000",
      "has_the_recipe": "2024-09-19 05:40:37 +0000"
    },
    "done": true
  },
  "minecraft:adventure/adventuring_time": {
    "criteria": {
      "minecraft:taiga": "2024-09-19 05:17:16 +0000",
      "minecraft:birch_forest": "2024-09-19 05:19:23 +0000",
      "minecraft:bamboo_jungle": "2024-09-19 05:20:01 +0000",
      "minecraft:savanna_plateau": "2024-09-19 05:23:49 +0000",
      "minecraft:beach": "2024-09-19 05:21:28 +0000",
      "minecraft:stony_peaks": "2024-09-19 05:22:16 +0000",
      "minecraft:sparse_jungle": "2024-09-19 05:19:39 +0000",
      "minecraft:lukewarm_ocean": "2024-09-19 05:21:33 +0000",
      "minecraft:river": "2024-09-19 05:17:51 +0000",
      "minecraft:forest": "2024-09-19 05:18:04 +0000",
      "minecraft:jungle": "2024-09-19 05:19:35 +0000",
      "minecraft:ocean": "2024-09-19 21:00:04 +0000",
      "minecraft:meadow": "2024-09-19 05:19:24 +0000",
      "minecraft:savanna": "2024-09-19 05:19:11 +0000",
      "minecraft:plains": "2024-09-19 05:16:34 +0000"
    },
    "done": false
  },
  "mca:root": {
    "criteria": {
      "village_taiga": "2024-09-19 05:17:26 +0000",
      "village_plains": "2024-09-19 05:25:33 +0000"
    },
    "done": false
  },
  "graveyard:graveyard/root": {
    "criteria": {
      "grave_03": "2024-09-19 05:25:16 +0000"
    },
    "done": false
  },
  "create:root": {
    "criteria": {
      "0": "2024-09-19 05:26:35 +0000"
    },
    "done": true
  },
  "naturalist:recipes/food/cooked_egg": {
    "criteria": {
      "has_eggs": "2024-09-19 05:26:35 +0000"
    },
    "done": false
  },
  "endofherobrine:story/root": {
    "criteria": {
      "requirement": "2024-09-19 05:26:39 +0000"
    },
    "done": true
  },
  "minecraft:adventure/sleep_in_bed": {
    "criteria": {
      "slept_in_bed": "2024-09-19 05:26:42 +0000"
    },
    "done": true
  },
  "aether:recipes/tools/wooden_axe_repairing": {
    "criteria": {
      "has_wooden_axe": "2024-09-19 05:33:21 +0000"
    },
    "done": false
  },
  "minecraft:recipes/decorations/ladder": {
    "criteria": {
      "has_stick": "2024-09-19 05:33:49 +0000",
      "has_the_recipe": "2024-09-19 20:09:59 +0000"
    },
    "done": true
  },
  "minecraft:recipes/tools/wooden_axe": {
    "criteria": {
      "has_stick": "2024-09-19 05:33:49 +0000",
      "has_the_recipe": "2024-09-19 05:41:14 +0000"
    },
    "done": true
  },
  "minecraft:recipes/decorations/campfire": {
    "criteria": {
      "has_coal": "2024-09-19 05:34:48 +0000",
      "has_stick": "2024-09-19 05:33:49 +0000"
    },
    "done": false
  },
  "minecraft:recipes/tools/wooden_hoe": {
    "criteria": {
      "has_stick": "2024-09-19 05:33:49 +0000"
    },
    "done": false
  },
  "minecraft:recipes/misc/charcoal": {
    "criteria": {
      "has_log": "2024-09-19 05:33:49 +0000"
    },
    "done": false
  },
  "minecraft:recipes/tools/wooden_shovel": {
    "criteria": {
      "has_stick": "2024-09-19 05:33:49 +0000"
    },
    "done": false
  },
  "minecraft:recipes/combat/wooden_sword": {
    "criteria": {
      "has_stick": "2024-09-19 05:33:49 +0000"
    },
    "done": false
  },
  "minecraft:recipes/building_blocks/oak_planks": {
    "criteria": {
      "has_logs": "2024-09-19 05:33:49 +0000"
    },
    "done": false
  },
  "minecraft:recipes/building_blocks/oak_wood": {
    "criteria": {
      "has_log": "2024-09-19 05:33:49 +0000"
    },
    "done": false
  },
  "mca:recipes/misc/family_tree": {
    "criteria": {
      "has_item": "2024-09-19 05:33:49 +0000"
    },
    "done": true
  },
  "immersive_armors:recipes/misc/wooden": {
    "criteria": {
      "has_item": "2024-09-19 05:33:49 +0000"
    },
    "done": true
  },
  "minecraft:recipes/tools/wooden_pickaxe": {
    "criteria": {
      "has_stick": "2024-09-19 05:33:49 +0000"
    },
    "done": false
  },
  "minecraft:recipes/food/baked_potato_from_campfire_cooking": {
    "criteria": {
      "has_potato": "2024-09-19 05:34:44 +0000"
    },
    "done": false
  },
  "minecraft:recipes/food/baked_potato": {
    "criteria": {
      "has_potato": "2024-09-19 05:34:44 +0000"
    },
    "done": false
  },
  "minecraft:recipes/food/baked_potato_from_smoking": {
    "criteria": {
      "has_potato": "2024-09-19 05:34:44 +0000"
    },
    "done": false
  },
  "minecraft:recipes/food/cooked_chicken_from_campfire_cooking": {
    "criteria": {
      "has_chicken": "2024-09-19 05:34:48 +0000"
    },
    "done": false
  },
  "minecraft:recipes/food/cooked_mutton_from_smoking": {
    "criteria": {
      "has_mutton": "2024-09-19 05:34:48 +0000"
    },
    "done": false
  },
  "minecraft:recipes/food/cooked_chicken_from_smoking": {
    "criteria": {
      "has_chicken": "2024-09-19 05:34:48 +0000"
    },
    "done": false
  },
  "travelersbackpack:recipes/misc/coal": {
    "criteria": {
      "has_coal": "2024-09-19 05:34:48 +0000"
    },
    "done": false
  },
  "minecraft:recipes/food/cooked_chicken": {
    "criteria": {
      "has_chicken": "2024-09-19 05:34:48 +0000"
    },
    "done": false
  },
  "minecraft:recipes/food/cooked_mutton": {
    "criteria": {
      "has_mutton": "2024-09-19 05:34:48 +0000"
    },
    "done": false
  },
  "minecraft:recipes/food/cooked_mutton_from_campfire_cooking": {
    "criteria": {
      "has_mutton": "2024-09-19 05:34:48 +0000"
    },
    "done": false
  },
  "aether:recipes/tools/stone_axe_repairing": {
    "criteria": {
      "has_stone_axe": "2024-09-19 05:34:57 +0000"
    },
    "done": false
  },
  "minecraft:recipes/decorations/chest": {
    "criteria": {
      "has_the_recipe": "2024-09-19 05:44:50 +0000",
      "has_lots_of_items": "2024-09-19 05:35:32 +0000"
    },
    "done": true
  },
  "minecraft:recipes/building_blocks/acacia_wood": {
    "criteria": {
      "has_log": "2024-09-19 05:35:32 +0000"
    },
    "done": false
  },
  "aether:recipes/decorations/skyroot_chest": {
    "criteria": {
      "has_lots_of_items": "2024-09-19 05:35:32 +0000"
    },
    "done": false
  },
  "minecraft:recipes/building_blocks/acacia_planks": {
    "criteria": {
      "has_log": "2024-09-19 05:35:32 +0000"
    },
    "done": false
  },
  "mutantmonsters:root": {
    "criteria": {
      "killed_something": "2024-09-19 05:36:01 +0000"
    },
    "done": false
  },
  "minecraft:adventure/root": {
    "criteria": {
      "killed_something": "2024-09-19 05:36:01 +0000"
    },
    "done": false
  },
  "endofherobrine:recipes/decorations/cursed_head": {
    "criteria": {
      "has_item": "2024-09-19 05:36:03 +0000"
    },
    "done": false
  },
  "minecraft:adventure/kill_all_mobs": {
    "criteria": {
      "minecraft:pillager": "2024-09-19 18:59:09 +0000",
      "minecraft:skeleton": "2024-09-19 21:00:50 +0000",
      "minecraft:spider": "2024-09-19 05:36:19 +0000",
      "minecraft:creeper": "2024-09-19 21:05:57 +0000",
      "minecraft:husk": "2024-09-19 20:59:00 +0000",
      "minecraft:stray": "2024-09-19 21:00:50 +0000",
      "minecraft:zombie": "2024-09-19 20:59:00 +0000"
    },
    "done": false
  },
  "minecraft:adventure/kill_a_mob": {
    "criteria": {
      "specialmobs:waterspider": "2024-09-19 21:04:08 +0000",
      "specialmobs:giantzombie": "2024-09-19 20:59:00 +0000",
      "specialmobs:minicreeper": "2024-09-19 21:06:12 +0000",
      "specialmobs:spider": "2024-09-19 05:36:19 +0000",
      "minecraft:creeper": "2024-09-19 05:36:19 +0000",
      "specialmobs:skeletoncreeper": "2024-09-19 21:05:57 +0000",
      "minecraft:pillager": "2024-09-19 18:59:09 +0000",
      "specialmobs:zombie": "2024-09-19 20:59:15 +0000",
      "specialmobs:spitfireskeleton": "2024-09-19 21:00:50 +0000"
    },
    "done": false
  },
  "minecraft:recipes/misc/stick": {
    "criteria": {
      "has_the_recipe": "2024-09-19 05:40:31 +0000",
      "has_planks": "2024-09-19 05:40:27 +0000"
    },
    "done": true
  },
  "minecraft:recipes/decorations/barrel": {
    "criteria": {
      "has_wood_slab": "2024-09-19 19:35:19 +0000",
      "has_planks": "2024-09-19 05:40:27 +0000"
    },
    "done": false
  },
  "create:recipes/misc/crafting/appliances/crafting_blueprint": {
    "criteria": {
      "has_item": "2024-09-19 05:40:37 +0000"
    },
    "done": false
  },
  "travelersbackpack:recipes/misc/crafting_upgrade": {
    "criteria": {
      "has_crafting_table": "2024-09-19 05:40:37 +0000"
    },
    "done": false
  },
  "aquamirae:adventure/root": {
    "criteria": {
      "crafting_table": "2024-09-19 05:40:37 +0000"
    },
    "done": true
  },
  "minecraft:story/root": {
    "criteria": {
      "crafting_table": "2024-09-19 05:40:37 +0000"
    },
    "done": true
  },
  "travelersbackpack:recipes/misc/standard": {
    "criteria": {
      "has_chest": "2024-09-19 05:44:51 +0000"
    },
    "done": false
  },
  "travelersbackpack:recipes/misc/blank_upgrade": {
    "criteria": {
      "has_chest": "2024-09-19 05:44:51 +0000"
    },
    "done": false
  },
  "minecraft:recipes/building_blocks/clay": {
    "criteria": {
      "has_clay_ball": "2024-09-19 17:58:57 +0000"
    },
    "done": false
  },
  "minecraft:recipes/misc/brick": {
    "criteria": {
      "has_clay_ball": "2024-09-19 17:58:57 +0000"
    },
    "done": false
  },
  "luminousworld:kill_pheonix": {
    "criteria": {
      "kill_pheonix_0": "2024-09-19 17:59:12 +0000"
    },
    "done": true
  },
  "minecraft:recipes/misc/white_dye": {
    "criteria": {
      "has_bone_meal": "2024-09-19 17:59:41 +0000"
    },
    "done": false
  },
  "create:recipes/misc/crafting/appliances/tree_fertilizer": {
    "criteria": {
      "has_item": "2024-09-19 17:59:41 +0000"
    },
    "done": false
  },
  "minecraft:recipes/building_blocks/bone_block": {
    "criteria": {
      "has_bone_meal": "2024-09-19 17:59:41 +0000"
    },
    "done": false
  },
  "minecraft:story/mine_stone": {
    "criteria": {
      "get_stone": "2024-09-19 18:39:47 +0000"
    },
    "done": true
  },
  "minecraft:recipes/decorations/furnace": {
    "criteria": {
      "has_cobblestone": "2024-09-19 18:39:47 +0000"
    },
    "done": false
  },
  "minecraft:recipes/building_blocks/cobblestone_slab_from_cobblestone_stonecutting": {
    "criteria": {
      "has_cobblestone": "2024-09-19 18:39:47 +0000"
    },
    "done": false
  },
  "minecraft:recipes/building_blocks/stone": {
    "criteria": {
      "has_cobblestone": "2024-09-19 18:39:47 +0000"
    },
    "done": false
  },
  "minecraft:recipes/tools/stone_pickaxe": {
    "criteria": {
      "has_cobblestone": "2024-09-19 18:39:47 +0000"
    },
    "done": false
  },
  "minecraft:recipes/building_blocks/cobblestone_slab": {
    "criteria": {
      "has_cobblestone": "2024-09-19 18:39:47 +0000"
    },
    "done": false
  },
  "mca:recipes/building_blocks/headstones": {
    "criteria": {
      "has_ingredients": "2024-09-19 18:39:47 +0000"
    },
    "done": false
  },
  "minecraft:recipes/decorations/cobblestone_wall_from_cobblestone_stonecutting": {
    "criteria": {
      "has_cobblestone": "2024-09-19 18:39:47 +0000"
    },
    "done": false
  },
  "minecraft:recipes/building_blocks/cobblestone_stairs": {
    "criteria": {
      "has_cobblestone": "2024-09-19 18:39:47 +0000"
    },
    "done": false
  },
  "minecraft:recipes/tools/stone_shovel": {
    "criteria": {
      "has_cobblestone": "2024-09-19 18:39:47 +0000"
    },
    "done": false
  },
  "minecraft:recipes/redstone/lever": {
    "criteria": {
      "has_cobblestone": "2024-09-19 18:39:47 +0000"
    },
    "done": false
  },
  "minecraft:recipes/combat/stone_sword": {
    "criteria": {
      "has_cobblestone": "2024-09-19 18:39:47 +0000"
    },
    "done": false
  },
  "minecraft:recipes/decorations/cobblestone_wall": {
    "criteria": {
      "has_cobblestone": "2024-09-19 18:39:47 +0000"
    },
    "done": false
  },
  "minecraft:recipes/tools/stone_axe": {
    "criteria": {
      "has_cobblestone": "2024-09-19 18:39:47 +0000"
    },
    "done": false
  },
  "minecraft:recipes/building_blocks/cobblestone_stairs_from_cobblestone_stonecutting": {
    "criteria": {
      "has_cobblestone": "2024-09-19 18:39:47 +0000"
    },
    "done": false
  },
  "minecraft:recipes/tools/stone_hoe": {
    "criteria": {
      "has_cobblestone": "2024-09-19 18:39:47 +0000"
    },
    "done": false
  },
  "aether:recipes/building_blocks/packed_ice_freezing": {
    "criteria": {
      "has_water_bucket": "2024-09-19 18:50:07 +0000"
    },
    "done": false
  },
  "minecraft:recipes/brewing/cauldron": {
    "criteria": {
      "has_water_bucket": "2024-09-19 18:50:07 +0000"
    },
    "done": false
  },
  "aether:recipes/building_blocks/blue_ice_freezing": {
    "criteria": {
      "has_water_bucket": "2024-09-19 18:50:07 +0000"
    },
    "done": false
  },
  "aether:recipes/building_blocks/ice_from_bucket_freezing": {
    "criteria": {
      "has_water_bucket": "2024-09-19 18:50:07 +0000"
    },
    "done": false
  },
  "aether:recipes/tools/iron_axe_repairing": {
    "criteria": {
      "has_iron_axe": "2024-09-19 18:59:02 +0000"
    },
    "done": false
  },
  "minecraft:recipes/misc/iron_nugget_from_smelting": {
    "criteria": {
      "has_iron_axe": "2024-09-19 18:59:02 +0000"
    },
    "done": false
  },
  "minecraft:recipes/misc/iron_nugget_from_blasting": {
    "criteria": {
      "has_iron_axe": "2024-09-19 18:59:02 +0000"
    },
    "done": false
  },
  "minecraft:adventure/voluntary_exile": {
    "criteria": {
      "voluntary_exile": "2024-09-19 18:59:17 +0000"
    },
    "done": true
  },
  "travelersbackpack:recipes/misc/cow": {
    "criteria": {
      "has_milk_bucket": "2024-09-19 19:01:30 +0000"
    },
    "done": false
  },
  "minecraft:husbandry/root": {
    "criteria": {
      "consumed_item": "2024-09-19 19:01:36 +0000"
    },
    "done": true
  },
  "aether:recipes/decorations/skyroot_barrel": {
    "criteria": {
      "has_slabs": "2024-09-19 19:35:19 +0000"
    },
    "done": false
  },
  "minecraft:recipes/decorations/composter": {
    "criteria": {
      "has_wood_slab": "2024-09-19 19:35:19 +0000"
    },
    "done": false
  },
  "buildersdelight:recipes/misc/warped_glass_8": {
    "criteria": {
      "has_glass_colorless": "2024-09-19 20:42:19 +0000",
      "has_glass": "2024-09-19 20:42:19 +0000"
    },
    "done": false
  },
  "buildersdelight:recipes/misc/warped_glass_7": {
    "criteria": {
      "has_glass_colorless": "2024-09-19 20:42:19 +0000",
      "has_glass": "2024-09-19 20:42:19 +0000"
    },
    "done": false
  },
  "buildersdelight:recipes/misc/warped_glass_6": {
    "criteria": {
      "has_glass_colorless": "2024-09-19 20:42:19 +0000",
      "has_glass": "2024-09-19 20:42:19 +0000"
    },
    "done": false
  },
  "buildersdelight:recipes/misc/warped_glass_5": {
    "criteria": {
      "has_glass_colorless": "2024-09-19 20:42:19 +0000",
      "has_glass": "2024-09-19 20:42:19 +0000"
    },
    "done": false
  },
  "buildersdelight:recipes/misc/warped_glass_4": {
    "criteria": {
      "has_glass_colorless": "2024-09-19 20:42:19 +0000",
      "has_glass": "2024-09-19 20:42:19 +0000"
    },
    "done": false
  },
  "buildersdelight:recipes/misc/warped_glass_3": {
    "criteria": {
      "has_glass_colorless": "2024-09-19 20:42:19 +0000",
      "has_glass": "2024-09-19 20:42:19 +0000"
    },
    "done": false
  },
  "buildersdelight:recipes/misc/warped_glass_2": {
    "criteria": {
      "has_glass_colorless": "2024-09-19 20:42:19 +0000",
      "has_glass": "2024-09-19 20:42:19 +0000"
    },
    "done": false
  },
  "buildersdelight:recipes/misc/warped_glass_1": {
    "criteria": {
      "has_glass_colorless": "2024-09-19 20:42:19 +0000",
      "has_glass": "2024-09-19 20:42:19 +0000"
    },
    "done": false
  },
  "buildersdelight:recipes/misc/spruce_glass_3": {
    "criteria": {
      "has_glass_colorless": "2024-09-19 20:42:19 +0000",
      "has_glass": "2024-09-19 20:42:19 +0000"
    },
    "done": false
  },
  "buildersdelight:recipes/misc/spruce_glass_2": {
    "criteria": {
      "has_glass_colorless": "2024-09-19 20:42:19 +0000",
      "has_glass": "2024-09-19 20:42:19 +0000"
    },
    "done": false
  },
  "buildersdelight:recipes/misc/spruce_glass_1": {
    "criteria": {
      "has_glass_colorless": "2024-09-19 20:42:19 +0000",
      "has_glass": "2024-09-19 20:42:19 +0000"
    },
    "done": false
  },
  "buildersdelight:recipes/misc/spruce_glass_8": {
    "criteria": {
      "has_glass_colorless": "2024-09-19 20:42:19 +0000",
      "has_glass": "2024-09-19 20:42:19 +0000"
    },
    "done": false
  },
  "buildersdelight:recipes/misc/spruce_glass_7": {
    "criteria": {
      "has_glass_colorless": "2024-09-19 20:42:19 +0000",
      "has_glass": "2024-09-19 20:42:19 +0000"
    },
    "done": false
  },
  "buildersdelight:recipes/misc/spruce_glass_6": {
    "criteria": {
      "has_glass_colorless": "2024-09-19 20:42:19 +0000",
      "has_glass": "2024-09-19 20:42:19 +0000"
    },
    "done": false
  },
  "buildersdelight:recipes/misc/spruce_glass_5": {
    "criteria": {
      "has_glass_colorless": "2024-09-19 20:42:19 +0000",
      "has_glass": "2024-09-19 20:42:19 +0000"
    },
    "done": false
  },
  "buildersdelight:recipes/misc/spruce_glass_4": {
    "criteria": {
      "has_glass_colorless": "2024-09-19 20:42:19 +0000",
      "has_glass": "2024-09-19 20:42:19 +0000"
    },
    "done": false
  },
  "create:recipes/misc/smelting/glass_from_framed_glass": {
    "criteria": {
      "has_item": "2024-09-19 20:42:19 +0000"
    },
    "done": false
  },
  "create:recipes/building_blocks/horizontal_framed_glass_from_glass_colorless_stonecutting": {
    "criteria": {
      "has_glass_colorless": "2024-09-19 20:42:19 +0000"
    },
    "done": false
  },
  "buildersdelight:recipes/misc/oak_glass_7": {
    "criteria": {
      "has_glass_colorless": "2024-09-19 20:42:19 +0000",
      "has_glass": "2024-09-19 20:42:19 +0000"
    },
    "done": false
  },
  "buildersdelight:recipes/misc/oak_glass_8": {
    "criteria": {
      "has_glass_colorless": "2024-09-19 20:42:19 +0000",
      "has_glass": "2024-09-19 20:42:19 +0000"
    },
    "done": false
  },
  "buildersdelight:recipes/misc/oak_glass_1": {
    "criteria": {
      "has_glass_colorless": "2024-09-19 20:42:19 +0000",
      "has_glass": "2024-09-19 20:42:19 +0000"
    },
    "done": false
  },
  "buildersdelight:recipes/misc/oak_glass_2": {
    "criteria": {
      "has_glass_colorless": "2024-09-19 20:42:19 +0000",
      "has_glass": "2024-09-19 20:42:19 +0000"
    },
    "done": false
  },
  "buildersdelight:recipes/misc/oak_glass_3": {
    "criteria": {
      "has_glass_colorless": "2024-09-19 20:42:19 +0000",
      "has_glass": "2024-09-19 20:42:19 +0000"
    },
    "done": false
  },
  "buildersdelight:recipes/misc/oak_glass_4": {
    "criteria": {
      "has_glass_colorless": "2024-09-19 20:42:19 +0000",
      "has_glass": "2024-09-19 20:42:19 +0000"
    },
    "done": false
  },
  "buildersdelight:recipes/misc/oak_glass_5": {
    "criteria": {
      "has_glass_colorless": "2024-09-19 20:42:19 +0000",
      "has_glass": "2024-09-19 20:42:19 +0000"
    },
    "done": false
  },
  "buildersdelight:recipes/misc/oak_glass_6": {
    "criteria": {
      "has_glass_colorless": "2024-09-19 20:42:19 +0000",
      "has_glass": "2024-09-19 20:42:19 +0000"
    },
    "done": false
  },
  "buildersdelight:recipes/misc/jungle_glass_7": {
    "criteria": {
      "has_glass_colorless": "2024-09-19 20:42:19 +0000",
      "has_glass": "2024-09-19 20:42:19 +0000"
    },
    "done": false
  },
  "buildersdelight:recipes/misc/jungle_glass_8": {
    "criteria": {
      "has_glass_colorless": "2024-09-19 20:42:19 +0000",
      "has_glass": "2024-09-19 20:42:19 +0000"
    },
    "done": false
  },
  "buildersdelight:recipes/misc/jungle_glass_5": {
    "criteria": {
      "has_glass_colorless": "2024-09-19 20:42:19 +0000",
      "has_glass": "2024-09-19 20:42:19 +0000"
    },
    "done": false
  },
  "buildersdelight:recipes/misc/jungle_glass_6": {
    "criteria": {
      "has_glass_colorless": "2024-09-19 20:42:19 +0000",
      "has_glass": "2024-09-19 20:42:19 +0000"
    },
    "done": false
  },
  "buildersdelight:recipes/misc/jungle_glass_3": {
    "criteria": {
      "has_glass_colorless": "2024-09-19 20:42:19 +0000",
      "has_glass": "2024-09-19 20:42:19 +0000"
    },
    "done": false
  },
  "buildersdelight:recipes/misc/jungle_glass_4": {
    "criteria": {
      "has_glass_colorless": "2024-09-19 20:42:19 +0000",
      "has_glass": "2024-09-19 20:42:19 +0000"
    },
    "done": false
  },
  "buildersdelight:recipes/misc/jungle_glass_1": {
    "criteria": {
      "has_glass_colorless": "2024-09-19 20:42:19 +0000",
      "has_glass": "2024-09-19 20:42:19 +0000"
    },
    "done": false
  },
  "buildersdelight:recipes/misc/jungle_glass_2": {
    "criteria": {
      "has_glass_colorless": "2024-09-19 20:42:19 +0000",
      "has_glass": "2024-09-19 20:42:19 +0000"
    },
    "done": false
  },
  "create:recipes/building_blocks/framed_glass_from_glass_colorless_stonecutting": {
    "criteria": {
      "has_glass_colorless": "2024-09-19 20:42:19 +0000"
    },
    "done": false
  },
  "buildersdelight:recipes/misc/birch_glass_8": {
    "criteria": {
      "has_glass_colorless": "2024-09-19 20:42:19 +0000",
      "has_glass": "2024-09-19 20:42:19 +0000"
    },
    "done": false
  },
  "buildersdelight:recipes/misc/birch_glass_6": {
    "criteria": {
      "has_glass_colorless": "2024-09-19 20:42:19 +0000",
      "has_glass": "2024-09-19 20:42:19 +0000"
    },
    "done": false
  },
  "buildersdelight:recipes/misc/birch_glass_7": {
    "criteria": {
      "has_glass_colorless": "2024-09-19 20:42:19 +0000",
      "has_glass": "2024-09-19 20:42:19 +0000"
    },
    "done": false
  },
  "buildersdelight:recipes/misc/birch_glass_4": {
    "criteria": {
      "has_glass_colorless": "2024-09-19 20:42:19 +0000",
      "has_glass": "2024-09-19 20:42:19 +0000"
    },
    "done": false
  },
  "buildersdelight:recipes/misc/birch_glass_5": {
    "criteria": {
      "has_glass_colorless": "2024-09-19 20:42:19 +0000",
      "has_glass": "2024-09-19 20:42:19 +0000"
    },
    "done": false
  },
  "buildersdelight:recipes/misc/birch_glass_2": {
    "criteria": {
      "has_glass_colorless": "2024-09-19 20:42:19 +0000",
      "has_glass": "2024-09-19 20:42:19 +0000"
    },
    "done": false
  },
  "buildersdelight:recipes/misc/birch_glass_3": {
    "criteria": {
      "has_glass_colorless": "2024-09-19 20:42:19 +0000",
      "has_glass": "2024-09-19 20:42:19 +0000"
    },
    "done": false
  },
  "buildersdelight:recipes/misc/birch_glass_1": {
    "criteria": {
      "has_glass_colorless": "2024-09-19 20:42:19 +0000",
      "has_glass": "2024-09-19 20:42:19 +0000"
    },
    "done": false
  },
  "buildersdelight:recipes/misc/mangrove_glass_7": {
    "criteria": {
      "has_glass_colorless": "2024-09-19 20:42:19 +0000",
      "has_glass": "2024-09-19 20:42:19 +0000"
    },
    "done": false
  },
  "buildersdelight:recipes/misc/mangrove_glass_8": {
    "criteria": {
      "has_glass_colorless": "2024-09-19 20:42:19 +0000",
      "has_glass": "2024-09-19 20:42:19 +0000"
    },
    "done": false
  },
  "buildersdelight:recipes/misc/mangrove_glass_5": {
    "criteria": {
      "has_glass_colorless": "2024-09-19 20:42:19 +0000",
      "has_glass": "2024-09-19 20:42:19 +0000"
    },
    "done": false
  },
  "buildersdelight:recipes/misc/mangrove_glass_6": {
    "criteria": {
      "has_glass_colorless": "2024-09-19 20:42:19 +0000",
      "has_glass": "2024-09-19 20:42:19 +0000"
    },
    "done": false
  },
  "buildersdelight:recipes/misc/mangrove_glass_3": {
    "criteria": {
      "has_glass_colorless": "2024-09-19 20:42:19 +0000",
      "has_glass": "2024-09-19 20:42:19 +0000"
    },
    "done": false
  },
  "buildersdelight:recipes/misc/mangrove_glass_4": {
    "criteria": {
      "has_glass_colorless": "2024-09-19 20:42:19 +0000",
      "has_glass": "2024-09-19 20:42:19 +0000"
    },
    "done": false
  },
  "buildersdelight:recipes/misc/mangrove_glass_1": {
    "criteria": {
      "has_glass_colorless": "2024-09-19 20:42:19 +0000",
      "has_glass": "2024-09-19 20:42:19 +0000"
    },
    "done": false
  },
  "buildersdelight:recipes/misc/mangrove_glass_2": {
    "criteria": {
      "has_glass_colorless": "2024-09-19 20:42:19 +0000",
      "has_glass": "2024-09-19 20:42:19 +0000"
    },
    "done": false
  },
  "buildersdelight:recipes/misc/crimson_glass_1": {
    "criteria": {
      "has_glass_colorless": "2024-09-19 20:42:19 +0000",
      "has_glass": "2024-09-19 20:42:19 +0000"
    },
    "done": false
  },
  "buildersdelight:recipes/misc/crimson_glass_2": {
    "criteria": {
      "has_glass_colorless": "2024-09-19 20:42:19 +0000",
      "has_glass": "2024-09-19 20:42:19 +0000"
    },
    "done": false
  },
  "buildersdelight:recipes/misc/crimson_glass_3": {
    "criteria": {
      "has_glass_colorless": "2024-09-19 20:42:19 +0000",
      "has_glass": "2024-09-19 20:42:19 +0000"
    },
    "done": false
  },
  "buildersdelight:recipes/misc/crimson_glass_4": {
    "criteria": {
      "has_glass_colorless": "2024-09-19 20:42:19 +0000",
      "has_glass": "2024-09-19 20:42:19 +0000"
    },
    "done": false
  },
  "buildersdelight:recipes/misc/crimson_glass_5": {
    "criteria": {
      "has_glass_colorless": "2024-09-19 20:42:19 +0000",
      "has_glass": "2024-09-19 20:42:19 +0000"
    },
    "done": false
  },
  "buildersdelight:recipes/misc/crimson_glass_6": {
    "criteria": {
      "has_glass_colorless": "2024-09-19 20:42:19 +0000",
      "has_glass": "2024-09-19 20:42:19 +0000"
    },
    "done": false
  },
  "buildersdelight:recipes/misc/crimson_glass_7": {
    "criteria": {
      "has_glass_colorless": "2024-09-19 20:42:19 +0000",
      "has_glass": "2024-09-19 20:42:19 +0000"
    },
    "done": false
  },
  "buildersdelight:recipes/misc/crimson_glass_8": {
    "criteria": {
      "has_glass_colorless": "2024-09-19 20:42:19 +0000",
      "has_glass": "2024-09-19 20:42:19 +0000"
    },
    "done": false
  },
  "buildersdelight:recipes/misc/acacia_glass_1": {
    "criteria": {
      "has_glass_colorless": "2024-09-19 20:42:19 +0000",
      "has_glass": "2024-09-19 20:42:19 +0000"
    },
    "done": false
  },
  "buildersdelight:recipes/misc/acacia_glass_7": {
    "criteria": {
      "has_glass_colorless": "2024-09-19 20:42:19 +0000",
      "has_glass": "2024-09-19 20:42:19 +0000"
    },
    "done": false
  },
  "buildersdelight:recipes/misc/acacia_glass_6": {
    "criteria": {
      "has_glass_colorless": "2024-09-19 20:42:19 +0000",
      "has_glass": "2024-09-19 20:42:19 +0000"
    },
    "done": false
  },
  "buildersdelight:recipes/misc/acacia_glass_8": {
    "criteria": {
      "has_glass_colorless": "2024-09-19 20:42:19 +0000",
      "has_glass": "2024-09-19 20:42:19 +0000"
    },
    "done": false
  },
  "buildersdelight:recipes/misc/acacia_glass_3": {
    "criteria": {
      "has_glass_colorless": "2024-09-19 20:42:19 +0000",
      "has_glass": "2024-09-19 20:42:19 +0000"
    },
    "done": false
  },
  "buildersdelight:recipes/misc/acacia_glass_2": {
    "criteria": {
      "has_glass_colorless": "2024-09-19 20:42:19 +0000",
      "has_glass": "2024-09-19 20:42:19 +0000"
    },
    "done": false
  },
  "buildersdelight:recipes/misc/acacia_glass_5": {
    "criteria": {
      "has_glass_colorless": "2024-09-19 20:42:19 +0000",
      "has_glass": "2024-09-19 20:42:19 +0000"
    },
    "done": false
  },
  "buildersdelight:recipes/misc/acacia_glass_4": {
    "criteria": {
      "has_glass_colorless": "2024-09-19 20:42:19 +0000",
      "has_glass": "2024-09-19 20:42:19 +0000"
    },
    "done": false
  },
  "create:recipes/misc/crafting/kinetics/framed_glass_door": {
    "criteria": {
      "has_item": "2024-09-19 20:42:19 +0000"
    },
    "done": false
  },
  "create:recipes/building_blocks/framed_glass_pane": {
    "criteria": {
      "has_ingredient": "2024-09-19 20:42:19 +0000"
    },
    "done": false
  },
  "create:recipes/building_blocks/vertical_framed_glass_from_glass_colorless_stonecutting": {
    "criteria": {
      "has_glass_colorless": "2024-09-19 20:42:19 +0000"
    },
    "done": false
  },
  "buildersdelight:recipes/misc/bamboo_glass_5": {
    "criteria": {
      "has_glass_colorless": "2024-09-19 20:42:19 +0000",
      "has_glass": "2024-09-19 20:42:19 +0000"
    },
    "done": false
  },
  "buildersdelight:recipes/misc/bamboo_glass_4": {
    "criteria": {
      "has_glass_colorless": "2024-09-19 20:42:19 +0000",
      "has_glass": "2024-09-19 20:42:19 +0000"
    },
    "done": false
  },
  "buildersdelight:recipes/misc/bamboo_glass_3": {
    "criteria": {
      "has_glass_colorless": "2024-09-19 20:42:19 +0000",
      "has_glass": "2024-09-19 20:42:19 +0000"
    },
    "done": false
  },
  "buildersdelight:recipes/misc/bamboo_glass_2": {
    "criteria": {
      "has_glass_colorless": "2024-09-19 20:42:19 +0000",
      "has_glass": "2024-09-19 20:42:19 +0000"
    },
    "done": false
  },
  "buildersdelight:recipes/misc/bamboo_glass_8": {
    "criteria": {
      "has_glass_colorless": "2024-09-19 20:42:19 +0000",
      "has_glass": "2024-09-19 20:42:19 +0000"
    },
    "done": false
  },
  "buildersdelight:recipes/misc/bamboo_glass_7": {
    "criteria": {
      "has_glass_colorless": "2024-09-19 20:42:19 +0000",
      "has_glass": "2024-09-19 20:42:19 +0000"
    },
    "done": false
  },
  "buildersdelight:recipes/misc/bamboo_glass_6": {
    "criteria": {
      "has_glass_colorless": "2024-09-19 20:42:19 +0000",
      "has_glass": "2024-09-19 20:42:19 +0000"
    },
    "done": false
  },
  "buildersdelight:recipes/misc/bamboo_glass_1": {
    "criteria": {
      "has_glass_colorless": "2024-09-19 20:42:19 +0000",
      "has_glass": "2024-09-19 20:42:19 +0000"
    },
    "done": false
  },
  "buildersdelight:recipes/misc/cherry_glass_6": {
    "criteria": {
      "has_glass_colorless": "2024-09-19 20:42:19 +0000",
      "has_glass": "2024-09-19 20:42:19 +0000"
    },
    "done": false
  },
  "buildersdelight:recipes/misc/cherry_glass_5": {
    "criteria": {
      "has_glass_colorless": "2024-09-19 20:42:19 +0000",
      "has_glass": "2024-09-19 20:42:19 +0000"
    },
    "done": false
  },
  "buildersdelight:recipes/misc/cherry_glass_8": {
    "criteria": {
      "has_glass_colorless": "2024-09-19 20:42:19 +0000",
      "has_glass": "2024-09-19 20:42:19 +0000"
    },
    "done": false
  },
  "buildersdelight:recipes/misc/cherry_glass_7": {
    "criteria": {
      "has_glass_colorless": "2024-09-19 20:42:19 +0000",
      "has_glass": "2024-09-19 20:42:19 +0000"
    },
    "done": false
  },
  "buildersdelight:recipes/misc/cherry_glass_2": {
    "criteria": {
      "has_glass_colorless": "2024-09-19 20:42:19 +0000",
      "has_glass": "2024-09-19 20:42:19 +0000"
    },
    "done": false
  },
  "buildersdelight:recipes/misc/cherry_glass_1": {
    "criteria": {
      "has_glass_colorless": "2024-09-19 20:42:19 +0000",
      "has_glass": "2024-09-19 20:42:19 +0000"
    },
    "done": false
  },
  "buildersdelight:recipes/misc/cherry_glass_4": {
    "criteria": {
      "has_glass_colorless": "2024-09-19 20:42:19 +0000",
      "has_glass": "2024-09-19 20:42:19 +0000"
    },
    "done": false
  },
  "buildersdelight:recipes/misc/cherry_glass_3": {
    "criteria": {
      "has_glass_colorless": "2024-09-19 20:42:19 +0000",
      "has_glass": "2024-09-19 20:42:19 +0000"
    },
    "done": false
  },
  "create:recipes/misc/crafting/kinetics/framed_glass_trapdoor": {
    "criteria": {
      "has_item": "2024-09-19 20:42:19 +0000"
    },
    "done": false
  },
  "buildersdelight:recipes/misc/dark_oak_glass_1": {
    "criteria": {
      "has_glass_colorless": "2024-09-19 20:42:19 +0000",
      "has_glass": "2024-09-19 20:42:19 +0000"
    },
    "done": false
  },
  "buildersdelight:recipes/misc/dark_oak_glass_3": {
    "criteria": {
      "has_glass_colorless": "2024-09-19 20:42:19 +0000",
      "has_glass": "2024-09-19 20:42:19 +0000"
    },
    "done": false
  },
  "buildersdelight:recipes/misc/dark_oak_glass_2": {
    "criteria": {
      "has_glass_colorless": "2024-09-19 20:42:19 +0000",
      "has_glass": "2024-09-19 20:42:19 +0000"
    },
    "done": false
  },
  "buildersdelight:recipes/misc/dark_oak_glass_5": {
    "criteria": {
      "has_glass_colorless": "2024-09-19 20:42:19 +0000",
      "has_glass": "2024-09-19 20:42:19 +0000"
    },
    "done": false
  },
  "buildersdelight:recipes/misc/dark_oak_glass_4": {
    "criteria": {
      "has_glass_colorless": "2024-09-19 20:42:19 +0000",
      "has_glass": "2024-09-19 20:42:19 +0000"
    },
    "done": false
  },
  "buildersdelight:recipes/misc/dark_oak_glass_7": {
    "criteria": {
      "has_glass_colorless": "2024-09-19 20:42:19 +0000",
      "has_glass": "2024-09-19 20:42:19 +0000"
    },
    "done": false
  },
  "buildersdelight:recipes/misc/dark_oak_glass_6": {
    "criteria": {
      "has_glass_colorless": "2024-09-19 20:42:19 +0000",
      "has_glass": "2024-09-19 20:42:19 +0000"
    },
    "done": false
  },
  "buildersdelight:recipes/misc/dark_oak_glass_8": {
    "criteria": {
      "has_glass_colorless": "2024-09-19 20:42:19 +0000",
      "has_glass": "2024-09-19 20:42:19 +0000"
    },
    "done": false
  },
  "create:recipes/building_blocks/tiled_glass_from_glass_colorless_stonecutting": {
    "criteria": {
      "has_glass_colorless": "2024-09-19 20:42:19 +0000"
    },
    "done": false
  },
  "minecraft:recipes/decorations/smoker": {
    "criteria": {
      "has_furnace": "2024-09-19 20:52:56 +0000"
    },
    "done": false
  },
  "minecraft:recipes/building_blocks/coal_block": {
    "criteria": {
      "has_coal": "2024-09-19 20:53:14 +0000"
    },
    "done": false
  },
  "minecraft:recipes/building_blocks/red_concrete_powder": {
    "criteria": {
      "has_sand": "2024-09-19 20:53:20 +0000"
    },
    "done": false
  },
  "minecraft:recipes/building_blocks/green_concrete_powder": {
    "criteria": {
      "has_sand": "2024-09-19 20:53:20 +0000"
    },
    "done": false
  },
  "minecraft:recipes/building_blocks/blue_concrete_powder": {
    "criteria": {
      "has_sand": "2024-09-19 20:53:20 +0000"
    },
    "done": false
  },
  "minecraft:recipes/building_blocks/lime_concrete_powder": {
    "criteria": {
      "has_sand": "2024-09-19 20:53:20 +0000"
    },
    "done": false
  },
  "minecraft:recipes/building_blocks/orange_concrete_powder": {
    "criteria": {
      "has_sand": "2024-09-19 20:53:20 +0000"
    },
    "done": false
  },
  "minecraft:recipes/building_blocks/magenta_concrete_powder": {
    "criteria": {
      "has_sand": "2024-09-19 20:53:20 +0000"
    },
    "done": false
  },
  "minecraft:recipes/building_blocks/black_concrete_powder": {
    "criteria": {
      "has_sand": "2024-09-19 20:53:20 +0000"
    },
    "done": false
  },
  "minecraft:recipes/building_blocks/purple_concrete_powder": {
    "criteria": {
      "has_sand": "2024-09-19 20:53:20 +0000"
    },
    "done": false
  },
  "minecraft:recipes/building_blocks/cyan_concrete_powder": {
    "criteria": {
      "has_sand": "2024-09-19 20:53:20 +0000"
    },
    "done": false
  },
  "minecraft:recipes/building_blocks/light_gray_concrete_powder": {
    "criteria": {
      "has_sand": "2024-09-19 20:53:20 +0000"
    },
    "done": false
  },
  "minecraft:recipes/building_blocks/pink_concrete_powder": {
    "criteria": {
      "has_sand": "2024-09-19 20:53:20 +0000"
    },
    "done": false
  },
  "minecraft:recipes/building_blocks/brown_concrete_powder": {
    "criteria": {
      "has_sand": "2024-09-19 20:53:20 +0000"
    },
    "done": false
  },
  "minecraft:recipes/building_blocks/light_blue_concrete_powder": {
    "criteria": {
      "has_sand": "2024-09-19 20:53:20 +0000"
    },
    "done": false
  },
  "minecraft:recipes/building_blocks/glass": {
    "criteria": {
      "has_smelts_to_glass": "2024-09-19 20:53:20 +0000"
    },
    "done": false
  },
  "minecraft:recipes/building_blocks/white_concrete_powder": {
    "criteria": {
      "has_sand": "2024-09-19 20:53:20 +0000"
    },
    "done": false
  },
  "minecraft:recipes/building_blocks/yellow_concrete_powder": {
    "criteria": {
      "has_sand": "2024-09-19 20:53:20 +0000"
    },
    "done": false
  },
  "minecraft:recipes/building_blocks/sandstone": {
    "criteria": {
      "has_sand": "2024-09-19 20:53:20 +0000"
    },
    "done": false
  },
  "minecraft:recipes/building_blocks/gray_concrete_powder": {
    "criteria": {
      "has_sand": "2024-09-19 20:53:20 +0000"
    },
    "done": false
  },
  "deeperdarker:recipes/transportation/echo_boat": {
    "criteria": {
      "in_water": "2024-09-19 21:00:07 +0000"
    },
    "done": false
  },
  "aether:recipes/transportation/skyroot_boat": {
    "criteria": {
      "in_water": "2024-09-19 21:00:07 +0000"
    },
    "done": false
  },
  "deeperdarker:recipes/transportation/bloom_boat": {
    "criteria": {
      "in_water": "2024-09-19 21:00:07 +0000"
    },
    "done": false
  },
  "minecraft:recipes/transportation/cherry_boat": {
    "criteria": {
      "in_water": "2024-09-19 21:00:07 +0000"
    },
    "done": false
  },
  "minecraft:recipes/transportation/bamboo_raft": {
    "criteria": {
      "in_water": "2024-09-19 21:00:07 +0000"
    },
    "done": false
  },
  "minecraft:recipes/transportation/acacia_boat": {
    "criteria": {
      "in_water": "2024-09-19 21:00:07 +0000"
    },
    "done": false
  },
  "minecraft:recipes/transportation/jungle_boat": {
    "criteria": {
      "in_water": "2024-09-19 21:00:07 +0000"
    },
    "done": false
  },
  "twilightforest:recipes/transportation/twilight_oak_boat": {
    "criteria": {
      "in_water": "2024-09-19 21:00:07 +0000"
    },
    "done": false
  },
  "twilightforest:recipes/transportation/time_boat": {
    "criteria": {
      "in_water": "2024-09-19 21:00:07 +0000"
    },
    "done": false
  },
  "twilightforest:recipes/transportation/mining_boat": {
    "criteria": {
      "in_water": "2024-09-19 21:00:07 +0000"
    },
    "done": false
  },
  "twilightforest:recipes/transportation/mangrove_boat": {
    "criteria": {
      "in_water": "2024-09-19 21:00:07 +0000"
    },
    "done": false
  },
  "twilightforest:recipes/transportation/transformation_boat": {
    "criteria": {
      "in_water": "2024-09-19 21:00:07 +0000"
    },
    "done": false
  },
  "minecraft:recipes/transportation/spruce_boat": {
    "criteria": {
      "in_water": "2024-09-19 21:00:07 +0000"
    },
    "done": false
  },
  "minecraft:recipes/transportation/birch_boat": {
    "criteria": {
      "in_water": "2024-09-19 21:00:07 +0000"
    },
    "done": false
  },
  "minecraft:recipes/transportation/oak_boat": {
    "criteria": {
      "in_water": "2024-09-19 21:00:07 +0000"
    },
    "done": false
  },
  "minecraft:recipes/transportation/mangrove_boat": {
    "criteria": {
      "in_water": "2024-09-19 21:00:07 +0000"
    },
    "done": false
  },
  "twilightforest:recipes/transportation/canopy_boat": {
    "criteria": {
      "in_water": "2024-09-19 21:00:07 +0000"
    },
    "done": false
  },
  "twilightforest:recipes/transportation/dark_boat": {
    "criteria": {
      "in_water": "2024-09-19 21:00:07 +0000"
    },
    "done": false
  },
  "twilightforest:recipes/transportation/sorting_boat": {
    "criteria": {
      "in_water": "2024-09-19 21:00:07 +0000"
    },
    "done": false
  },
  "minecraft:recipes/transportation/dark_oak_boat": {
    "criteria": {
      "in_water": "2024-09-19 21:00:07 +0000"
    },
    "done": false
  },
  "minecraft:recipes/food/cooked_cod_from_smoking": {
    "criteria": {
      "has_cod": "2024-09-19 21:00:15 +0000"
    },
    "done": false
  },
  "travelersbackpack:recipes/misc/ocelot": {
    "criteria": {
      "has_cod": "2024-09-19 21:00:15 +0000"
    },
    "done": false
  },
  "minecraft:recipes/food/cooked_cod_from_campfire_cooking": {
    "criteria": {
      "has_cod": "2024-09-19 21:00:15 +0000"
    },
    "done": false
  },
  "minecraft:recipes/food/cooked_cod": {
    "criteria": {
      "has_cod": "2024-09-19 21:00:15 +0000"
    },
    "done": false
  },
  "travelersbackpack:recipes/misc/creeper": {
    "criteria": {
      "has_gunpowder": "2024-09-19 21:06:13 +0000"
    },
    "done": false
  },
  "minecraft:recipes/misc/firework_rocket_simple": {
    "criteria": {
      "has_gunpowder": "2024-09-19 21:06:13 +0000"
    },
    "done": false
  },
  "minecraft:recipes/redstone/tnt": {
    "criteria": {
      "has_gunpowder": "2024-09-19 21:06:13 +0000"
    },
    "done": false
  },
  "minecraft:recipes/food/bread": {
    "criteria": {
      "has_wheat": "2024-09-19 21:11:32 +0000"
    },
    "done": false
  },
  "minecraft:recipes/building_blocks/hay_block": {
    "criteria": {
      "has_wheat": "2024-09-19 21:11:32 +0000"
    },
    "done": false
  },
  "travelersbackpack:recipes/misc/hay": {
    "criteria": {
      "has_wheat": "2024-09-19 21:11:32 +0000"
    },
    "done": false
  },
  "minecraft:husbandry/breed_an_animal": {
    "criteria": {
      "bred": "2024-09-19 21:11:41 +0000"
    },
    "done": true
  },
  "minecraft:husbandry/bred_all_animals": {
    "criteria": {
      "minecraft:pig": "2024-09-19 21:11:41 +0000",
      "minecraft:sheep": "2024-09-19 21:11:52 +0000",
      "minecraft:cow": "2024-09-19 21:11:50 +0000",
      "minecraft:chicken": "2024-09-19 21:11:47 +0000"
    },
    "done": false
  },
  "aether:recipes/decorations/skyroot_loom": {
    "criteria": {
      "has_string": "2024-09-19 21:14:21 +0000"
    },
    "done": false
  },
  "minecraft:recipes/redstone/tripwire_hook": {
    "criteria": {
      "has_string": "2024-09-19 21:14:21 +0000"
    },
    "done": false
  },
  "minecraft:recipes/decorations/candle": {
    "criteria": {
      "has_string": "2024-09-19 21:14:21 +0000"
    },
    "done": false
  },
  "aether:recipes/redstone/skyroot_tripwire_hook": {
    "criteria": {
      "has_string": "2024-09-19 21:14:21 +0000"
    },
    "done": false
  },
  "minecraft:recipes/combat/crossbow": {
    "criteria": {
      "has_string": "2024-09-19 21:14:21 +0000"
    },
    "done": false
  },
  "minecraft:recipes/combat/bow": {
    "criteria": {
      "has_string": "2024-09-19 21:14:21 +0000"
    },
    "done": false
  },
  "minecraft:recipes/tools/fishing_rod": {
    "criteria": {
      "has_string": "2024-09-19 21:14:21 +0000"
    },
    "done": false
  },
  "travelersbackpack:recipes/misc/spider": {
    "criteria": {
      "has_string": "2024-09-19 21:14:21 +0000"
    },
    "done": false
  },
  "mca:recipes/misc/needle_and_thread": {
    "criteria": {
      "has_item": "2024-09-19 21:14:21 +0000"
    },
    "done": true
  },
  "minecraft:recipes/building_blocks/white_wool_from_string": {
    "criteria": {
      "has_string": "2024-09-19 21:14:21 +0000"
    },
    "done": false
  },
  "minecraft:recipes/decorations/loom": {
    "criteria": {
      "has_string": "2024-09-19 21:14:21 +0000"
    },
    "done": false
  },
  "minecraft:recipes/redstone/slime_block": {
    "criteria": {
      "has_slime_ball": "2024-09-19 21:14:25 +0000"
    },
    "done": false
  },
  "immersive_armors:recipes/misc/slime": {
    "criteria": {
      "has_item": "2024-09-19 21:14:25 +0000"
    },
    "done": true
  },
  "minecraft:recipes/tools/lead": {
    "criteria": {
      "has_slime_ball": "2024-09-19 21:14:25 +0000",
      "has_the_recipe": "2024-09-19 21:15:37 +0000"
    },
    "done": true
  },
  "minecraft:recipes/redstone/sticky_piston": {
    "criteria": {
      "has_slime_ball": "2024-09-19 21:14:25 +0000"
    },
    "done": false
  },
  "travelersbackpack:recipes/misc/cake": {
    "criteria": {
      "has_egg": "2024-09-19 21:18:09 +0000"
    },
    "done": false
  },
  "minecraft:recipes/food/cake": {
    "criteria": {
      "has_egg": "2024-09-19 21:18:09 +0000"
    },
    "done": false
  },
  "aether:recipes/food/skyroot_milk_bucket_cake": {
    "criteria": {
      "has_egg": "2024-09-19 21:18:09 +0000"
    },
    "done": false
  },
  "mca:recipes/misc/potions": {
    "criteria": {
      "has_item": "2024-09-19 21:18:09 +0000"
    },
    "done": true
  },
  "aether:recipes/tools/stone_hoe_repairing": {
    "criteria": {
      "has_stone_hoe": "2024-09-19 21:18:56 +0000"
    },
    "done": false
  },
  "minecraft:recipes/misc/bone_meal": {
    "criteria": {
      "has_bone": "2024-09-19 21:20:34 +0000"
    },
    "done": false
  },
  "travelersbackpack:recipes/misc/wolf": {
    "criteria": {
      "has_bone": "2024-09-19 21:20:34 +0000"
    },
    "done": false
  },
  "immersive_armors:recipes/misc/bone": {
    "criteria": {
      "has_item": "2024-09-19 21:20:34 +0000"
    },
    "done": true
  },
  "travelersbackpack:recipes/misc/sponge": {
    "criteria": {
      "has_sponge": "2024-09-19 21:27:09 +0000"
    },
    "done": false
  },
  "aether:recipes/tools/netherite_shovel_repairing": {
    "criteria": {
      "has_netherite_shovel": "2024-09-19 21:32:30 +0000"
    },
    "done": false
  },
  "aether:recipes/tools/netherite_pickaxe_repairing": {
    "criteria": {
      "has_netherite_pickaxe": "2024-09-19 21:32:31 +0000"
    },
    "done": false
  },
  "aether:recipes/tools/netherite_axe_repairing": {
    "criteria": {
      "has_netherite_axe": "2024-09-19 21:32:33 +0000"
    },
    "done": false
  },
  "aether:recipes/tools/stone_shovel_repairing": {
    "criteria": {
      "has_stone_shovel": "2024-09-19 21:32:42 +0000"
    },
    "done": false
  },
  "aether:recipes/tools/stone_pickaxe_repairing": {
    "criteria": {
      "has_stone_pickaxe": "2024-09-19 21:32:43 +0000"
    },
    "done": false
  },
  "minecraft:recipes/decorations/torch": {
    "criteria": {
      "has_stone_pickaxe": "2024-09-19 21:32:43 +0000"
    },
    "done": false
  },
  "minecraft:story/upgrade_tools": {
    "criteria": {
      "stone_pickaxe": "2024-09-19 21:32:43 +0000"
    },
    "done": true
  },
  "minecraft:recipes/redstone/target": {
    "criteria": {
      "has_hay_block": "2024-09-19 22:11:50 +0000"
    },
    "done": false
  },
  "minecraft:recipes/misc/wheat": {
    "criteria": {
      "has_hay_block": "2024-09-19 22:11:50 +0000"
    },
    "done": false
  },
  "minecraft:recipes/transportation/carrot_on_a_stick": {
    "criteria": {
      "has_carrot": "2024-09-19 22:13:05 +0000"
    },
    "done": false
  },
  "minecraft:recipes/food/beetroot_soup": {
    "criteria": {
      "has_beetroot": "2024-09-19 22:13:09 +0000"
    },
    "done": false
  },
  "minecraft:recipes/misc/red_dye_from_beetroot": {
    "criteria": {
      "has_beetroot": "2024-09-19 22:13:09 +0000"
    },
    "done": false
  },
  "naturalist:recipes/naturalist/bug_net": {
    "criteria": {
      "has_bamboo": "2024-09-19 22:18:09 +0000"
    },
    "done": false
  },
  "minecraft:recipes/misc/stick_from_bamboo_item": {
    "criteria": {
      "has_bamboo": "2024-09-19 22:18:09 +0000"
    },
    "done": false
  },
  "minecraft:recipes/building_blocks/bamboo_block": {
    "criteria": {
      "has_bamboo": "2024-09-19 22:18:09 +0000"
    },
    "done": false
  },
  "minecraft:recipes/decorations/scaffolding": {
    "criteria": {
      "has_bamboo": "2024-09-19 22:18:09 +0000"
    },
    "done": false
  },
  "minecraft:recipes/building_blocks/emerald_block": {
    "criteria": {
      "has_emerald": "2024-09-19 22:18:30 +0000"
    },
    "done": false
  },
  "travelersbackpack:recipes/misc/emerald": {
    "criteria": {
      "has_emerald": "2024-09-19 22:18:30 +0000"
    },
    "done": false
  },
  "minecraft:recipes/misc/red_dye_from_poppy": {
    "criteria": {
      "has_poppy": "2024-09-19 22:18:37 +0000"
    },
    "done": false
  },
  "travelersbackpack:recipes/misc/chicken": {
    "criteria": {
      "has_feather": "2024-09-19 22:18:37 +0000"
    },
    "done": false
  },
  "mca:recipes/misc/bouquet": {
    "criteria": {
      "has_item": "2024-09-19 22:18:37 +0000"
    },
    "done": true
  },
  "minecraft:recipes/combat/arrow": {
    "criteria": {
      "has_feather": "2024-09-19 22:18:37 +0000"
    },
    "done": false
  },
  "aether:recipes/combat/golden_dart": {
    "criteria": {
      "has_feather": "2024-09-19 22:18:37 +0000"
    },
    "done": false
  },
  "minecraft:husbandry/balanced_diet": {
    "criteria": {
      "bread": "2024-09-19 22:19:04 +0000"
    },
    "done": false
  },
  "minecraft:recipes/food/cooked_rabbit": {
    "criteria": {
      "has_rabbit": "2024-09-19 22:19:29 +0000"
    },
    "done": false
  },
  "minecraft:recipes/food/cooked_rabbit_from_campfire_cooking": {
    "criteria": {
      "has_rabbit": "2024-09-19 22:19:29 +0000"
    },
    "done": false
  },
  "minecraft:recipes/food/cooked_beef_from_smoking": {
    "criteria": {
      "has_beef": "2024-09-19 22:19:29 +0000"
    },
    "done": false
  },
  "minecraft:recipes/food/cooked_beef": {
    "criteria": {
      "has_beef": "2024-09-19 22:19:29 +0000"
    },
    "done": false
  },
  "minecraft:recipes/food/cooked_rabbit_from_smoking": {
    "criteria": {
      "has_rabbit": "2024-09-19 22:19:29 +0000"
    },
    "done": false
  },
  "minecraft:recipes/food/cooked_beef_from_campfire_cooking": {
    "criteria": {
      "has_beef": "2024-09-19 22:19:29 +0000"
    },
    "done": false
  },
  "DataVersion": 3465
}